show_id,country_id
s1,1
s2,2
s3,3
s4,3
s5,4
s6,3
s7,3
s8,1
s8,5
s8,6
s8,7
s8,8
s8,9
s9,7
s10,1
s11,3
s12,3
s13,8
s13,10
s14,3
s15,3
s16,1
s17,3
s18,11
s19,3
s20,3
s21,3
s22,12
s23,3
s24,3
s25,4
s26,13
s27,3
s28,1
s29,1
s30,1
s30,4
s30,14
s31,3
s32,3
s33,7
s34,3
s35,3
s36,3
s37,3
s38,15
s39,16
s39,17
s39,1
s40,4
s41,1
s42,1
s43,1
s44,1
s45,1
s46,3
s47,2
s47,1
s47,18
s48,3
s49,1
s50,19
s51,4
s52,18
s53,18
s54,18
s55,18
s56,1
s57,18
s58,18
s59,18
s60,18
s61,18
s62,18
s63,18
s64,18
s65,3
s66,7
s67,4
s68,1
s69,3
s70,4
s71,3
s72,3
s73,7
s74,19
s75,3
s76,3
s77,18
s78,3
s79,3
s80,3
s81,3
s82,1
s83,1
s84,3
s85,19
s86,3
s87,3
s88,3
s89,3
s90,3
s91,20
s91,1
s92,14
s93,21
s94,3
s95,7
s95,1
s96,1
s96,7
s97,1
s98,1
s99,7
s100,14
s100,1
s101,3
s102,1
s103,3
s104,3
s105,22
s106,4
s107,1
s108,1
s109,13
s110,20
s111,3
s112,1
s112,23
s113,3
s114,3
s115,4
s116,7
s116,13
s116,14
s117,4
s118,7
s118,1
s119,4
s120,3
s121,13
s122,3
s123,7
s123,13
s123,14
s123,1
s124,3
s125,22
s126,1
s127,4
s128,1
s128,17
s129,3
s130,8
s130,1
s131,3
s132,1
s133,3
s134,2
s134,1
s135,1
s135,11
s136,1
s136,24
s136,14
s136,18
s137,1
s137,24
s137,25
s137,7
s138,13
s138,1
s139,1
s140,1
s141,26
s141,27
s142,1
s142,7
s142,17
s143,8
s143,1
s144,1
s145,1
s146,1
s147,1
s148,3
s149,3
s150,1
s151,1
s152,16
s152,28
s153,1
s154,29
s155,18
s156,7
s156,1
s157,1
s158,17
s159,1
s160,28
s161,1
s162,1
s163,1
s163,16
s163,28
s164,1
s165,1
s166,3
s167,24
s167,1
s168,1
s168,17
s169,1
s170,1
s171,1
s172,1
s173,1
s173,8
s174,1
s175,1
s176,1
s177,1
s178,7
s178,1
s179,1
s180,1
s181,3
s182,3
s183,1
s184,1
s185,1
s186,3
s187,3
s188,3
s189,14
s190,3
s191,4
s192,7
s192,17
s192,1
s193,4
s194,22
s195,3
s196,4
s197,3
s198,3
s199,19
s200,4
s201,4
s202,4
s203,4
s204,4
s205,4
s206,4
s207,4
s208,4
s209,4
s210,4
s211,4
s212,4
s213,30
s214,3
s215,3
s216,4
s217,4
s218,4
s219,3
s220,18
s221,1
s222,3
s223,3
s224,3
s225,3
s226,3
s227,3
s228,1
s229,1
s229,7
s230,1
s231,3
s232,1
s233,1
s234,7
s235,3
s236,3
s237,3
s238,3
s239,3
s240,3
s241,3
s242,1
s243,3
s244,3
s245,3
s246,3
s247,3
s248,1
s249,3
s250,3
s251,3
s252,1
s253,3
s254,4
s255,1
s256,3
s257,3
s258,3
s259,3
s260,4
s260,31
s261,3
s262,3
s263,3
s264,1
s265,1
s266,18
s267,4
s268,32
s268,13
s268,14
s268,1
s269,3
s270,24
s271,24
s271,33
s271,34
s272,1
s273,1
s274,14
s275,1
s276,26
s277,20
s278,35
s279,36
s280,1
s280,18
s281,1
s282,19
s283,11
s284,21
s284,7
s285,7
s285,1
s286,37
s286,7
s286,13
s287,1
s288,3
s289,36
s290,22
s291,1
s292,18
s293,7
s294,2
s295,3
s296,1
s297,38
s297,1
s298,4
s299,19
s300,14
s301,17
s301,1
s302,4
s303,33
s304,26
s305,7
s306,26
s306,20
s307,19
s308,1
s309,1
s310,3
s311,1
s312,11
s313,1
s314,39
s315,1
s316,1
s316,19
s317,39
s318,1
s319,3
s320,39
s321,3
s322,39
s323,39
s324,1
s325,24
s326,1
s327,1
s328,1
s328,7
s329,40
s329,1
s330,1
s330,17
s331,1
s331,17
s332,3
s333,1
s333,11
s334,1
s335,1
s336,1
s337,3
s338,1
s338,17
s339,18
s340,3
s341,1
s341,7
s342,1
s343,1
s344,1
s345,1
s346,1
s346,17
s347,1
s348,20
s348,7
s348,1
s349,7
s349,1
s350,1
s351,1
s352,1
s352,8
s353,1
s353,16
s354,1
s355,1
s356,1
s357,1
s357,14
s358,20
s358,14
s358,7
s358,1
s359,1
s360,1
s361,1
s362,1
s363,3
s364,3
s365,3
s366,14
s366,41
s367,7
s368,3
s369,3
s370,3
s371,1
s372,3
s373,3
s374,3
s375,19
s376,3
s377,3
s378,42
s379,1
s380,3
s381,1
s382,3
s383,1
s384,4
s385,3
s386,8
s387,1
s387,17
s388,3
s389,3
s390,14
s390,38
s390,8
s390,1
s390,7
s391,1
s392,17
s392,1
s393,1
s394,13
s395,3
s396,3
s397,3
s398,3
s399,3
s400,3
s401,3
s402,20
s403,7
s404,1
s405,3
s406,3
s407,3
s408,3
s409,3
s410,3
s411,4
s412,3
s413,3
s414,3
s415,3
s416,4
s417,3
s418,3
s419,3
s420,3
s421,3
s422,3
s423,3
s424,3
s425,3
s426,1
s427,32
s428,3
s429,3
s430,19
s431,3
s432,3
s433,3
s434,1
s435,26
s436,3
s437,43
s438,1
s439,3
s440,44
s441,1
s442,3
s443,1
s443,17
s444,3
s445,3
s446,1
s447,1
s448,1
s449,1
s450,1
s451,1
s452,1
s453,45
s454,18
s455,3
s456,3
s457,22
s458,46
s458,47
s458,8
s459,3
s460,1
s461,1
s461,17
s462,3
s463,1
s464,24
s465,3
s466,3
s467,3
s468,3
s469,3
s470,1
s470,17
s471,3
s472,3
s473,1
s474,1
s475,1
s475,37
s476,3
s477,3
s478,1
s479,8
s480,3
s481,3
s482,3
s483,3
s484,3
s485,3
s486,3
s487,28
s487,17
s487,1
s488,3
s489,1
s490,48
s490,1
s491,3
s492,1
s493,1
s494,1
s494,18
s495,1
s496,3
s497,14
s497,17
s497,1
s497,20
s498,3
s499,3
s500,1
s501,3
s502,3
s503,19
s504,42
s505,3
s506,3
s507,13
s508,3
s509,14
s509,49
s509,23
s510,1
s511,17
s512,1
s513,14
s513,21
s514,1
s515,7
s516,7
s517,44
s518,18
s519,4
s520,7
s521,1
s522,17
s523,29
s524,7
s525,18
s526,1
s526,17
s527,1
s528,30
s528,1
s528,7
s529,4
s530,46
s531,1
s532,50
s533,1
s534,38
s535,45
s536,17
s537,13
s538,18
s539,7
s540,13
s540,32
s541,7
s541,8
s542,4
s543,4
s544,21
s544,49
s545,17
s546,22
s547,3
s548,1
s549,1
s550,3
s551,3
s552,4
s553,3
s554,14
s555,19
s556,22
s556,10
s557,22
s558,13
s558,1
s559,1
s560,1
s560,8
s561,3
s562,1
s563,1
s564,1
s565,1
s566,13
s566,8
s567,1
s567,8
s568,1
s569,1
s570,51
s571,3
s572,3
s573,7
s573,21
s574,1
s574,16
s575,1
s575,16
s576,1
s577,7
s577,13
s577,1
s578,3
s579,14
s579,18
s579,1
s580,1
s581,3
s582,1
s583,1
s584,1
s584,7
s585,1
s586,7
s586,1
s587,3
s588,3
s589,1
s590,7
s591,3
s592,1
s593,1
s594,1
s595,1
s595,8
s596,8
s596,1
s597,1
s598,1
s599,1
s599,7
s600,1
s601,1
s602,1
s603,1
s604,1
s605,7
s605,8
s605,20
s605,1
s606,1
s607,7
s607,1
s607,14
s607,24
s608,1
s609,1
s609,8
s609,17
s610,1
s610,14
s610,24
s610,7
s611,1
s611,7
s611,8
s611,52
s612,1
s612,17
s613,1
s613,32
s614,19
s615,1
s615,32
s616,1
s617,3
s618,53
s619,1
s620,3
s621,1
s622,3
s623,1
s624,3
s625,3
s626,11
s627,3
s628,16
s629,1
s630,3
s631,1
s632,18
s633,3
s634,3
s635,14
s636,54
s637,1
s637,17
s638,3
s639,1
s640,3
s641,3
s642,3
s643,18
s644,1
s645,3
s646,3
s647,3
s648,3
s649,1
s650,3
s651,33
s652,19
s653,3
s654,3
s655,25
s656,25
s657,25
s658,1
s659,3
s660,44
s661,1
s662,14
s663,1
s664,3
s665,20
s666,15
s666,8
s667,3
s668,1
s669,1
s670,20
s671,3
s672,3
s673,3
s674,26
s675,1
s676,18
s677,1
s678,17
s678,1
s679,1
s680,44
s681,1
s682,7
s683,13
s684,3
s685,20
s686,1
s687,22
s688,3
s689,19
s690,3
s691,3
s692,3
s693,3
s694,3
s695,54
s695,55
s696,3
s697,17
s697,1
s698,3
s699,56
s700,57
s701,3
s702,17
s703,1
s704,12
s705,3
s706,8
s707,3
s708,3
s709,1
s710,26
s711,3
s712,24
s713,3
s714,1
s715,3
s716,3
s717,1
s718,3
s719,1
s720,1
s721,3
s722,1
s723,1
s724,1
s725,1
s725,7
s726,3
s727,1
s728,1
s729,1
s730,3
s731,3
s732,22
s733,3
s734,47
s735,14
s735,1
s736,4
s737,1
s737,4
s738,56
s738,23
s738,45
s739,3
s740,16
s740,1
s740,17
s741,1
s742,54
s742,58
s743,51
s744,17
s744,1
s744,47
s745,36
s746,58
s747,1
s748,19
s749,1
s750,1
s751,11
s751,14
s751,36
s752,3
s753,1
s753,7
s754,36
s755,7
s755,1
s756,49
s757,19
s758,1
s759,7
s760,3
s761,3
s762,3
s763,22
s764,1
s765,2
s766,20
s767,11
s768,18
s769,53
s770,26
s771,58
s772,3
s773,24
s774,56
s775,1
s776,1
s777,1
s778,1
s779,18
s780,1
s781,7
s782,3
s783,17
s783,1
s784,33
s785,1
s785,17
s786,1
s787,1
s788,1
s789,1
s790,7
s791,1
s792,1
s793,1
s794,1
s795,19
s796,1
s797,1
s798,1
s799,1
s800,1
s801,1
s802,1
s803,8
s803,1
s803,14
s804,18
s805,17
s805,1
s806,3
s807,3
s808,3
s809,1
s809,40
s810,1
s811,1
s812,3
s813,1
s814,1
s814,17
s815,1
s816,3
s817,7
s817,14
s817,8
s817,1
s818,1
s819,1
s820,1
s821,58
s822,7
s823,1
s824,1
s825,1
s826,1
s827,1
s828,3
s829,1
s830,3
s831,1
s832,3
s833,3
s834,38
s835,1
s836,3
s837,44
s838,59
s838,47
s839,26
s840,55
s840,14
s840,54
s840,60
s841,24
s842,3
s843,3
s844,18
s845,3
s846,3
s847,1
s848,3
s849,1
s850,3
s851,4
s852,3
s853,3
s854,1
s855,3
s856,1
s857,3
s858,20
s859,3
s860,46
s861,13
s862,3
s863,1
s864,1
s865,3
s866,1
s867,1
s868,1
s869,17
s869,1
s870,11
s871,1
s872,4
s873,1
s874,4
s875,7
s876,3
s877,4
s878,4
s879,21
s879,49
s880,1
s881,1
s881,10
s882,2
s883,61
s884,1
s885,22
s886,17
s886,2
s887,3
s888,62
s889,3
s890,1
s891,1
s892,7
s893,4
s894,3
s895,11
s895,33
s896,14
s896,1
s897,1
s898,3
s899,3
s900,20
s901,1
s902,1
s903,22
s904,4
s905,1
s906,16
s907,12
s908,1
s909,1
s910,4
s911,1
s912,4
s913,3
s914,4
s915,7
s915,1
s916,8
s916,14
s917,1
s918,1
s919,4
s920,1
s921,11
s921,1
s922,1
s923,1
s924,3
s925,1
s926,3
s927,1
s928,3
s929,1
s930,3
s931,1
s932,1
s933,7
s933,14
s933,20
s933,1
s934,7
s934,1
s935,7
s935,17
s935,1
s936,1
s937,3
s938,3
s939,3
s940,3
s941,3
s942,3
s943,1
s943,13
s944,1
s945,16
s946,7
s947,1
s947,14
s948,1
s948,7
s948,14
s949,1
s950,1
s950,29
s951,1
s951,7
s951,32
s952,1
s953,1
s954,1
s955,17
s956,14
s956,1
s957,1
s958,3
s959,3
s960,4
s961,3
s962,3
s963,1
s963,7
s964,3
s965,3
s966,3
s967,33
s968,3
s969,42
s970,1
s971,1
s972,20
s973,12
s974,4
s975,4
s976,1
s977,12
s978,12
s979,12
s980,12
s981,12
s982,12
s983,12
s984,20
s985,12
s986,12
s987,12
s988,3
s989,44
s990,12
s991,12
s992,46
s993,3
s994,1
s995,19
s996,12
s997,18
s998,13
s998,7
s999,4
s1000,8
s1000,1
s1001,3
s1002,17
s1002,19
s1002,1
s1003,11
s1004,24
s1005,13
s1006,3
s1007,3
s1008,3
s1009,3
s1010,3
s1011,3
s1012,1
s1013,11
s1014,14
s1014,1
s1014,7
s1014,17
s1015,14
s1015,7
s1016,1
s1017,4
s1018,4
s1019,4
s1020,4
s1020,7
s1021,4
s1022,4
s1023,4
s1024,4
s1025,1
s1026,3
s1027,1
s1028,17
s1028,1
s1028,11
s1029,3
s1030,1
s1031,56
s1032,8
s1033,22
s1034,7
s1034,8
s1034,1
s1035,1
s1036,10
s1036,7
s1036,1
s1037,1
s1038,4
s1039,3
s1040,1
s1041,18
s1042,18
s1043,1
s1044,1
s1045,18
s1046,1
s1047,1
s1048,54
s1049,1
s1049,14
s1050,16
s1050,7
s1051,18
s1052,18
s1053,1
s1054,1
s1055,3
s1056,1
s1057,3
s1058,1
s1059,24
s1059,7
s1060,1
s1061,1
s1061,4
s1062,1
s1063,22
s1064,1
s1065,22
s1066,17
s1067,16
s1067,39
s1068,44
s1069,1
s1070,4
s1071,1
s1072,3
s1073,3
s1074,3
s1075,3
s1076,1
s1076,33
s1076,18
s1076,20
s1076,4
s1077,3
s1078,3
s1079,3
s1080,38
s1080,1
s1081,16
s1082,1
s1083,3
s1084,1
s1085,16
s1086,22
s1087,19
s1088,4
s1089,1
s1090,1
s1091,45
s1092,18
s1093,3
s1094,4
s1095,3
s1096,3
s1097,3
s1098,1
s1098,16
s1098,7
s1099,4
s1100,63
s1101,1
s1102,1
s1102,17
s1103,1
s1104,16
s1105,1
s1105,17
s1106,7
s1106,1
s1107,1
s1108,19
s1109,4
s1110,49
s1111,14
s1112,1
s1112,7
s1112,14
s1113,1
s1114,1
s1115,4
s1116,4
s1117,3
s1118,54
s1118,64
s1118,47
s1118,60
s1119,1
s1119,17
s1120,1
s1120,17
s1121,18
s1121,1
s1122,1
s1123,4
s1124,65
s1124,8
s1125,1
s1126,7
s1127,1
s1128,1
s1129,1
s1130,7
s1131,3
s1132,18
s1133,3
s1134,1
s1135,1
s1135,18
s1136,1
s1137,45
s1138,46
s1138,43
s1139,7
s1139,14
s1139,42
s1139,8
s1139,1
s1140,1
s1141,1
s1142,4
s1143,1
s1144,1
s1145,1
s1145,7
s1146,30
s1146,37
s1146,7
s1146,14
s1146,1
s1147,1
s1147,11
s1148,7
s1149,22
s1150,18
s1151,1
s1152,16
s1152,7
s1153,1
s1154,7
s1154,2
s1154,14
s1155,1
s1156,19
s1157,1
s1158,1
s1159,1
s1160,3
s1161,30
s1161,7
s1161,14
s1161,8
s1162,7
s1163,12
s1164,20
s1165,20
s1166,4
s1167,7
s1168,24
s1169,1
s1170,18
s1171,29
s1171,1
s1172,1
s1173,2
s1174,22
s1175,22
s1176,7
s1176,1
s1176,14
s1177,18
s1178,39
s1179,1
s1180,1
s1180,18
s1181,3
s1182,1
s1183,7
s1184,3
s1185,16
s1186,19
s1187,18
s1188,1
s1189,33
s1190,1
s1191,7
s1191,1
s1192,1
s1193,66
s1194,3
s1195,19
s1196,1
s1197,21
s1198,7
s1198,1
s1199,8
s1200,1
s1201,1
s1202,46
s1203,4
s1204,1
s1204,4
s1204,7
s1205,1
s1206,1
s1206,7
s1207,7
s1208,3
s1209,12
s1210,67
s1211,22
s1212,12
s1213,12
s1214,1
s1215,3
s1216,12
s1217,12
s1218,7
s1219,1
s1220,12
s1221,20
s1221,26
s1222,45
s1223,1
s1224,14
s1225,3
s1226,3
s1227,8
s1228,4
s1229,4
s1229,7
s1229,14
s1229,60
s1230,46
s1231,4
s1232,1
s1233,36
s1234,19
s1235,20
s1236,3
s1237,14
s1238,45
s1239,1
s1239,13
s1240,1
s1241,1
s1242,1
s1243,1
s1244,1
s1245,4
s1246,1
s1247,3
s1248,3
s1249,1
s1250,3
s1251,3
s1252,1
s1252,7
s1253,8
s1254,1
s1255,1
s1256,3
s1257,1
s1257,8
s1258,18
s1259,21
s1259,14
s1260,1
s1261,20
s1262,26
s1262,68
s1263,3
s1264,1
s1264,44
s1265,1
s1266,4
s1267,68
s1267,33
s1268,8
s1269,1
s1269,36
s1270,45
s1271,1
s1271,36
s1272,3
s1273,1
s1274,18
s1275,1
s1276,1
s1277,3
s1278,1
s1279,1
s1280,17
s1281,7
s1282,4
s1283,4
s1284,1
s1285,17
s1285,1
s1285,7
s1286,22
s1287,39
s1288,7
s1289,1
s1290,3
s1291,7
s1291,1
s1292,4
s1293,65
s1294,4
s1295,8
s1296,4
s1297,22
s1298,1
s1299,22
s1300,3
s1301,1
s1302,7
s1303,1
s1304,1
s1305,1
s1306,4
s1307,1
s1308,1
s1309,7
s1310,1
s1311,1
s1312,19
s1313,7
s1314,1
s1315,1
s1316,20
s1317,4
s1318,7
s1319,1
s1320,11
s1321,69
s1322,11
s1323,20
s1324,45
s1325,1
s1326,53
s1327,42
s1328,1
s1329,1
s1330,14
s1331,1
s1332,1
s1333,1
s1334,1
s1334,70
s1334,25
s1335,16
s1336,1
s1337,14
s1338,71
s1339,20
s1340,33
s1341,39
s1342,1
s1343,22
s1344,1
s1345,24
s1346,16
s1347,42
s1348,20
s1348,21
s1348,1
s1349,1
s1350,36
s1351,1
s1352,11
s1353,1
s1354,1
s1355,17
s1356,1
s1357,1
s1358,7
s1359,1
s1360,7
s1360,1
s1360,13
s1361,56
s1362,1
s1363,17
s1363,1
s1363,14
s1364,1
s1365,1
s1366,14
s1367,72
s1367,1
s1368,1
s1369,20
s1370,1
s1371,7
s1372,1
s1373,45
s1374,12
s1375,1
s1376,1
s1377,4
s1378,1
s1379,13
s1379,1
s1380,19
s1381,1
s1381,7
s1382,3
s1383,3
s1384,17
s1385,22
s1386,18
s1387,72
s1387,20
s1388,1
s1388,14
s1389,4
s1389,1
s1390,1
s1391,7
s1391,30
s1392,1
s1393,11
s1394,1
s1395,1
s1396,1
s1397,1
s1398,7
s1398,20
s1398,1
s1399,1
s1399,44
s1400,1
s1401,1
s1402,1
s1403,1
s1404,33
s1405,1
s1406,52
s1406,1
s1407,1
s1408,1
s1408,22
s1409,1
s1409,17
s1410,1
s1411,4
s1412,1
s1413,22
s1414,45
s1415,45
s1416,1
s1417,1
s1418,26
s1419,3
s1420,7
s1421,1
s1422,14
s1423,4
s1424,4
s1425,17
s1425,1
s1425,73
s1426,1
s1427,4
s1428,7
s1429,4
s1429,14
s1430,4
s1431,1
s1432,12
s1433,20
s1434,45
s1435,14
s1435,17
s1436,17
s1436,52
s1436,1
s1437,3
s1438,1
s1439,14
s1440,1
s1441,11
s1441,1
s1442,4
s1443,3
s1444,1
s1445,1
s1446,59
s1447,1
s1448,1
s1448,17
s1449,1
s1450,1
s1451,1
s1452,1
s1453,1
s1454,1
s1455,1
s1456,1
s1457,1
s1458,1
s1459,7
s1460,1
s1461,11
s1462,1
s1463,3
s1464,17
s1464,7
s1464,1
s1465,1
s1466,1
s1467,1
s1468,7
s1468,8
s1468,14
s1468,1
s1469,22
s1470,1
s1471,1
s1472,3
s1473,4
s1474,1
s1475,45
s1476,45
s1477,1
s1478,1
s1479,47
s1479,1
s1480,24
s1481,7
s1482,39
s1483,3
s1484,22
s1485,1
s1486,1
s1486,17
s1487,1
s1488,74
s1489,14
s1489,41
s1490,4
s1491,17
s1492,4
s1493,1
s1494,56
s1495,1
s1496,45
s1497,45
s1498,56
s1499,1
s1500,1
s1501,39
s1502,1
s1503,1
s1504,22
s1505,49
s1506,1
s1507,7
s1507,15
s1507,8
s1507,1
s1507,13
s1507,18
s1507,14
s1507,30
s1508,7
s1509,7
s1510,1
s1511,1
s1511,7
s1512,46
s1513,7
s1514,1
s1515,2
s1516,1
s1517,59
s1518,1
s1519,3
s1520,50
s1521,4
s1522,50
s1523,50
s1524,36
s1525,17
s1526,45
s1527,56
s1528,49
s1529,22
s1530,56
s1531,1
s1532,3
s1533,33
s1534,3
s1535,56
s1535,17
s1535,7
s1535,1
s1536,2
s1537,1
s1538,1
s1539,1
s1539,18
s1540,18
s1541,1
s1542,7
s1543,4
s1544,1
s1545,17
s1546,1
s1547,1
s1548,1
s1549,1
s1550,30
s1550,14
s1550,57
s1550,1
s1550,11
s1550,21
s1550,7
s1550,28
s1551,1
s1552,7
s1552,17
s1552,1
s1553,1
s1554,1
s1555,54
s1556,14
s1557,3
s1558,1
s1559,1
s1560,20
s1561,1
s1562,4
s1563,18
s1564,17
s1564,1
s1565,3
s1566,56
s1567,56
s1568,56
s1569,56
s1570,43
s1571,46
s1572,24
s1573,1
s1574,1
s1575,1
s1576,23
s1577,1
s1578,33
s1579,48
s1580,1
s1581,1
s1582,3
s1583,1
s1584,22
s1585,1
s1586,3
s1587,14
s1588,39
s1589,17
s1590,4
s1591,1
s1592,1
s1593,8
s1594,2
s1595,12
s1596,1
s1597,3
s1598,1
s1599,56
s1600,14
s1600,21
s1601,3
s1602,33
s1603,56
s1604,7
s1605,57
s1606,45
s1607,42
s1608,8
s1609,1
s1609,14
s1609,75
s1610,1
s1611,1
s1611,24
s1612,1
s1613,1
s1614,7
s1615,20
s1615,24
s1616,1
s1617,1
s1618,1
s1619,1
s1619,30
s1619,7
s1619,4
s1620,7
s1620,23
s1621,28
s1621,1
s1622,13
s1622,1
s1623,1
s1623,17
s1624,1
s1625,1
s1625,76
s1625,14
s1625,7
s1626,22
s1627,1
s1627,16
s1627,17
s1628,1
s1629,7
s1630,56
s1631,56
s1632,1
s1633,1
s1634,1
s1635,22
s1636,1
s1637,1
s1638,20
s1639,4
s1640,13
s1641,8
s1642,1
s1643,24
s1644,22
s1645,56
s1646,1
s1647,1
s1648,56
s1649,7
s1650,18
s1651,7
s1651,1
s1652,17
s1653,3
s1654,4
s1655,19
s1656,1
s1657,1
s1658,26
s1659,46
s1660,1
s1661,1
s1662,22
s1663,46
s1664,1
s1665,1
s1665,29
s1666,67
s1667,1
s1668,16
s1669,3
s1670,1
s1671,4
s1672,1
s1673,1
s1674,4
s1675,4
s1676,4
s1677,4
s1678,56
s1679,4
s1680,4
s1681,4
s1682,1
s1683,56
s1684,4
s1685,1
s1686,1
s1686,18
s1687,1
s1688,1
s1689,1
s1690,7
s1690,1
s1691,1
s1692,1
s1692,17
s1693,1
s1694,18
s1695,1
s1696,17
s1697,17
s1697,1
s1697,30
s1698,1
s1699,7
s1699,1
s1700,1
s1701,1
s1702,1
s1703,4
s1704,1
s1705,33
s1706,24
s1707,20
s1708,56
s1709,12
s1710,56
s1711,1
s1712,22
s1713,4
s1714,26
s1715,1
s1715,17
s1716,33
s1717,13
s1718,1
s1719,1
s1720,54
s1720,17
s1720,14
s1721,62
s1722,1
s1723,1
s1724,3
s1725,18
s1725,17
s1725,1
s1726,19
s1727,1
s1728,39
s1729,20
s1729,14
s1729,17
s1730,1
s1731,13
s1732,1
s1733,56
s1734,26
s1735,17
s1736,56
s1737,1
s1738,46
s1739,17
s1740,17
s1741,53
s1742,4
s1743,8
s1744,18
s1745,3
s1746,3
s1747,17
s1748,17
s1748,1
s1749,1
s1750,1
s1751,1
s1752,1
s1753,1
s1754,17
s1755,1
s1756,1
s1757,1
s1758,1
s1759,17
s1760,47
s1760,23
s1760,17
s1760,1
s1761,1
s1761,14
s1761,47
s1762,1
s1763,1
s1763,16
s1763,36
s1764,1
s1765,7
s1765,14
s1765,8
s1765,1
s1766,14
s1766,1
s1767,22
s1768,20
s1768,44
s1768,1
s1769,1
s1770,22
s1771,1
s1772,33
s1773,59
s1774,13
s1775,1
s1776,7
s1777,19
s1778,4
s1779,3
s1780,1
s1781,14
s1782,1
s1783,24
s1784,11
s1784,20
s1785,56
s1786,1
s1787,3
s1788,1
s1789,42
s1790,1
s1791,1
s1792,1
s1793,26
s1794,1
s1795,39
s1796,4
s1797,30
s1797,69
s1797,21
s1798,13
s1799,33
s1800,8
s1801,1
s1802,16
s1802,1
s1803,1
s1804,20
s1805,1
s1806,1
s1807,59
s1808,56
s1809,7
s1810,56
s1811,17
s1811,21
s1812,1
s1813,17
s1813,7
s1814,1
s1815,7
s1816,17
s1817,1
s1818,54
s1819,54
s1820,54
s1821,54
s1821,58
s1821,14
s1821,37
s1821,8
s1822,54
s1823,14
s1823,21
s1823,24
s1824,54
s1825,54
s1825,1
s1825,58
s1826,54
s1826,14
s1827,14
s1827,54
s1828,14
s1828,54
s1828,7
s1829,3
s1830,14
s1830,59
s1830,54
s1830,21
s1831,54
s1832,54
s1832,17
s1832,14
s1833,53
s1833,10
s1833,7
s1833,47
s1833,49
s1834,1
s1835,22
s1836,7
s1837,67
s1838,1
s1839,1
s1840,14
s1841,11
s1841,20
s1842,1
s1843,1
s1843,7
s1843,4
s1844,1
s1844,29
s1845,1
s1846,1
s1847,46
s1848,7
s1849,1
s1850,45
s1850,49
s1851,45
s1852,1
s1853,1
s1854,4
s1855,1
s1856,39
s1857,1
s1858,11
s1859,4
s1860,7
s1861,1
s1862,4
s1863,4
s1864,4
s1865,1
s1866,4
s1867,4
s1868,1
s1869,1
s1870,4
s1871,12
s1871,22
s1872,17
s1873,1
s1874,1
s1875,14
s1876,22
s1877,26
s1878,22
s1879,1
s1879,17
s1880,1
s1881,29
s1882,1
s1883,7
s1884,17
s1885,1
s1886,4
s1887,1
s1887,7
s1888,17
s1889,12
s1890,3
s1891,3
s1892,12
s1893,3
s1894,1
s1895,1
s1896,13
s1897,19
s1898,4
s1899,24
s1900,12
s1901,1
s1902,11
s1903,50
s1904,75
s1904,1
s1905,1
s1906,2
s1907,1
s1908,22
s1909,18
s1910,1
s1911,33
s1912,1
s1913,32
s1914,1
s1914,11
s1915,3
s1916,8
s1916,10
s1917,1
s1917,7
s1918,26
s1919,18
s1920,3
s1921,43
s1922,1
s1922,40
s1923,1
s1924,1
s1925,1
s1926,11
s1927,1
s1928,77
s1929,18
s1930,1
s1931,7
s1931,67
s1932,1
s1933,1
s1934,13
s1935,1
s1936,1
s1937,1
s1938,2
s1938,1
s1939,4
s1940,4
s1941,4
s1942,4
s1943,4
s1944,4
s1945,4
s1946,4
s1947,4
s1948,1
s1949,1
s1950,1
s1951,4
s1952,8
s1953,3
s1954,3
s1955,1
s1956,22
s1957,3
s1958,1
s1958,4
s1959,1
s1960,7
s1961,1
s1962,1
s1963,1
s1964,18
s1965,18
s1966,18
s1967,18
s1968,18
s1969,3
s1970,18
s1971,46
s1972,4
s1973,4
s1974,3
s1975,4
s1976,4
s1977,4
s1978,4
s1979,1
s1980,1
s1981,1
s1982,45
s1983,4
s1984,3
s1985,14
s1986,7
s1987,3
s1988,1
s1989,8
s1990,24
s1991,1
s1992,7
s1992,14
s1992,8
s1992,20
s1993,3
s1994,42
s1995,1
s1996,1
s1997,20
s1998,7
s1998,14
s1998,1
s1998,21
s1998,69
s1998,16
s1998,8
s1999,7
s2000,44
s2000,1
s2001,7
s2002,14
s2002,1
s2003,1
s2004,1
s2004,14
s2004,17
s2004,21
s2005,3
s2006,19
s2007,7
s2007,16
s2008,11
s2009,14
s2010,1
s2011,1
s2012,8
s2012,16
s2012,7
s2013,20
s2014,7
s2015,3
s2016,4
s2017,4
s2018,4
s2019,4
s2020,4
s2021,4
s2022,1
s2023,1
s2024,4
s2025,12
s2026,4
s2027,4
s2028,45
s2029,46
s2030,1
s2031,4
s2032,14
s2033,1
s2034,20
s2035,26
s2036,1
s2037,22
s2038,22
s2039,2
s2040,12
s2041,3
s2042,1
s2043,13
s2043,32
s2043,1
s2044,7
s2045,1
s2046,1
s2047,2
s2048,1
s2049,19
s2050,56
s2051,33
s2052,45
s2053,1
s2054,7
s2055,1
s2056,8
s2057,8
s2057,1
s2058,51
s2059,3
s2060,28
s2060,57
s2060,1
s2061,56
s2062,49
s2063,18
s2064,1
s2065,47
s2066,18
s2066,1
s2067,18
s2068,18
s2069,1
s2070,14
s2071,14
s2071,13
s2071,8
s2072,1
s2073,1
s2074,1
s2075,4
s2076,20
s2077,1
s2078,24
s2079,18
s2080,1
s2080,21
s2080,17
s2080,14
s2081,7
s2082,17
s2083,4
s2084,1
s2085,1
s2086,7
s2086,1
s2087,4
s2088,2
s2088,78
s2089,20
s2090,18
s2091,1
s2092,39
s2093,1
s2094,36
s2095,1
s2095,56
s2096,1
s2097,1
s2098,7
s2099,1
s2100,1
s2101,1
s2102,3
s2103,19
s2104,4
s2105,11
s2106,1
s2107,17
s2108,1
s2109,22
s2110,1
s2111,46
s2112,26
s2113,1
s2114,1
s2115,3
s2116,1
s2117,19
s2118,45
s2119,1
s2120,45
s2121,7
s2121,1
s2122,1
s2122,7
s2122,17
s2122,16
s2123,22
s2124,3
s2125,47
s2126,43
s2127,4
s2128,33
s2129,3
s2130,17
s2131,1
s2131,19
s2132,7
s2133,1
s2134,1
s2135,36
s2136,1
s2137,18
s2138,14
s2139,7
s2139,1
s2140,1
s2140,14
s2141,1
s2142,4
s2143,1
s2144,1
s2145,1
s2146,18
s2147,1
s2148,3
s2149,19
s2150,1
s2150,17
s2150,7
s2151,8
s2152,20
s2153,3
s2154,8
s2155,1
s2156,1
s2157,1
s2158,1
s2159,1
s2160,1
s2161,17
s2162,65
s2163,47
s2163,1
s2164,14
s2165,3
s2166,1
s2167,3
s2168,1
s2169,33
s2170,1
s2171,1
s2172,1
s2173,1
s2174,1
s2175,17
s2176,18
s2177,1
s2178,17
s2179,17
s2180,12
s2180,1
s2181,18
s2182,1
s2183,3
s2184,17
s2185,7
s2186,8
s2187,4
s2188,2
s2189,1
s2190,1
s2191,1
s2191,17
s2192,79
s2192,8
s2192,59
s2193,1
s2194,4
s2195,3
s2196,19
s2197,80
s2198,33
s2198,14
s2199,42
s2200,1
s2201,1
s2202,1
s2203,1
s2204,1
s2205,4
s2206,16
s2207,4
s2208,16
s2208,20
s2208,22
s2208,1
s2209,1
s2210,19
s2211,20
s2211,8
s2212,18
s2213,20
s2214,7
s2214,1
s2215,1
s2216,22
s2217,2
s2218,1
s2219,59
s2220,1
s2221,28
s2221,16
s2222,7
s2223,3
s2224,7
s2225,14
s2225,21
s2225,69
s2225,81
s2226,14
s2227,13
s2228,7
s2228,13
s2229,1
s2230,1
s2231,33
s2232,19
s2233,1
s2234,14
s2234,21
s2235,19
s2236,11
s2237,3
s2238,1
s2239,82
s2240,19
s2241,24
s2242,1
s2243,13
s2244,14
s2245,2
s2246,33
s2247,1
s2248,46
s2249,1
s2250,1
s2251,1
s2252,21
s2253,3
s2254,18
s2255,12
s2256,22
s2257,32
s2258,1
s2259,13
s2260,1
s2261,1
s2261,14
s2262,3
s2263,1
s2263,16
s2264,3
s2265,4
s2266,4
s2267,4
s2268,4
s2269,4
s2270,4
s2271,4
s2272,4
s2273,4
s2274,4
s2275,4
s2276,44
s2277,4
s2278,4
s2279,4
s2280,4
s2281,4
s2282,4
s2283,4
s2284,1
s2285,4
s2286,4
s2287,4
s2288,4
s2289,4
s2290,4
s2291,4
s2292,4
s2293,4
s2294,20
s2295,1
s2296,45
s2296,7
s2297,37
s2297,14
s2297,21
s2297,1
s2298,18
s2299,1
s2300,1
s2301,5
s2302,1
s2303,33
s2304,1
s2305,24
s2306,7
s2307,39
s2308,1
s2308,17
s2309,20
s2310,12
s2311,17
s2312,1
s2312,8
s2312,17
s2313,12
s2314,1
s2315,7
s2315,1
s2316,1
s2317,20
s2317,14
s2317,17
s2317,1
s2318,1
s2318,11
s2319,14
s2320,24
s2321,18
s2322,1
s2323,68
s2323,24
s2324,7
s2324,19
s2325,45
s2326,19
s2327,3
s2328,8
s2328,1
s2329,13
s2330,36
s2331,1
s2332,1
s2333,19
s2334,56
s2335,4
s2336,3
s2337,4
s2338,22
s2339,4
s2340,4
s2341,4
s2342,1
s2343,4
s2344,7
s2345,68
s2346,1
s2347,1
s2348,4
s2349,19
s2350,22
s2351,1
s2352,19
s2353,1
s2354,4
s2355,14
s2355,46
s2356,1
s2357,1
s2358,1
s2359,14
s2360,33
s2361,12
s2362,46
s2362,14
s2363,1
s2364,14
s2364,33
s2364,20
s2364,21
s2365,18
s2366,46
s2366,41
s2367,14
s2367,46
s2368,46
s2369,46
s2370,46
s2371,3
s2372,56
s2373,44
s2374,46
s2375,54
s2376,46
s2377,46
s2378,17
s2378,22
s2378,1
s2379,1
s2380,7
s2380,1
s2381,1
s2382,19
s2382,7
s2383,1
s2384,1
s2385,7
s2385,1
s2386,26
s2386,20
s2387,50
s2388,19
s2389,1
s2390,4
s2391,1
s2392,45
s2393,4
s2394,1
s2395,3
s2396,1
s2396,14
s2396,17
s2397,8
s2398,1
s2399,18
s2400,18
s2401,11
s2402,42
s2402,1
s2403,58
s2403,35
s2403,54
s2403,43
s2404,43
s2405,24
s2406,1
s2407,1
s2408,1
s2409,22
s2410,33
s2411,22
s2412,1
s2413,42
s2414,4
s2415,4
s2416,1
s2416,11
s2416,20
s2416,76
s2417,1
s2418,1
s2419,46
s2420,1
s2421,4
s2422,19
s2423,1
s2424,1
s2424,17
s2425,1
s2426,3
s2427,18
s2428,12
s2429,12
s2430,46
s2431,1
s2432,1
s2433,3
s2434,46
s2435,46
s2436,46
s2437,3
s2438,46
s2439,46
s2440,46
s2441,17
s2442,43
s2442,58
s2443,46
s2444,46
s2445,18
s2446,4
s2447,83
s2448,22
s2449,58
s2450,18
s2451,18
s2452,18
s2452,1
s2453,22
s2454,22
s2455,1
s2456,7
s2456,8
s2456,58
s2456,32
s2457,25
s2457,1
s2458,58
s2459,4
s2460,1
s2461,14
s2461,46
s2462,30
s2463,18
s2464,58
s2465,58
s2466,26
s2467,13
s2468,11
s2468,1
s2469,13
s2470,16
s2471,1
s2472,1
s2473,4
s2474,1
s2475,45
s2476,45
s2477,7
s2478,19
s2479,18
s2480,1
s2481,17
s2482,45
s2483,48
s2484,3
s2485,3
s2486,68
s2487,22
s2488,46
s2489,3
s2490,3
s2491,46
s2492,46
s2493,46
s2494,17
s2494,19
s2495,1
s2496,3
s2497,7
s2498,1
s2499,11
s2500,36
s2501,4
s2502,46
s2503,46
s2504,46
s2505,46
s2506,46
s2507,46
s2508,1
s2509,1
s2510,46
s2511,46
s2512,43
s2512,49
s2512,8
s2512,35
s2512,58
s2512,1
s2513,46
s2514,19
s2515,7
s2516,1
s2517,48
s2518,22
s2519,22
s2520,1
s2521,54
s2522,20
s2523,14
s2524,1
s2525,1
s2526,18
s2527,1
s2528,44
s2529,22
s2530,13
s2531,7
s2531,20
s2532,45
s2533,45
s2534,58
s2535,4
s2536,3
s2537,11
s2538,19
s2539,48
s2540,4
s2541,1
s2542,58
s2543,17
s2544,1
s2545,4
s2546,4
s2547,15
s2547,14
s2548,1
s2549,1
s2550,1
s2551,24
s2552,1
s2553,17
s2554,7
s2554,8
s2554,1
s2554,14
s2555,17
s2556,58
s2557,48
s2558,16
s2559,45
s2560,1
s2561,3
s2562,1
s2563,4
s2563,7
s2563,16
s2563,17
s2563,18
s2563,22
s2563,1
s2564,33
s2565,4
s2566,26
s2567,1
s2568,36
s2569,3
s2570,3
s2571,1
s2572,1
s2573,1
s2574,1
s2575,3
s2576,1
s2577,1
s2578,1
s2579,14
s2579,21
s2580,1
s2581,1
s2582,1
s2583,1
s2584,29
s2585,2
s2586,24
s2586,7
s2586,14
s2587,18
s2588,4
s2589,17
s2590,4
s2591,13
s2591,1
s2592,1
s2593,1
s2594,3
s2595,3
s2596,3
s2597,1
s2597,7
s2598,1
s2599,18
s2600,1
s2600,11
s2600,36
s2601,1
s2601,17
s2602,33
s2603,18
s2604,39
s2605,1
s2606,12
s2607,22
s2608,19
s2609,1
s2610,7
s2611,4
s2612,2
s2613,12
s2614,12
s2614,4
s2615,46
s2616,12
s2617,12
s2618,24
s2618,12
s2619,12
s2620,3
s2621,12
s2622,12
s2623,1
s2624,46
s2625,25
s2626,4
s2627,4
s2628,1
s2629,7
s2630,4
s2631,46
s2632,22
s2633,7
s2633,1
s2633,18
s2634,46
s2635,14
s2635,21
s2635,1
s2636,46
s2637,46
s2638,46
s2639,46
s2640,3
s2641,7
s2642,3
s2643,4
s2644,12
s2645,4
s2646,18
s2646,1
s2647,45
s2648,45
s2649,11
s2650,45
s2651,22
s2652,1
s2653,1
s2654,42
s2655,19
s2656,20
s2657,17
s2657,1
s2657,7
s2658,7
s2659,18
s2660,1
s2661,84
s2661,1
s2661,36
s2662,1
s2663,1
s2664,4
s2665,4
s2666,22
s2667,1
s2668,12
s2669,14
s2669,21
s2670,11
s2671,4
s2672,8
s2673,1
s2674,20
s2674,8
s2675,65
s2675,26
s2676,14
s2677,38
s2678,1
s2678,7
s2678,18
s2679,1
s2680,33
s2681,1
s2682,12
s2683,56
s2684,4
s2685,1
s2686,4
s2687,1
s2688,19
s2689,19
s2690,1
s2691,17
s2692,1
s2693,1
s2693,26
s2694,7
s2694,24
s2695,14
s2696,1
s2697,24
s2698,1
s2699,18
s2700,3
s2701,56
s2702,1
s2703,1
s2704,1
s2705,1
s2706,1
s2707,30
s2707,7
s2708,1
s2709,68
s2710,1
s2711,1
s2712,20
s2713,7
s2713,14
s2713,21
s2713,17
s2713,1
s2714,18
s2715,18
s2716,4
s2717,4
s2717,1
s2718,4
s2719,1
s2720,53
s2721,4
s2721,1
s2722,4
s2723,4
s2724,4
s2725,4
s2726,4
s2727,4
s2728,1
s2729,4
s2730,4
s2731,4
s2732,4
s2733,4
s2734,4
s2735,4
s2736,4
s2737,7
s2738,4
s2739,4
s2740,3
s2741,18
s2742,4
s2743,7
s2744,1
s2745,49
s2745,8
s2745,47
s2745,7
s2746,1
s2747,7
s2748,4
s2749,16
s2750,1
s2751,4
s2752,4
s2753,3
s2754,1
s2755,1
s2756,17
s2757,4
s2758,1
s2759,17
s2759,1
s2760,3
s2761,4
s2762,22
s2763,1
s2764,1
s2765,1
s2766,4
s2767,4
s2768,1
s2769,17
s2770,17
s2771,17
s2772,1
s2773,3
s2774,52
s2775,3
s2776,44
s2777,8
s2778,8
s2779,1
s2780,1
s2781,52
s2782,20
s2783,1
s2784,62
s2784,8
s2785,39
s2785,16
s2786,3
s2787,26
s2788,3
s2789,1
s2789,18
s2790,11
s2791,1
s2792,1
s2793,4
s2794,7
s2795,7
s2796,1
s2797,24
s2798,14
s2799,1
s2800,18
s2800,1
s2801,43
s2802,1
s2803,53
s2804,18
s2805,49
s2806,7
s2807,1
s2808,7
s2808,1
s2808,30
s2809,1
s2810,1
s2811,4
s2812,3
s2813,3
s2814,1
s2815,3
s2816,4
s2817,1
s2818,2
s2819,59
s2820,13
s2821,1
s2822,22
s2822,1
s2823,1
s2824,12
s2825,57
s2826,1
s2827,1
s2828,33
s2828,7
s2829,17
s2829,1
s2830,1
s2831,85
s2831,1
s2832,3
s2833,2
s2834,4
s2835,14
s2836,1
s2837,1
s2838,20
s2839,1
s2840,19
s2841,3
s2842,4
s2843,44
s2844,25
s2844,14
s2844,37
s2844,8
s2845,1
s2846,25
s2847,20
s2848,1
s2848,17
s2849,33
s2850,1
s2851,4
s2852,2
s2853,7
s2854,1
s2855,18
s2856,8
s2857,4
s2858,3
s2859,3
s2860,1
s2861,7
s2861,1
s2861,14
s2862,1
s2863,2
s2864,1
s2865,3
s2866,14
s2867,7
s2867,17
s2867,1
s2868,1
s2869,36
s2870,4
s2871,2
s2872,20
s2873,11
s2874,4
s2875,1
s2876,18
s2877,18
s2878,43
s2879,19
s2880,19
s2881,1
s2882,19
s2883,19
s2884,1
s2885,3
s2886,19
s2887,1
s2888,1
s2889,22
s2890,1
s2891,17
s2892,1
s2893,22
s2894,3
s2895,26
s2896,8
s2897,4
s2898,1
s2899,4
s2900,2
s2901,33
s2902,25
s2902,7
s2903,1
s2904,14
s2904,76
s2904,1
s2905,1
s2906,1
s2907,19
s2908,1
s2909,1
s2910,3
s2911,86
s2912,7
s2912,14
s2912,21
s2912,30
s2912,1
s2913,56
s2914,42
s2915,8
s2916,2
s2917,4
s2918,4
s2919,19
s2920,18
s2921,1
s2922,11
s2922,1
s2923,3
s2924,44
s2925,2
s2926,1
s2927,1
s2928,1
s2929,1
s2930,11
s2931,45
s2932,1
s2933,1
s2934,1
s2934,59
s2934,17
s2935,42
s2935,1
s2936,4
s2937,5
s2938,1
s2939,19
s2940,1
s2941,4
s2942,17
s2942,1
s2943,3
s2944,1
s2945,1
s2946,18
s2947,67
s2947,1
s2948,1
s2949,1
s2950,1
s2951,1
s2952,1
s2953,1
s2954,1
s2955,4
s2956,20
s2957,1
s2958,4
s2959,18
s2960,22
s2961,1
s2962,17
s2962,2
s2963,14
s2963,22
s2963,18
s2963,1
s2964,49
s2965,7
s2966,18
s2967,18
s2968,1
s2969,1
s2970,4
s2971,18
s2972,11
s2973,14
s2974,19
s2975,24
s2976,1
s2977,20
s2978,18
s2979,1
s2980,7
s2981,1
s2982,14
s2982,21
s2983,3
s2984,7
s2985,33
s2986,4
s2987,4
s2988,4
s2989,1
s2990,39
s2991,2
s2992,3
s2993,19
s2994,1
s2995,1
s2996,1
s2997,11
s2998,1
s2999,18
s3000,39
s3000,50
s3001,1
s3002,1
s3003,65
s3003,26
s3003,8
s3003,20
s3004,1
s3005,4
s3006,1
s3007,4
s3008,1
s3009,1
s3009,7
s3009,14
s3009,8
s3009,18
s3010,1
s3011,49
s3012,17
s3013,8
s3014,1
s3015,1
s3016,16
s3017,1
s3017,14
s3017,18
s3018,1
s3019,7
s3019,14
s3019,1
s3020,18
s3021,18
s3022,7
s3022,1
s3023,4
s3024,20
s3024,14
s3024,1
s3025,1
s3026,62
s3027,1
s3028,1
s3029,14
s3030,42
s3031,3
s3032,1
s3033,4
s3034,1
s3035,7
s3036,1
s3037,4
s3038,1
s3039,7
s3040,13
s3041,14
s3042,1
s3043,1
s3044,1
s3045,20
s3046,7
s3047,11
s3048,17
s3049,4
s3050,1
s3051,21
s3052,45
s3052,22
s3052,23
s3053,22
s3054,17
s3055,7
s3056,18
s3057,3
s3058,1
s3059,1
s3059,22
s3060,22
s3060,1
s3061,4
s3062,1
s3063,1
s3063,20
s3064,22
s3065,3
s3066,1
s3067,49
s3067,8
s3067,24
s3067,17
s3068,20
s3068,8
s3068,47
s3068,1
s3069,11
s3069,20
s3070,18
s3071,45
s3072,22
s3073,3
s3074,1
s3075,22
s3076,1
s3077,22
s3078,4
s3079,4
s3080,18
s3081,1
s3082,1
s3083,59
s3083,53
s3084,3
s3085,22
s3085,17
s3085,1
s3085,16
s3086,22
s3087,3
s3088,16
s3089,18
s3090,18
s3091,2
s3092,26
s3092,65
s3092,75
s3093,1
s3094,3
s3095,24
s3096,14
s3097,1
s3098,1
s3099,18
s3100,1
s3101,38
s3101,1
s3102,14
s3102,18
s3103,1
s3104,18
s3105,11
s3106,1
s3107,1
s3108,1
s3109,1
s3110,13
s3111,19
s3112,61
s3112,2
s3113,19
s3114,3
s3115,19
s3116,3
s3117,7
s3117,24
s3118,1
s3118,42
s3119,1
s3119,11
s3120,14
s3121,42
s3122,7
s3122,1
s3123,1
s3124,1
s3125,71
s3126,7
s3126,1
s3126,8
s3126,47
s3126,21
s3126,18
s3127,4
s3128,22
s3129,1
s3130,22
s3131,19
s3132,4
s3133,4
s3134,4
s3135,4
s3135,8
s3136,4
s3137,4
s3138,18
s3139,3
s3140,4
s3141,19
s3142,4
s3143,4
s3144,4
s3145,5
s3146,4
s3147,1
s3148,4
s3149,1
s3150,4
s3151,1
s3152,19
s3153,2
s3154,19
s3155,3
s3156,39
s3157,3
s3158,7
s3159,4
s3159,7
s3159,17
s3159,1
s3160,46
s3161,1
s3162,1
s3163,1
s3164,4
s3165,33
s3166,1
s3167,19
s3168,3
s3169,1
s3170,7
s3170,1
s3171,18
s3172,19
s3173,1
s3174,18
s3175,33
s3176,1
s3177,20
s3178,3
s3179,19
s3180,7
s3180,19
s3181,1
s3182,1
s3183,1
s3184,1
s3185,16
s3186,36
s3187,1
s3188,1
s3189,1
s3190,4
s3191,1
s3192,56
s3192,1
s3193,1
s3194,4
s3195,13
s3196,4
s3197,4
s3198,7
s3199,4
s3200,3
s3201,44
s3202,4
s3203,14
s3204,25
s3204,40
s3204,52
s3205,22
s3206,65
s3206,87
s3207,4
s3208,14
s3208,74
s3208,21
s3209,7
s3209,17
s3210,19
s3211,14
s3212,2
s3213,11
s3213,1
s3213,20
s3213,36
s3214,3
s3215,19
s3216,19
s3217,3
s3218,19
s3219,1
s3220,18
s3221,33
s3222,1
s3223,14
s3224,1
s3225,4
s3226,3
s3227,17
s3227,59
s3228,1
s3229,1
s3230,1
s3231,42
s3232,3
s3233,11
s3234,4
s3235,20
s3236,1
s3237,16
s3238,14
s3239,1
s3240,18
s3241,1
s3242,1
s3243,1
s3244,33
s3245,1
s3246,23
s3246,1
s3247,1
s3247,17
s3248,1
s3249,1
s3250,44
s3251,1
s3252,4
s3253,8
s3254,11
s3255,4
s3256,14
s3257,1
s3258,3
s3259,39
s3260,15
s3260,8
s3260,21
s3261,1
s3262,7
s3262,14
s3263,1
s3263,68
s3264,39
s3265,7
s3265,18
s3265,1
s3266,36
s3267,26
s3268,4
s3269,4
s3270,1
s3271,22
s3272,18
s3273,18
s3274,20
s3274,7
s3275,39
s3276,1
s3277,39
s3278,22
s3279,4
s3279,1
s3280,11
s3281,18
s3282,44
s3283,1
s3284,12
s3285,3
s3286,14
s3287,44
s3288,26
s3288,1
s3288,11
s3289,22
s3290,1
s3291,1
s3292,16
s3293,1
s3294,4
s3295,7
s3296,7
s3296,17
s3296,1
s3297,1
s3298,14
s3299,36
s3300,4
s3301,1
s3302,18
s3303,16
s3303,28
s3304,33
s3305,1
s3306,1
s3307,7
s3308,1
s3309,22
s3310,1
s3311,7
s3312,1
s3313,4
s3314,1
s3315,1
s3316,1
s3317,1
s3318,1
s3318,17
s3319,1
s3320,1
s3320,22
s3320,18
s3321,1
s3321,17
s3322,1
s3323,1
s3324,1
s3324,17
s3325,1
s3326,1
s3327,20
s3328,1
s3329,14
s3330,1
s3331,1
s3332,1
s3333,7
s3334,18
s3335,4
s3336,1
s3337,18
s3338,1
s3339,1
s3340,18
s3341,18
s3342,18
s3343,1
s3343,18
s3344,1
s3345,1
s3346,17
s3346,13
s3347,3
s3348,7
s3348,52
s3348,13
s3349,24
s3349,21
s3350,11
s3351,17
s3352,26
s3352,20
s3353,8
s3354,11
s3355,26
s3356,1
s3356,18
s3357,39
s3358,3
s3359,22
s3360,4
s3361,22
s3362,3
s3363,1
s3364,1
s3365,1
s3366,11
s3366,1
s3367,7
s3368,16
s3369,16
s3370,1
s3371,33
s3372,12
s3373,1
s3374,20
s3375,1
s3375,7
s3375,8
s3376,26
s3377,3
s3378,14
s3379,20
s3380,1
s3381,37
s3382,16
s3383,1
s3384,1
s3385,23
s3385,50
s3386,1
s3387,1
s3388,28
s3388,16
s3389,1
s3390,7
s3391,3
s3392,14
s3392,21
s3392,69
s3392,25
s3392,17
s3392,1
s3393,2
s3393,19
s3394,3
s3395,3
s3396,3
s3397,3
s3398,3
s3399,1
s3400,3
s3401,7
s3402,7
s3403,12
s3404,4
s3405,3
s3406,20
s3407,1
s3408,19
s3409,7
s3410,1
s3411,49
s3412,19
s3413,4
s3414,45
s3415,16
s3416,13
s3417,22
s3418,1
s3419,1
s3420,22
s3421,22
s3422,1
s3422,7
s3423,1
s3424,12
s3425,17
s3426,14
s3427,22
s3428,12
s3429,1
s3430,1
s3431,1
s3432,19
s3433,18
s3434,14
s3435,20
s3435,14
s3436,3
s3437,3
s3438,18
s3439,1
s3440,1
s3441,1
s3442,1
s3443,1
s3444,45
s3445,11
s3446,22
s3447,4
s3448,7
s3448,28
s3449,12
s3450,7
s3450,17
s3451,17
s3451,1
s3452,12
s3453,7
s3454,1
s3455,1
s3456,3
s3457,1
s3458,1
s3459,1
s3460,11
s3461,1
s3462,22
s3463,22
s3464,4
s3465,4
s3466,49
s3467,4
s3468,4
s3469,4
s3470,3
s3471,22
s3472,1
s3473,8
s3473,1
s3474,22
s3475,22
s3476,1
s3477,1
s3478,1
s3479,7
s3480,3
s3481,18
s3482,4
s3483,12
s3484,26
s3485,1
s3485,17
s3486,1
s3487,4
s3488,28
s3488,16
s3489,11
s3490,1
s3491,1
s3491,11
s3492,13
s3493,3
s3494,3
s3495,1
s3496,1
s3497,4
s3498,1
s3499,4
s3500,22
s3501,1
s3502,3
s3503,8
s3504,20
s3505,1
s3506,1
s3507,20
s3508,12
s3509,17
s3510,4
s3511,22
s3512,7
s3513,1
s3514,1
s3515,1
s3516,1
s3517,4
s3518,1
s3519,1
s3520,18
s3521,12
s3522,14
s3523,16
s3524,1
s3525,3
s3526,1
s3527,1
s3528,1
s3529,1
s3529,7
s3530,7
s3531,4
s3532,4
s3533,4
s3534,12
s3535,14
s3536,1
s3537,85
s3538,4
s3539,33
s3539,1
s3540,3
s3541,1
s3542,18
s3543,47
s3543,33
s3543,14
s3543,72
s3543,53
s3544,7
s3545,1
s3546,58
s3547,16
s3547,7
s3548,3
s3549,36
s3550,68
s3551,3
s3552,7
s3552,1
s3553,36
s3554,1
s3554,17
s3555,20
s3556,1
s3557,33
s3558,1
s3559,7
s3560,1
s3561,28
s3562,1
s3563,3
s3564,4
s3565,4
s3566,16
s3566,39
s3567,4
s3568,1
s3569,3
s3570,4
s3570,12
s3571,3
s3572,1
s3573,56
s3574,7
s3575,7
s3576,20
s3577,26
s3578,29
s3579,1
s3580,36
s3581,22
s3581,1
s3582,1
s3583,1
s3584,1
s3585,17
s3586,16
s3587,20
s3588,20
s3589,1
s3589,18
s3590,4
s3590,1
s3591,39
s3592,33
s3593,3
s3594,4
s3595,4
s3596,1
s3597,11
s3598,1
s3599,1
s3600,3
s3601,1
s3602,1
s3603,4
s3604,1
s3605,33
s3606,1
s3607,22
s3608,54
s3609,1
s3610,50
s3610,23
s3610,28
s3611,22
s3612,22
s3613,22
s3614,22
s3615,22
s3616,1
s3617,4
s3618,1
s3619,56
s3620,1
s3621,1
s3622,1
s3623,1
s3624,1
s3624,18
s3625,1
s3626,11
s3627,49
s3628,1
s3629,3
s3630,7
s3630,1
s3631,4
s3632,4
s3633,44
s3634,13
s3635,17
s3636,3
s3637,1
s3638,20
s3639,56
s3639,23
s3640,14
s3640,21
s3641,22
s3642,26
s3643,1
s3644,1
s3645,13
s3645,17
s3646,1
s3647,1
s3648,28
s3649,28
s3650,28
s3650,16
s3651,28
s3651,16
s3652,28
s3653,20
s3654,1
s3655,1
s3656,4
s3657,22
s3658,1
s3659,4
s3660,1
s3661,16
s3662,4
s3663,1
s3664,18
s3665,18
s3666,18
s3667,18
s3668,1
s3669,20
s3670,53
s3671,39
s3671,16
s3671,14
s3671,1
s3672,3
s3673,8
s3674,22
s3675,3
s3676,14
s3676,1
s3677,8
s3677,24
s3678,3
s3679,20
s3680,1
s3681,1
s3682,26
s3683,16
s3684,1
s3685,3
s3686,1
s3687,1
s3688,13
s3689,44
s3690,44
s3691,22
s3692,1
s3693,1
s3694,1
s3695,14
s3696,14
s3697,18
s3698,1
s3698,20
s3699,44
s3700,4
s3701,1
s3702,4
s3703,1
s3704,36
s3704,79
s3704,7
s3705,1
s3706,13
s3707,11
s3708,13
s3708,1
s3709,20
s3710,7
s3711,3
s3712,11
s3713,18
s3714,4
s3715,4
s3716,1
s3717,18
s3718,44
s3718,16
s3718,1
s3719,26
s3719,1
s3720,36
s3721,18
s3722,1
s3723,26
s3724,18
s3725,18
s3726,1
s3727,32
s3728,1
s3729,18
s3730,4
s3731,14
s3732,1
s3733,33
s3734,1
s3735,1
s3736,8
s3737,18
s3738,18
s3739,53
s3739,1
s3740,4
s3741,4
s3742,18
s3743,16
s3744,20
s3745,21
s3746,1
s3747,14
s3747,21
s3748,33
s3749,3
s3750,1
s3751,4
s3752,1
s3753,1
s3754,1
s3755,11
s3756,35
s3757,1
s3758,45
s3759,1
s3760,1
s3761,50
s3762,65
s3762,20
s3762,11
s3763,1
s3764,20
s3765,13
s3766,4
s3767,14
s3767,69
s3767,17
s3768,8
s3769,4
s3770,1
s3771,1
s3772,1
s3773,8
s3774,18
s3775,7
s3776,49
s3777,1
s3778,1
s3779,1
s3780,1
s3781,22
s3782,4
s3783,39
s3784,4
s3785,18
s3786,25
s3787,28
s3788,17
s3789,4
s3790,3
s3791,4
s3792,16
s3793,1
s3794,22
s3795,1
s3796,1
s3797,3
s3798,62
s3799,1
s3800,1
s3801,1
s3802,1
s3803,3
s3804,1
s3804,11
s3805,4
s3806,1
s3807,1
s3808,11
s3809,11
s3810,20
s3811,47
s3811,20
s3812,20
s3813,1
s3814,56
s3815,3
s3816,24
s3817,1
s3818,7
s3819,1
s3820,4
s3821,7
s3822,7
s3823,4
s3824,26
s3825,3
s3826,1
s3827,18
s3828,1
s3829,1
s3830,1
s3831,32
s3832,16
s3832,28
s3833,68
s3833,26
s3834,14
s3835,28
s3835,16
s3836,1
s3837,20
s3838,3
s3839,33
s3840,16
s3841,1
s3842,1
s3843,39
s3844,3
s3845,3
s3846,3
s3847,3
s3848,3
s3849,3
s3850,3
s3851,3
s3852,3
s3853,22
s3854,3
s3855,48
s3856,54
s3857,3
s3858,7
s3858,21
s3858,53
s3859,16
s3860,1
s3861,11
s3862,17
s3862,33
s3863,20
s3864,1
s3865,7
s3866,22
s3867,1
s3868,1
s3869,4
s3870,1
s3871,18
s3872,7
s3873,1
s3874,50
s3875,4
s3876,28
s3877,39
s3878,1
s3879,28
s3880,18
s3881,3
s3882,39
s3883,3
s3884,39
s3885,1
s3886,4
s3887,11
s3887,1
s3888,1
s3889,36
s3890,12
s3891,4
s3892,1
s3893,1
s3894,3
s3895,47
s3896,3
s3897,3
s3898,39
s3899,13
s3900,4
s3901,39
s3902,18
s3902,1
s3903,33
s3904,1
s3905,24
s3905,14
s3906,7
s3907,11
s3908,3
s3909,7
s3910,3
s3911,4
s3912,4
s3913,1
s3914,4
s3914,14
s3915,4
s3916,4
s3917,4
s3918,4
s3919,4
s3920,1
s3921,1
s3922,20
s3923,12
s3924,12
s3925,24
s3926,1
s3927,1
s3928,1
s3929,22
s3930,33
s3931,17
s3931,8
s3932,1
s3933,4
s3934,3
s3935,1
s3936,1
s3937,7
s3938,1
s3939,1
s3939,7
s3940,4
s3941,53
s3942,50
s3943,17
s3943,1
s3944,1
s3945,11
s3946,1
s3947,22
s3948,3
s3949,45
s3950,54
s3951,4
s3952,50
s3953,1
s3954,3
s3955,16
s3956,85
s3956,58
s3957,22
s3958,1
s3959,1
s3959,18
s3960,1
s3961,5
s3961,1
s3962,7
s3963,4
s3964,11
s3964,15
s3965,14
s3966,1
s3967,1
s3968,1
s3969,3
s3970,7
s3971,14
s3971,17
s3972,18
s3973,45
s3974,45
s3975,1
s3976,4
s3977,3
s3978,20
s3979,44
s3980,1
s3981,11
s3982,4
s3983,20
s3984,1
s3985,3
s3986,1
s3987,1
s3988,3
s3989,17
s3990,18
s3991,56
s3992,56
s3993,56
s3994,56
s3995,56
s3996,65
s3997,3
s3998,4
s3999,18
s4000,1
s4001,1
s4002,39
s4003,58
s4003,7
s4003,4
s4004,14
s4004,21
s4005,24
s4006,49
s4006,21
s4007,20
s4008,1
s4009,1
s4010,1
s4011,1
s4012,1
s4012,39
s4013,3
s4014,50
s4015,7
s4016,3
s4017,7
s4018,56
s4019,56
s4020,56
s4021,56
s4022,56
s4023,46
s4024,46
s4025,1
s4026,3
s4027,46
s4028,46
s4029,1
s4030,3
s4031,46
s4032,58
s4033,12
s4034,1
s4035,14
s4036,3
s4037,1
s4038,1
s4039,56
s4040,56
s4041,56
s4042,56
s4043,1
s4044,13
s4045,22
s4046,1
s4047,56
s4048,56
s4049,18
s4050,3
s4051,62
s4051,88
s4051,1
s4052,44
s4053,44
s4054,14
s4054,21
s4055,4
s4056,3
s4057,3
s4058,17
s4059,17
s4060,1
s4060,14
s4061,1
s4062,3
s4063,7
s4063,89
s4064,18
s4065,90
s4065,26
s4066,1
s4067,20
s4067,14
s4068,20
s4068,14
s4069,56
s4070,56
s4071,56
s4072,56
s4073,4
s4074,56
s4075,56
s4076,56
s4077,56
s4078,56
s4079,56
s4080,1
s4081,1
s4082,4
s4083,20
s4084,1
s4085,1
s4086,4
s4087,1
s4088,14
s4089,4
s4090,7
s4091,33
s4092,22
s4093,1
s4094,17
s4095,4
s4096,7
s4096,29
s4096,1
s4097,1
s4098,4
s4099,4
s4100,1
s4101,33
s4102,4
s4103,4
s4104,4
s4105,47
s4106,3
s4107,4
s4108,4
s4109,4
s4110,3
s4111,32
s4112,26
s4113,4
s4114,20
s4115,1
s4115,17
s4116,1
s4117,20
s4118,1
s4119,39
s4120,21
s4121,1
s4122,1
s4123,1
s4124,1
s4125,20
s4126,46
s4127,46
s4128,22
s4129,1
s4130,7
s4131,46
s4132,18
s4133,22
s4134,7
s4135,4
s4136,1
s4137,39
s4138,1
s4139,1
s4140,1
s4141,1
s4142,1
s4143,1
s4144,29
s4145,18
s4146,1
s4146,17
s4147,1
s4148,50
s4149,16
s4149,28
s4150,3
s4151,3
s4152,4
s4152,85
s4153,4
s4154,3
s4155,22
s4156,20
s4157,3
s4158,45
s4158,23
s4159,4
s4160,45
s4161,45
s4162,45
s4163,39
s4164,1
s4165,56
s4166,20
s4166,21
s4167,7
s4168,11
s4169,20
s4170,26
s4170,20
s4171,1
s4171,8
s4172,3
s4173,1
s4174,26
s4175,12
s4176,7
s4176,1
s4177,1
s4178,1
s4179,1
s4180,3
s4181,33
s4182,11
s4183,4
s4184,7
s4185,3
s4186,1
s4187,85
s4188,4
s4189,4
s4190,39
s4191,4
s4192,85
s4193,22
s4194,1
s4195,45
s4196,45
s4197,39
s4198,4
s4199,56
s4200,3
s4201,1
s4202,30
s4203,7
s4204,1
s4205,20
s4206,1
s4207,20
s4207,7
s4208,38
s4209,18
s4210,4
s4211,71
s4212,44
s4213,57
s4213,53
s4213,21
s4214,3
s4215,19
s4216,3
s4217,3
s4218,7
s4219,1
s4220,44
s4221,1
s4222,4
s4223,1
s4224,18
s4225,4
s4226,4
s4227,91
s4228,1
s4229,1
s4230,7
s4231,3
s4232,7
s4233,7
s4234,1
s4235,3
s4236,7
s4237,11
s4238,1
s4239,1
s4240,1
s4241,1
s4242,39
s4243,3
s4244,18
s4245,1
s4246,1
s4247,7
s4248,7
s4249,1
s4250,1
s4251,3
s4252,44
s4253,65
s4253,26
s4253,20
s4254,1
s4255,38
s4256,4
s4257,1
s4258,4
s4259,3
s4260,20
s4261,1
s4262,39
s4263,7
s4263,30
s4263,1
s4264,3
s4265,7
s4266,3
s4267,1
s4268,14
s4268,21
s4269,1
s4270,39
s4271,18
s4272,39
s4273,39
s4274,8
s4275,18
s4276,42
s4276,1
s4277,12
s4278,23
s4279,18
s4280,18
s4281,23
s4282,23
s4283,23
s4284,4
s4285,1
s4286,4
s4287,1
s4288,4
s4289,16
s4290,1
s4291,1
s4292,1
s4293,17
s4293,8
s4293,14
s4293,1
s4294,1
s4295,7
s4295,18
s4296,1
s4297,7
s4298,56
s4299,1
s4300,1
s4301,1
s4302,1
s4303,20
s4304,4
s4305,22
s4306,3
s4307,11
s4307,1
s4308,1
s4309,1
s4310,13
s4311,17
s4311,1
s4312,1
s4313,18
s4314,1
s4315,1
s4316,24
s4317,8
s4318,1
s4319,3
s4320,7
s4320,1
s4321,1
s4322,13
s4323,3
s4324,3
s4325,1
s4326,3
s4327,22
s4328,22
s4329,85
s4330,16
s4330,28
s4331,28
s4332,11
s4333,59
s4333,47
s4333,49
s4333,53
s4334,28
s4334,16
s4335,28
s4336,4
s4337,50
s4338,28
s4339,28
s4339,16
s4340,13
s4341,3
s4342,28
s4342,16
s4342,1
s4343,16
s4343,28
s4344,28
s4345,3
s4346,28
s4347,4
s4348,1
s4349,28
s4350,16
s4351,42
s4351,1
s4352,1
s4353,30
s4353,17
s4354,1
s4355,11
s4356,24
s4356,37
s4356,14
s4356,8
s4357,18
s4358,4
s4359,4
s4360,1
s4360,17
s4361,14
s4362,11
s4362,49
s4363,1
s4364,1
s4364,53
s4365,1
s4366,17
s4367,20
s4368,7
s4369,1
s4370,1
s4371,20
s4372,3
s4373,3
s4374,1
s4374,17
s4375,45
s4376,45
s4377,1
s4378,1
s4379,1
s4380,16
s4381,1
s4381,11
s4382,1
s4383,1
s4384,14
s4384,21
s4385,17
s4386,1
s4387,1
s4388,33
s4389,4
s4390,3
s4391,17
s4392,4
s4393,45
s4394,4
s4395,4
s4396,4
s4397,20
s4398,56
s4399,3
s4400,47
s4401,8
s4401,14
s4401,29
s4402,28
s4403,8
s4404,1
s4405,7
s4405,1
s4406,33
s4407,36
s4408,22
s4408,1
s4409,1
s4410,14
s4410,21
s4411,1
s4412,4
s4413,1
s4414,50
s4415,33
s4416,3
s4417,1
s4418,1
s4419,14
s4419,92
s4419,1
s4420,1
s4421,4
s4422,4
s4423,4
s4424,4
s4425,4
s4426,4
s4427,4
s4428,4
s4429,17
s4430,4
s4431,26
s4432,7
s4432,4
s4433,4
s4434,4
s4435,1
s4436,33
s4437,1
s4438,4
s4439,4
s4440,4
s4441,4
s4442,4
s4443,4
s4444,4
s4445,4
s4446,4
s4447,4
s4448,1
s4449,4
s4450,4
s4451,1
s4452,4
s4453,4
s4454,4
s4455,4
s4456,4
s4457,4
s4458,4
s4459,4
s4460,4
s4461,1
s4462,3
s4463,1
s4464,2
s4465,4
s4466,4
s4467,4
s4468,20
s4468,14
s4469,56
s4470,18
s4471,28
s4471,16
s4472,3
s4473,29
s4473,42
s4473,75
s4474,20
s4474,72
s4475,36
s4476,1
s4476,7
s4477,1
s4477,10
s4478,4
s4479,1
s4480,1
s4481,1
s4482,3
s4483,1
s4484,16
s4485,1
s4486,1
s4487,79
s4488,16
s4489,13
s4490,1
s4491,11
s4491,26
s4492,3
s4493,7
s4493,17
s4493,1
s4493,73
s4494,22
s4495,1
s4496,1
s4497,4
s4498,3
s4499,44
s4500,28
s4500,16
s4501,45
s4501,1
s4502,7
s4503,4
s4504,17
s4505,13
s4506,1
s4507,4
s4508,4
s4509,7
s4510,4
s4511,7
s4511,1
s4512,3
s4513,20
s4513,14
s4514,1
s4515,3
s4516,45
s4517,1
s4518,1
s4519,1
s4520,1
s4520,38
s4520,7
s4520,17
s4521,3
s4522,3
s4523,59
s4523,57
s4523,1
s4524,33
s4525,1
s4526,1
s4527,50
s4528,1
s4529,1
s4530,3
s4531,10
s4531,1
s4532,18
s4533,7
s4534,1
s4535,3
s4536,22
s4537,3
s4538,7
s4538,4
s4538,1
s4539,1
s4540,1
s4540,40
s4541,1
s4542,3
s4543,7
s4544,3
s4545,7
s4546,7
s4547,1
s4548,7
s4549,7
s4550,7
s4551,7
s4551,93
s4552,7
s4553,7
s4554,1
s4554,7
s4555,7
s4556,7
s4557,4
s4558,17
s4559,4
s4560,4
s4561,4
s4562,4
s4563,4
s4564,4
s4565,3
s4566,4
s4567,3
s4568,4
s4569,4
s4570,4
s4571,1
s4572,4
s4573,4
s4574,4
s4575,4
s4576,4
s4577,4
s4578,4
s4579,4
s4580,4
s4581,4
s4582,4
s4583,4
s4584,4
s4585,4
s4586,4
s4587,4
s4588,4
s4589,4
s4590,1
s4591,1
s4591,17
s4592,1
s4593,4
s4594,4
s4595,4
s4596,4
s4597,4
s4597,1
s4598,4
s4599,4
s4600,4
s4601,4
s4602,4
s4603,4
s4604,4
s4605,1
s4606,4
s4607,3
s4608,4
s4609,7
s4610,4
s4611,4
s4612,4
s4613,4
s4614,4
s4614,13
s4615,4
s4616,85
s4617,1
s4617,7
s4618,33
s4619,16
s4620,1
s4621,1
s4622,1
s4623,17
s4624,22
s4624,1
s4625,45
s4626,20
s4627,7
s4627,1
s4628,3
s4629,18
s4630,1
s4631,1
s4632,33
s4633,1
s4634,18
s4635,17
s4635,1
s4636,54
s4637,1
s4638,3
s4639,11
s4640,1
s4641,3
s4642,38
s4642,1
s4643,1
s4644,16
s4645,1
s4646,22
s4647,24
s4648,1
s4649,3
s4650,49
s4651,3
s4652,1
s4653,1
s4654,94
s4655,3
s4656,1
s4657,16
s4657,17
s4657,1
s4658,1
s4659,1
s4660,21
s4660,7
s4660,1
s4661,4
s4662,7
s4662,1
s4663,44
s4664,1
s4665,39
s4666,14
s4666,21
s4667,4
s4668,4
s4669,4
s4670,4
s4670,8
s4670,62
s4671,13
s4672,14
s4673,20
s4674,1
s4674,10
s4675,1
s4676,20
s4677,1
s4677,33
s4677,22
s4677,11
s4677,18
s4677,8
s4678,3
s4679,36
s4680,4
s4681,4
s4682,4
s4683,1
s4684,1
s4685,3
s4686,4
s4687,17
s4688,16
s4689,1
s4690,7
s4691,4
s4692,4
s4693,4
s4694,4
s4695,4
s4696,1
s4697,1
s4698,20
s4698,11
s4699,1
s4700,22
s4701,4
s4702,1
s4702,4
s4703,13
s4704,1
s4705,1
s4706,7
s4706,14
s4706,1
s4707,1
s4708,1
s4709,26
s4709,20
s4710,1
s4711,3
s4712,39
s4713,4
s4714,4
s4715,4
s4716,16
s4716,18
s4717,20
s4718,3
s4719,1
s4720,4
s4721,4
s4722,4
s4723,4
s4724,4
s4725,4
s4726,4
s4727,4
s4728,4
s4729,4
s4730,4
s4731,4
s4732,4
s4733,4
s4734,4
s4735,4
s4736,4
s4737,4
s4738,4
s4739,11
s4740,1
s4741,26
s4741,14
s4742,18
s4743,18
s4744,14
s4745,18
s4746,13
s4747,13
s4748,13
s4749,14
s4749,21
s4750,11
s4751,11
s4751,1
s4752,1
s4753,18
s4754,13
s4754,1
s4755,20
s4756,4
s4757,1
s4758,20
s4759,7
s4760,32
s4761,16
s4761,1
s4761,7
s4762,1
s4763,1
s4764,18
s4765,17
s4765,1
s4766,33
s4767,20
s4768,3
s4769,20
s4770,18
s4771,13
s4772,1
s4773,16
s4774,1
s4775,1
s4776,11
s4777,38
s4778,7
s4779,1
s4780,22
s4781,1
s4782,26
s4783,1
s4784,20
s4785,14
s4785,69
s4785,1
s4786,1
s4787,1
s4788,1
s4789,1
s4790,16
s4790,1
s4790,13
s4791,4
s4792,1
s4793,4
s4794,4
s4795,1
s4796,4
s4797,4
s4798,4
s4799,1
s4800,11
s4801,4
s4802,1
s4803,4
s4804,1
s4805,1
s4806,20
s4807,7
s4808,7
s4809,68
s4810,7
s4810,1
s4811,36
s4811,11
s4812,1
s4813,1
s4814,1
s4814,17
s4815,1
s4816,33
s4817,18
s4818,14
s4819,1
s4820,1
s4820,17
s4820,30
s4821,7
s4822,1
s4823,16
s4824,13
s4825,1
s4826,4
s4827,38
s4828,79
s4829,1
s4830,20
s4831,68
s4831,79
s4832,3
s4833,3
s4834,1
s4835,13
s4836,11
s4837,14
s4838,1
s4839,18
s4840,4
s4841,44
s4842,14
s4843,1
s4844,8
s4845,1
s4846,1
s4847,1
s4848,20
s4849,22
s4850,26
s4851,1
s4852,1
s4853,1
s4853,11
s4854,18
s4855,1
s4856,2
s4857,3
s4858,17
s4858,1
s4858,14
s4859,1
s4860,26
s4860,24
s4861,4
s4862,18
s4863,18
s4864,1
s4865,1
s4866,1
s4867,11
s4868,1
s4869,7
s4869,1
s4870,1
s4871,1
s4872,8
s4873,1
s4874,17
s4874,18
s4874,1
s4875,1
s4876,7
s4876,17
s4876,1
s4876,8
s4877,14
s4878,1
s4879,24
s4879,37
s4879,95
s4879,42
s4880,1
s4880,18
s4880,17
s4881,11
s4882,16
s4882,28
s4883,20
s4884,36
s4885,70
s4886,4
s4887,4
s4888,24
s4888,1
s4888,26
s4889,1
s4890,26
s4890,20
s4891,1
s4892,17
s4893,3
s4894,20
s4895,3
s4896,1
s4897,3
s4898,3
s4899,14
s4900,4
s4901,3
s4902,1
s4903,20
s4904,43
s4904,55
s4904,46
s4904,54
s4904,48
s4905,4
s4906,14
s4907,3
s4908,1
s4909,3
s4910,20
s4911,3
s4912,1
s4913,1
s4914,3
s4915,3
s4916,8
s4917,1
s4918,33
s4919,22
s4920,1
s4921,1
s4922,17
s4922,1
s4923,1
s4924,33
s4925,8
s4926,14
s4927,1
s4928,1
s4928,17
s4928,45
s4928,7
s4928,16
s4928,23
s4929,1
s4930,14
s4931,1
s4932,36
s4933,7
s4934,56
s4935,1
s4936,1
s4937,20
s4937,36
s4938,1
s4939,1
s4940,11
s4940,1
s4941,26
s4942,7
s4942,2
s4942,13
s4942,1
s4943,14
s4944,40
s4945,14
s4946,4
s4947,1
s4948,26
s4948,33
s4948,14
s4948,42
s4948,8
s4948,47
s4949,4
s4950,53
s4951,1
s4952,7
s4953,4
s4954,4
s4955,4
s4956,4
s4957,4
s4958,7
s4959,7
s4960,1
s4961,1
s4962,1
s4963,11
s4964,7
s4964,20
s4964,1
s4964,8
s4965,17
s4966,17
s4967,17
s4968,7
s4969,7
s4970,56
s4970,60
s4971,1
s4972,49
s4972,21
s4972,8
s4972,35
s4973,1
s4974,7
s4975,1
s4976,4
s4977,1
s4978,58
s4978,1
s4979,26
s4980,1
s4981,1
s4982,3
s4983,18
s4984,53
s4985,46
s4986,21
s4987,42
s4988,22
s4989,18
s4990,7
s4991,1
s4992,18
s4993,7
s4993,1
s4994,1
s4995,22
s4996,4
s4997,40
s4997,1
s4998,59
s4998,8
s4998,53
s4999,1
s5000,3
s5001,1
s5002,26
s5003,68
s5004,17
s5005,17
s5006,1
s5007,1
s5008,4
s5009,4
s5010,4
s5011,1
s5012,8
s5013,4
s5014,20
s5015,4
s5016,17
s5017,17
s5018,17
s5019,17
s5020,17
s5021,4
s5022,4
s5023,22
s5024,7
s5025,1
s5026,20
s5027,22
s5027,16
s5028,14
s5029,7
s5029,8
s5030,1
s5031,7
s5032,22
s5033,7
s5034,18
s5035,26
s5036,1
s5037,1
s5038,1
s5039,18
s5040,1
s5041,4
s5042,1
s5043,7
s5043,17
s5044,96
s5045,1
s5046,3
s5047,1
s5048,1
s5049,1
s5050,3
s5051,52
s5052,22
s5053,1
s5053,11
s5054,1
s5055,1
s5056,8
s5057,1
s5058,7
s5059,20
s5060,1
s5061,23
s5062,11
s5063,26
s5064,1
s5065,40
s5065,1
s5066,22
s5067,36
s5068,1
s5069,3
s5070,1
s5070,32
s5071,18
s5072,1
s5073,1
s5074,17
s5074,1
s5075,7
s5076,20
s5077,36
s5078,18
s5079,1
s5080,97
s5080,4
s5081,4
s5082,13
s5082,58
s5083,1
s5084,10
s5084,1
s5085,1
s5086,22
s5087,1
s5088,36
s5089,4
s5090,3
s5091,7
s5091,1
s5092,1
s5093,18
s5094,1
s5095,20
s5096,18
s5097,18
s5098,7
s5099,18
s5100,14
s5101,1
s5102,1
s5103,17
s5104,14
s5105,14
s5106,3
s5107,8
s5108,1
s5109,1
s5110,3
s5111,1
s5112,7
s5113,13
s5113,1
s5114,1
s5115,26
s5116,17
s5117,11
s5117,1
s5118,7
s5119,17
s5119,8
s5119,2
s5120,22
s5121,3
s5122,1
s5123,4
s5124,1
s5125,22
s5125,16
s5125,1
s5126,1
s5127,1
s5128,1
s5129,3
s5130,1
s5131,4
s5132,4
s5132,97
s5133,13
s5133,1
s5134,1
s5135,1
s5136,4
s5137,18
s5137,1
s5138,1
s5139,1
s5140,50
s5141,1
s5142,18
s5143,4
s5143,11
s5144,96
s5144,8
s5144,14
s5145,14
s5146,3
s5147,58
s5147,25
s5148,1
s5149,1
s5150,7
s5151,7
s5152,4
s5153,1
s5154,20
s5155,18
s5156,3
s5157,3
s5158,22
s5159,1
s5160,1
s5161,13
s5161,17
s5162,1
s5163,1
s5164,1
s5165,17
s5165,1
s5166,1
s5167,1
s5168,1
s5169,1
s5170,18
s5171,29
s5172,1
s5173,17
s5174,18
s5175,18
s5176,1
s5177,11
s5178,33
s5179,18
s5180,1
s5181,1
s5182,1
s5183,1
s5184,4
s5185,3
s5186,17
s5187,4
s5188,20
s5189,58
s5190,8
s5191,16
s5192,3
s5193,3
s5194,3
s5195,3
s5196,23
s5197,1
s5198,1
s5199,1
s5200,17
s5201,1
s5202,1
s5203,1
s5204,1
s5205,7
s5206,17
s5206,1
s5207,7
s5208,1
s5209,1
s5210,1
s5211,1
s5212,1
s5213,14
s5214,1
s5215,4
s5216,3
s5217,3
s5218,4
s5219,32
s5220,14
s5221,4
s5221,50
s5222,1
s5223,8
s5223,35
s5223,49
s5224,12
s5224,14
s5224,8
s5224,42
s5225,11
s5226,7
s5227,1
s5228,1
s5229,43
s5230,20
s5231,1
s5232,18
s5233,16
s5234,34
s5234,1
s5235,1
s5236,22
s5237,18
s5238,1
s5238,17
s5239,20
s5240,1
s5240,24
s5241,1
s5242,17
s5243,3
s5244,14
s5244,7
s5244,1
s5245,1
s5246,1
s5247,23
s5248,23
s5249,59
s5249,8
s5250,11
s5251,39
s5252,7
s5253,1
s5254,1
s5255,3
s5256,1
s5257,3
s5258,7
s5259,1
s5260,3
s5261,14
s5261,98
s5262,1
s5263,1
s5263,18
s5264,17
s5265,17
s5266,20
s5266,26
s5267,1
s5268,1
s5269,1
s5270,1
s5270,17
s5271,70
s5271,1
s5272,1
s5272,47
s5273,1
s5274,1
s5275,13
s5276,1
s5277,1
s5278,1
s5279,20
s5280,68
s5281,1
s5282,3
s5283,1
s5284,1
s5285,1
s5286,1
s5287,1
s5288,1
s5289,39
s5290,39
s5291,4
s5292,3
s5293,18
s5294,18
s5295,1
s5296,4
s5297,4
s5298,18
s5299,18
s5300,1
s5301,4
s5302,1
s5303,1
s5304,4
s5305,4
s5306,1
s5306,36
s5306,11
s5307,8
s5308,1
s5309,14
s5310,4
s5310,97
s5311,26
s5311,20
s5312,16
s5313,7
s5313,24
s5313,38
s5313,79
s5313,1
s5314,26
s5314,65
s5314,20
s5314,14
s5315,26
s5316,1
s5317,1
s5318,13
s5319,1
s5320,1
s5321,1
s5322,1
s5323,1
s5324,7
s5324,14
s5324,1
s5324,21
s5325,12
s5326,1
s5327,1
s5328,18
s5329,1
s5330,1
s5331,11
s5332,1
s5333,1
s5334,1
s5335,4
s5336,3
s5337,3
s5338,4
s5339,3
s5340,3
s5341,1
s5342,14
s5342,17
s5342,16
s5342,70
s5343,11
s5344,1
s5345,7
s5345,14
s5345,21
s5345,1
s5346,1
s5347,20
s5347,8
s5348,23
s5349,39
s5350,22
s5351,29
s5352,30
s5353,3
s5354,1
s5355,39
s5356,29
s5357,3
s5358,3
s5359,1
s5360,13
s5361,3
s5362,68
s5362,14
s5363,23
s5364,7
s5365,14
s5366,7
s5367,7
s5368,1
s5369,1
s5370,1
s5371,53
s5371,1
s5372,4
s5373,1
s5374,20
s5375,20
s5376,1
s5377,1
s5378,1
s5379,1
s5380,1
s5381,1
s5382,17
s5383,16
s5384,16
s5385,16
s5386,1
s5387,16
s5388,14
s5389,12
s5390,13
s5391,23
s5392,4
s5393,1
s5393,17
s5394,3
s5395,49
s5396,12
s5397,4
s5398,7
s5399,4
s5400,23
s5401,4
s5402,3
s5403,20
s5404,23
s5405,23
s5406,23
s5407,23
s5408,23
s5409,4
s5410,23
s5411,23
s5412,20
s5413,1
s5413,17
s5414,1
s5414,7
s5415,18
s5416,22
s5416,1
s5417,1
s5418,1
s5419,49
s5419,1
s5420,1
s5421,4
s5422,1
s5423,1
s5423,18
s5423,17
s5424,1
s5425,1
s5426,1
s5427,1
s5428,1
s5429,24
s5429,1
s5430,4
s5431,33
s5432,7
s5433,1
s5434,22
s5435,22
s5436,22
s5437,22
s5438,16
s5439,22
s5440,22
s5441,17
s5441,1
s5442,4
s5443,45
s5444,20
s5445,7
s5446,1
s5447,22
s5448,4
s5449,7
s5450,1
s5451,7
s5452,7
s5453,4
s5454,1
s5455,33
s5456,14
s5456,7
s5456,4
s5457,17
s5457,1
s5458,23
s5459,3
s5460,1
s5461,4
s5462,4
s5463,4
s5464,20
s5465,47
s5466,23
s5467,7
s5468,7
s5469,1
s5470,4
s5471,1
s5472,1
s5473,4
s5474,1
s5475,14
s5476,3
s5477,18
s5478,44
s5479,33
s5480,1
s5481,1
s5482,4
s5483,4
s5484,1
s5485,1
s5486,4
s5487,10
s5487,99
s5488,8
s5488,1
s5489,3
s5490,1
s5491,7
s5492,14
s5492,17
s5493,1
s5494,1
s5495,13
s5496,11
s5497,1
s5498,1
s5499,23
s5499,14
s5500,4
s5501,4
s5502,14
s5502,21
s5503,14
s5503,21
s5504,7
s5505,17
s5506,4
s5507,17
s5508,20
s5508,37
s5509,1
s5509,13
s5509,16
s5510,22
s5511,22
s5512,1
s5513,17
s5513,1
s5514,22
s5515,20
s5516,4
s5517,2
s5517,1
s5517,8
s5518,53
s5519,1
s5520,17
s5521,1
s5522,1
s5523,1
s5524,1
s5525,1
s5526,1
s5527,8
s5528,8
s5529,8
s5530,24
s5531,19
s5532,14
s5532,21
s5533,20
s5534,1
s5535,11
s5536,1
s5537,1
s5538,22
s5539,1
s5540,20
s5540,26
s5541,1
s5542,1
s5543,12
s5544,33
s5545,1
s5546,4
s5547,1
s5548,4
s5549,1
s5550,4
s5551,20
s5552,26
s5553,20
s5554,7
s5555,3
s5556,7
s5557,1
s5558,1
s5559,1
s5559,7
s5559,13
s5560,33
s5561,1
s5562,1
s5563,1
s5564,18
s5565,1
s5566,1
s5567,1
s5568,13
s5569,22
s5570,18
s5571,7
s5571,18
s5571,1
s5572,4
s5573,17
s5574,7
s5575,4
s5576,1
s5577,1
s5578,72
s5578,20
s5579,1
s5580,1
s5581,22
s5582,12
s5583,1
s5584,7
s5585,4
s5586,22
s5587,1
s5588,4
s5589,33
s5590,33
s5591,1
s5592,11
s5593,22
s5594,12
s5595,1
s5596,20
s5597,1
s5598,20
s5598,24
s5598,26
s5599,22
s5600,4
s5601,8
s5602,22
s5603,17
s5604,22
s5605,20
s5606,68
s5606,20
s5606,26
s5606,8
s5607,1
s5608,7
s5609,22
s5610,18
s5611,7
s5611,1
s5612,24
s5613,93
s5614,1
s5615,11
s5616,1
s5617,4
s5618,4
s5619,4
s5620,20
s5621,20
s5622,17
s5622,1
s5623,1
s5624,11
s5625,14
s5626,7
s5627,33
s5628,1
s5629,14
s5630,4
s5631,1
s5632,1
s5633,8
s5634,62
s5634,10
s5635,8
s5636,8
s5637,14
s5638,1
s5639,54
s5639,60
s5640,1
s5641,1
s5642,7
s5642,35
s5642,60
s5642,92
s5643,1
s5644,1
s5645,17
s5646,1
s5647,1
s5648,4
s5649,1
s5650,14
s5650,21
s5651,1
s5652,4
s5653,11
s5654,22
s5655,18
s5656,1
s5657,11
s5658,1
s5659,1
s5660,14
s5660,22
s5660,18
s5661,1
s5662,1
s5663,7
s5664,1
s5665,8
s5666,22
s5667,7
s5668,22
s5669,22
s5670,22
s5671,16
s5672,22
s5673,18
s5674,22
s5675,7
s5676,22
s5677,38
s5677,8
s5677,14
s5678,17
s5678,18
s5678,49
s5679,11
s5680,1
s5681,7
s5682,1
s5683,1
s5683,52
s5684,1
s5685,39
s5686,1
s5687,14
s5687,8
s5688,1
s5689,1
s5690,1
s5691,1
s5692,14
s5693,17
s5694,17
s5694,1
s5695,1
s5696,1
s5697,4
s5698,1
s5699,79
s5700,39
s5701,39
s5702,4
s5703,1
s5704,39
s5705,1
s5706,4
s5707,11
s5708,1
s5709,1
s5710,1
s5711,4
s5712,11
s5713,1
s5714,1
s5715,14
s5715,60
s5716,36
s5717,7
s5718,8
s5719,4
s5720,1
s5721,14
s5722,1
s5723,57
s5724,7
s5725,1
s5726,62
s5727,7
s5728,39
s5729,39
s5730,39
s5731,39
s5732,39
s5733,39
s5734,1
s5735,3
s5736,20
s5737,17
s5738,17
s5738,1
s5739,7
s5739,8
s5739,17
s5740,14
s5741,14
s5741,21
s5742,17
s5743,14
s5744,20
s5745,1
s5746,1
s5747,14
s5748,18
s5749,18
s5750,18
s5751,14
s5752,18
s5753,7
s5753,14
s5754,18
s5755,1
s5756,1
s5757,1
s5758,1
s5759,1
s5760,1
s5761,30
s5761,2
s5762,1
s5763,39
s5764,39
s5765,32
s5766,33
s5767,39
s5768,4
s5769,39
s5770,1
s5770,29
s5771,68
s5771,1
s5771,14
s5772,39
s5773,20
s5774,1
s5774,17
s5775,1
s5776,3
s5777,49
s5778,39
s5779,4
s5780,1
s5781,24
s5782,39
s5783,47
s5783,1
s5784,1
s5785,1
s5786,1
s5787,3
s5788,3
s5789,3
s5790,3
s5791,3
s5792,3
s5793,17
s5793,1
s5794,1
s5795,1
s5796,7
s5797,1
s5798,1
s5799,7
s5800,3
s5801,1
s5802,7
s5803,7
s5804,1
s5805,7
s5806,39
s5807,7
s5808,18
s5809,1
s5810,1
s5811,1
s5812,1
s5813,7
s5814,1
s5815,7
s5816,1
s5817,1
s5818,1
s5819,1
s5820,1
s5821,1
s5822,7
s5823,7
s5824,7
s5825,1
s5826,36
s5827,7
s5828,1
s5829,1
s5830,1
s5830,14
s5831,1
s5832,1
s5833,17
s5834,4
s5834,7
s5835,18
s5836,1
s5837,1
s5838,4
s5839,3
s5840,11
s5841,1
s5842,16
s5842,28
s5843,1
s5844,18
s5845,13
s5846,13
s5847,1
s5848,1
s5849,17
s5849,7
s5849,1
s5850,1
s5851,1
s5852,21
s5852,14
s5852,49
s5853,1
s5854,18
s5854,1
s5855,1
s5856,17
s5857,18
s5858,1
s5859,17
s5860,7
s5861,7
s5862,1
s5863,1
s5864,18
s5865,16
s5865,1
s5866,1
s5867,1
s5868,1
s5869,1
s5870,1
s5871,3
s5872,1
s5873,11
s5874,28
s5874,16
s5875,28
s5875,16
s5876,1
s5877,1
s5878,14
s5879,1
s5880,1
s5881,17
s5882,1
s5883,18
s5884,1
s5885,1
s5886,1
s5887,1
s5888,1
s5889,1
s5890,1
s5891,1
s5892,1
s5893,1
s5894,7
s5894,100
s5894,1
s5895,1
s5896,3
s5897,1
s5898,1
s5899,1
s5900,1
s5901,1
s5902,1
s5903,8
s5903,13
s5903,14
s5903,16
s5904,1
s5905,1
s5906,1
s5907,1
s5908,1
s5909,7
s5910,11
s5911,1
s5912,1
s5913,1
s5914,1
s5915,14
s5916,1
s5917,1
s5918,1
s5919,1
s5920,3
s5921,1
s5922,1
s5923,59
s5923,1
s5924,17
s5925,1
s5926,66
s5927,1
s5928,1
s5929,1
s5930,1
s5931,1
s5931,101
s5931,102
s5932,1
s5933,1
s5934,1
s5934,52
s5934,30
s5934,17
s5935,1
s5936,7
s5936,46
s5936,1
s5937,1
s5938,1
s5939,1
s5940,1
s5940,7
s5941,1
s5942,1
s5943,1
s5944,1
s5945,1
s5946,1
s5947,1
s5948,1
s5949,1
s5950,1
s5951,1
s5952,1
s5953,1
s5954,1
s5954,14
s5954,7
s5955,20
s5955,11
s5955,14
s5956,1
s5957,47
s5958,1
s5959,1
s5960,1
s5961,1
s5962,4
s5963,4
s5964,19
s5965,3
s5966,59
s5966,57
s5966,1
s5967,4
s5968,7
s5969,4
s5970,4
s5971,4
s5972,1
s5973,17
s5974,17
s5975,3
s5976,57
s5977,12
s5978,1
s5979,12
s5980,1
s5981,1
s5982,1
s5982,2
s5983,20
s5984,1
s5985,7
s5986,1
s5987,22
s5988,1
s5989,1
s5990,3
s5991,28
s5991,16
s5991,23
s5992,1
s5993,1
s5993,8
s5994,1
s5995,1
s5996,1
s5997,1
s5998,22
s5999,7
s6000,1
s6001,1
s6002,4
s6003,1
s6004,2
s6004,16
s6004,1
s6005,26
s6006,7
s6007,1
s6008,3
s6009,1
s6010,45
s6011,17
s6012,46
s6013,1
s6014,47
s6014,14
s6014,42
s6015,1
s6016,1
s6017,3
s6018,1
s6019,1
s6020,1
s6021,45
s6022,32
s6022,7
s6023,4
s6024,1
s6025,4
s6026,85
s6027,1
s6028,1
s6028,16
s6029,4
s6030,1
s6031,1
s6031,7
s6032,7
s6032,1
s6033,1
s6034,49
s6034,47
s6034,2
s6035,17
s6035,1
s6036,4
s6037,1
s6038,39
s6039,1
s6040,1
s6041,1
s6042,1
s6043,1
s6044,1
s6045,22
s6046,3
s6047,58
s6047,1
s6048,1
s6049,33
s6050,1
s6051,49
s6052,7
s6053,1
s6054,1
s6055,17
s6056,4
s6057,92
s6057,14
s6058,1
s6058,7
s6058,14
s6059,1
s6060,38
s6060,1
s6061,1
s6062,1
s6063,1
s6064,4
s6065,1
s6066,1
s6067,7
s6068,1
s6069,17
s6070,1
s6071,12
s6072,4
s6073,4
s6074,4
s6075,4
s6076,4
s6077,4
s6078,46
s6079,4
s6080,22
s6081,1
s6082,7
s6082,1
s6082,14
s6082,8
s6083,26
s6084,11
s6085,17
s6086,1
s6086,7
s6087,1
s6088,12
s6088,1
s6089,17
s6090,1
s6091,14
s6092,13
s6092,14
s6093,4
s6094,17
s6094,1
s6095,7
s6096,1
s6097,1
s6098,1
s6099,1
s6099,68
s6100,7
s6101,7
s6102,3
s6103,4
s6104,4
s6105,1
s6106,7
s6107,4
s6108,4
s6109,46
s6110,1
s6110,40
s6111,20
s6112,1
s6113,1
s6114,1
s6115,53
s6115,1
s6116,1
s6117,30
s6117,7
s6117,1
s6118,20
s6118,24
s6119,1
s6120,1
s6121,1
s6122,7
s6123,7
s6123,14
s6123,8
s6124,1
s6124,8
s6124,17
s6125,1
s6126,1
s6126,4
s6127,7
s6128,1
s6129,1
s6130,7
s6131,4
s6132,46
s6133,1
s6134,1
s6135,1
s6136,1
s6137,1
s6138,1
s6139,1
s6140,1
s6141,1
s6142,17
s6143,17
s6143,69
s6144,1
s6145,7
s6145,1
s6146,1
s6147,1
s6148,1
s6148,17
s6149,1
s6150,7
s6151,4
s6152,1
s6153,1
s6154,1
s6155,1
s6156,46
s6157,39
s6158,1
s6159,46
s6160,4
s6161,20
s6162,1
s6163,1
s6164,1
s6165,1
s6166,4
s6166,8
s6167,4
s6168,4
s6169,4
s6170,1
s6171,33
s6171,49
s6171,1
s6171,36
s6171,62
s6171,8
s6172,1
s6173,46
s6174,3
s6175,1
s6176,1
s6177,4
s6178,18
s6179,1
s6180,1
s6181,1
s6181,17
s6182,14
s6182,17
s6182,21
s6183,1
s6184,46
s6185,45
s6186,1
s6187,7
s6187,1
s6188,1
s6189,1
s6190,1
s6191,22
s6192,1
s6193,17
s6194,1
s6194,17
s6195,17
s6195,14
s6196,7
s6197,68
s6198,7
s6199,13
s6200,40
s6200,1
s6200,20
s6200,17
s6201,1
s6202,53
s6202,49
s6203,4
s6204,4
s6205,12
s6206,14
s6206,1
s6206,11
s6207,4
s6208,33
s6209,17
s6210,1
s6211,13
s6211,7
s6211,58
s6211,17
s6212,1
s6213,1
s6214,7
s6215,23
s6215,1
s6216,1
s6216,17
s6217,4
s6218,4
s6219,1
s6220,68
s6221,1
s6222,1
s6223,1
s6224,85
s6225,12
s6226,1
s6227,1
s6228,44
s6229,3
s6230,44
s6231,44
s6232,20
s6233,4
s6234,13
s6234,103
s6234,18
s6234,35
s6234,11
s6234,104
s6234,32
s6234,56
s6234,2
s6234,53
s6234,1
s6234,65
s6235,1
s6236,1
s6237,1
s6238,1
s6239,1
s6240,1
s6241,1
s6241,17
s6242,1
s6242,17
s6243,1
s6244,1
s6245,1
s6246,68
s6247,4
s6248,1
s6249,1
s6249,14
s6250,24
s6251,1
s6252,1
s6253,1
s6254,7
s6255,4
s6256,4
s6257,1
s6257,13
s6258,1
s6259,29
s6260,8
s6261,7
s6261,1
s6262,1
s6263,17
s6264,22
s6265,17
s6266,3
s6267,1
s6268,1
s6269,45
s6270,46
s6271,7
s6271,30
s6272,1
s6273,1
s6274,18
s6274,1
s6275,1
s6276,3
s6277,12
s6278,4
s6279,7
s6280,1
s6281,17
s6282,1
s6283,1
s6284,1
s6285,1
s6286,12
s6287,8
s6288,3
s6289,1
s6290,4
s6291,46
s6292,18
s6293,1
s6293,4
s6294,4
s6294,92
s6295,4
s6296,4
s6297,4
s6298,3
s6299,4
s6300,4
s6301,4
s6302,1
s6302,14
s6302,18
s6303,1
s6304,1
s6305,7
s6306,1
s6306,8
s6307,1
s6308,47
s6309,1
s6310,7
s6311,1
s6312,7
s6312,14
s6313,1
s6314,4
s6315,4
s6316,17
s6317,1
s6318,51
s6319,17
s6320,20
s6321,4
s6322,1
s6323,1
s6323,7
s6324,12
s6325,20
s6326,1
s6327,1
s6328,1
s6329,26
s6329,20
s6330,1
s6331,1
s6332,1
s6333,1
s6334,13
s6334,1
s6335,14
s6336,44
s6337,14
s6338,1
s6339,14
s6339,21
s6339,20
s6340,1
s6341,1
s6342,7
s6343,1
s6343,14
s6344,8
s6344,1
s6345,1
s6346,17
s6347,1
s6348,3
s6349,17
s6350,47
s6350,53
s6350,38
s6350,1
s6351,4
s6352,7
s6353,30
s6353,7
s6354,1
s6354,57
s6355,1
s6356,1
s6357,49
s6358,13
s6359,1
s6360,4
s6361,3
s6362,7
s6363,1
s6364,7
s6364,29
s6365,7
s6366,17
s6366,1
s6367,33
s6368,1
s6369,1
s6370,1
s6371,1
s6372,1
s6372,38
s6372,24
s6372,2
s6373,1
s6374,1
s6375,4
s6376,13
s6377,1
s6378,1
s6379,3
s6380,1
s6381,16
s6382,1
s6383,17
s6384,17
s6385,17
s6386,3
s6387,45
s6387,23
s6388,49
s6388,47
s6388,14
s6388,8
s6389,1
s6390,3
s6391,1
s6392,1
s6393,22
s6393,18
s6394,7
s6395,1
s6396,1
s6397,21
s6397,14
s6398,1
s6399,7
s6400,45
s6401,26
s6402,22
s6403,7
s6403,85
s6404,4
s6405,3
s6406,3
s6407,3
s6408,24
s6409,11
s6409,1
s6410,1
s6411,1
s6412,17
s6413,1
s6414,22
s6415,1
s6416,1
s6416,7
s6417,14
s6418,14
s6418,32
s6419,4
s6420,30
s6421,1
s6422,56
s6423,7
s6423,1
s6423,13
s6424,1
s6425,1
s6426,1
s6426,11
s6427,18
s6428,7
s6428,10
s6428,1
s6428,8
s6428,105
s6429,28
s6430,28
s6431,3
s6432,1
s6433,16
s6433,8
s6433,4
s6433,1
s6434,1
s6434,13
s6435,17
s6436,59
s6437,4
s6438,1
s6439,4
s6440,4
s6441,4
s6442,85
s6443,8
s6443,106
s6444,1
s6445,45
s6446,1
s6446,53
s6447,7
s6447,1
s6448,1
s6449,1
s6450,4
s6451,1
s6452,17
s6453,28
s6453,16
s6454,1
s6455,4
s6455,14
s6456,13
s6457,1
s6458,22
s6459,1
s6460,7
s6461,7
s6462,3
s6463,3
s6464,3
s6465,4
s6466,4
s6467,1
s6468,19
s6469,1
s6470,3
s6471,16
s6472,3
s6473,1
s6473,4
s6473,71
s6474,7
s6474,1
s6475,1
s6475,17
s6475,14
s6476,1
s6477,1
s6478,1
s6479,17
s6479,1
s6480,1
s6481,1
s6482,1
s6483,26
s6484,50
s6485,85
s6486,4
s6487,1
s6488,7
s6489,33
s6489,14
s6489,8
s6490,7
s6491,7
s6492,1
s6493,1
s6493,7
s6493,13
s6494,1
s6495,1
s6496,4
s6497,1
s6498,1
s6499,7
s6500,1
s6501,7
s6501,1
s6502,8
s6502,1
s6502,28
s6502,23
s6503,14
s6503,8
s6503,37
s6504,1
s6505,3
s6506,3
s6507,3
s6508,3
s6509,3
s6510,3
s6511,1
s6511,8
s6512,1
s6513,4
s6514,1
s6515,1
s6516,4
s6517,8
s6517,14
s6517,69
s6517,7
s6517,1
s6518,4
s6519,17
s6519,1
s6519,7
s6520,1
s6521,3
s6522,1
s6523,4
s6524,7
s6524,17
s6524,24
s6525,1
s6526,10
s6526,14
s6527,1
s6528,51
s6529,30
s6530,12
s6531,4
s6532,3
s6533,1
s6534,1
s6535,17
s6536,3
s6537,1
s6538,17
s6539,13
s6540,1
s6541,1
s6541,8
s6542,4
s6543,14
s6544,39
s6544,28
s6544,1
s6544,16
s6545,1
s6546,1
s6547,4
s6548,12
s6549,1
s6550,7
s6551,1
s6552,1
s6553,26
s6554,4
s6555,1
s6555,4
s6556,1
s6557,13
s6558,8
s6558,13
s6559,8
s6560,11
s6561,7
s6562,1
s6563,1
s6564,30
s6565,4
s6566,7
s6566,42
s6566,1
s6567,1
s6567,7
s6567,14
s6568,4
s6569,4
s6570,4
s6571,7
s6571,1
s6572,16
s6573,39
s6574,1
s6575,49
s6576,1
s6577,7
s6578,4
s6579,1
s6580,1
s6581,4
s6582,1
s6583,17
s6584,1
s6585,1
s6586,7
s6587,1
s6588,13
s6589,4
s6590,1
s6591,1
s6592,47
s6592,83
s6593,1
s6594,1
s6595,3
s6596,1
s6597,46
s6598,7
s6598,2
s6599,1
s6600,15
s6600,53
s6600,59
s6600,107
s6600,8
s6601,17
s6602,4
s6603,4
s6604,1
s6605,4
s6606,16
s6606,28
s6607,7
s6608,7
s6609,14
s6609,21
s6610,7
s6610,1
s6611,4
s6612,1
s6613,1
s6614,17
s6615,28
s6616,1
s6617,1
s6618,2
s6618,1
s6618,32
s6618,17
s6619,3
s6620,1
s6620,24
s6620,7
s6620,108
s6621,1
s6622,1
s6623,1
s6624,47
s6624,14
s6624,21
s6624,24
s6624,49
s6624,1
s6624,7
s6625,1
s6626,1
s6627,1
s6627,13
s6627,11
s6628,14
s6629,14
s6630,14
s6631,7
s6632,7
s6633,1
s6634,1
s6635,7
s6635,10
s6635,8
s6635,1
s6636,1
s6637,28
s6638,1
s6639,1
s6640,1
s6641,14
s6641,16
s6641,18
s6641,1
s6642,1
s6643,1
s6644,1
s6645,1
s6646,3
s6647,1
s6647,22
s6647,16
s6648,1
s6649,8
s6650,8
s6650,21
s6651,1
s6652,1
s6653,1
s6653,68
s6654,85
s6654,59
s6654,1
s6655,4
s6656,1
s6657,7
s6658,1
s6659,33
s6660,7
s6661,3
s6662,1
s6663,1
s6664,39
s6665,1
s6666,1
s6667,4
s6668,4
s6669,4
s6670,4
s6671,1
s6671,17
s6671,21
s6671,7
s6672,20
s6673,36
s6674,36
s6675,11
s6676,27
s6677,1
s6678,20
s6679,1
s6680,3
s6681,49
s6682,7
s6683,1
s6684,14
s6685,3
s6686,3
s6687,7
s6688,1
s6689,45
s6690,13
s6691,1
s6692,17
s6692,14
s6692,24
s6692,98
s6692,1
s6693,1
s6694,3
s6695,4
s6696,7
s6697,1
s6698,3
s6699,17
s6699,20
s6699,14
s6700,1
s6701,17
s6702,28
s6702,1
s6703,1
s6703,45
s6704,1
s6705,42
s6706,26
s6707,11
s6708,4
s6709,24
s6710,3
s6711,1
s6712,7
s6712,1
s6713,1
s6714,20
s6714,14
s6714,24
s6715,7
s6716,1
s6717,7
s6718,16
s6719,3
s6720,1
s6721,59
s6722,1
s6723,1
s6724,1
s6725,7
s6725,1
s6726,12
s6727,12
s6728,12
s6729,12
s6730,1
s6731,1
s6732,18
s6733,7
s6734,4
s6735,1
s6736,1
s6737,8
s6738,4
s6739,1
s6740,4
s6741,46
s6742,3
s6743,7
s6744,1
s6745,4
s6746,1
s6747,1
s6748,19
s6749,7
s6750,1
s6751,12
s6752,1
s6753,45
s6754,1
s6755,1
s6755,17
s6756,1
s6756,8
s6757,24
s6757,14
s6758,4
s6759,1
s6760,7
s6760,17
s6760,1
s6761,7
s6762,3
s6763,1
s6764,3
s6765,58
s6766,28
s6767,1
s6768,17
s6768,1
s6769,46
s6770,1
s6771,22
s6772,28
s6773,58
s6773,1
s6773,7
s6774,3
s6775,1
s6776,20
s6777,1
s6778,1
s6779,11
s6780,7
s6781,1
s6782,1
s6783,1
s6784,7
s6785,1
s6786,7
s6787,33
s6788,7
s6788,38
s6788,29
s6789,7
s6790,1
s6791,8
s6791,1
s6792,20
s6792,109
s6793,7
s6794,1
s6794,8
s6795,1
s6795,33
s6796,1
s6797,1
s6798,1
s6799,1
s6799,14
s6799,11
s6800,1
s6800,110
s6801,46
s6802,1
s6803,1
s6804,1
s6805,1
s6806,8
s6807,1
s6808,46
s6809,14
s6809,7
s6809,1
s6810,1
s6811,7
s6811,1
s6811,20
s6811,8
s6811,34
s6811,17
s6812,7
s6812,1
s6812,20
s6812,8
s6812,34
s6812,17
s6813,7
s6813,1
s6813,20
s6813,8
s6813,34
s6813,17
s6814,1
s6815,17
s6815,1
s6816,1
s6817,51
s6818,1
s6818,7
s6819,1
s6820,33
s6820,14
s6821,4
s6822,29
s6823,1
s6824,45
s6825,39
s6826,4
s6827,1
s6827,24
s6828,18
s6829,45
s6830,45
s6831,18
s6831,1
s6832,4
s6833,4
s6834,1
s6835,7
s6836,7
s6837,53
s6838,1
s6838,13
s6839,24
s6839,17
s6839,14
s6840,1
s6841,7
s6841,1
s6842,1
s6843,1
s6844,1
s6845,4
s6846,44
s6846,1
s6847,18
s6848,1
s6848,13
s6849,18
s6850,1
s6851,18
s6852,4
s6853,45
s6854,1
s6855,7
s6855,47
s6855,17
s6855,91
s6856,56
s6857,1
s6858,3
s6859,1
s6860,1
s6861,16
s6861,28
s6862,1
s6863,1
s6864,7
s6865,4
s6866,18
s6867,7
s6867,1
s6868,1
s6869,1
s6870,13
s6871,4
s6872,24
s6872,8
s6873,1
s6874,12
s6875,1
s6876,1
s6877,1
s6878,46
s6879,1
s6879,14
s6879,7
s6879,18
s6880,1
s6880,7
s6880,47
s6880,53
s6881,1
s6882,1
s6883,1
s6883,17
s6884,1
s6884,7
s6885,1
s6885,7
s6885,24
s6886,1
s6887,1
s6887,14
s6887,17
s6887,20
s6888,4
s6889,8
s6889,1
s6890,7
s6891,20
s6892,4
s6893,1
s6894,1
s6895,7
s6896,7
s6897,1
s6898,19
s6899,1
s6900,1
s6901,17
s6902,18
s6903,7
s6904,68
s6905,12
s6906,12
s6907,3
s6908,4
s6909,12
s6910,1
s6910,7
s6910,17
s6911,1
s6911,18
s6912,1
s6913,4
s6914,1
s6915,46
s6916,1
s6917,1
s6918,1
s6919,7
s6920,39
s6921,1
s6922,11
s6923,7
s6924,1
s6925,7
s6926,29
s6926,1
s6926,16
s6927,3
s6928,1
s6929,1
s6929,17
s6929,8
s6930,1
s6931,7
s6932,1
s6932,17
s6933,50
s6934,1
s6935,1
s6936,1
s6937,4
s6938,45
s6939,1
s6940,1
s6941,13
s6942,17
s6942,1
s6943,1
s6944,30
s6944,1
s6945,1
s6945,58
s6946,1
s6947,1
s6948,13
s6949,1
s6950,1
s6951,1
s6952,17
s6953,1
s6953,16
s6954,1
s6954,17
s6955,1
s6956,17
s6956,7
s6957,1
s6958,1
s6959,1
s6960,1
s6961,4
s6962,1
s6963,28
s6963,16
s6964,47
s6965,1
s6966,22
s6967,4
s6968,16
s6969,13
s6970,17
s6971,1
s6972,7
s6973,7
s6974,4
s6974,1
s6975,26
s6976,4
s6977,13
s6978,1
s6979,7
s6980,14
s6981,85
s6982,1
s6983,12
s6984,13
s6985,1
s6985,30
s6986,1
s6987,44
s6988,44
s6989,4
s6990,3
s6991,1
s6992,1
s6993,1
s6994,4
s6995,1
s6996,1
s6996,2
s6997,44
s6998,1
s6998,17
s6999,7
s7000,4
s7001,30
s7001,7
s7001,24
s7001,1
s7002,3
s7003,1
s7004,1
s7005,7
s7006,1
s7007,21
s7008,111
s7009,1
s7010,1
s7010,17
s7011,1
s7011,17
s7012,112
s7012,91
s7012,8
s7012,10
s7012,60
s7013,1
s7013,7
s7014,1
s7015,11
s7015,1
s7016,1
s7017,17
s7017,7
s7017,49
s7018,3
s7019,1
s7020,1
s7021,4
s7022,1
s7023,4
s7024,4
s7025,85
s7026,7
s7027,17
s7028,1
s7028,20
s7028,8
s7029,7
s7030,1
s7030,24
s7031,1
s7032,1
s7033,1
s7034,3
s7035,26
s7036,4
s7036,18
s7037,7
s7038,1
s7039,1
s7040,11
s7041,16
s7042,16
s7042,22
s7042,1
s7043,7
s7044,1
s7045,1
s7046,3
s7047,44
s7048,7
s7048,14
s7048,21
s7049,1
s7050,1
s7051,1
s7052,17
s7052,30
s7052,1
s7053,16
s7053,28
s7054,4
s7055,1
s7056,1
s7056,14
s7057,1
s7058,1
s7058,8
s7059,14
s7060,39
s7061,1
s7062,7
s7062,1
s7062,113
s7063,12
s7064,75
s7064,1
s7065,4
s7066,7
s7066,1
s7067,1
s7067,74
s7068,1
s7069,4
s7070,7
s7071,1
s7072,1
s7073,1
s7074,1
s7075,1
s7076,1
s7077,7
s7078,8
s7078,1
s7079,8
s7079,7
s7079,1
s7080,4
s7081,7
s7082,1
s7083,38
s7084,7
s7085,11
s7086,17
s7087,1
s7088,17
s7089,18
s7090,18
s7091,18
s7092,1
s7093,17
s7094,2
s7094,8
s7094,49
s7094,14
s7095,4
s7096,4
s7097,1
s7098,1
s7099,17
s7099,1
s7099,7
s7099,14
s7099,69
s7100,4
s7101,7
s7102,22
s7103,4
s7104,1
s7105,3
s7106,20
s7107,46
s7108,1
s7109,3
s7110,4
s7111,14
s7111,21
s7112,17
s7113,1
s7113,30
s7114,1
s7115,51
s7116,4
s7117,3
s7118,4
s7119,4
s7120,85
s7121,18
s7122,1
s7123,42
s7124,1
s7125,1
s7126,1
s7127,1
s7128,30
s7128,1
s7128,14
s7129,1
s7130,4
s7131,1
s7132,29
s7133,1
s7134,3
s7135,7
s7136,4
s7137,1
s7138,4
s7139,3
s7140,1
s7141,7
s7142,4
s7143,68
s7144,11
s7145,4
s7146,1
s7147,3
s7148,1
s7149,1
s7150,1
s7151,1
s7152,1
s7152,13
s7153,8
s7153,1
s7153,17
s7154,28
s7155,1
s7156,18
s7157,7
s7157,8
s7157,17
s7157,1
s7158,12
s7159,4
s7160,4
s7161,4
s7162,4
s7163,4
s7164,4
s7165,1
s7165,14
s7165,17
s7165,54
s7165,60
s7166,4
s7167,7
s7168,4
s7169,4
s7170,4
s7171,1
s7172,4
s7173,1
s7174,4
s7175,4
s7176,1
s7177,1
s7178,1
s7179,1
s7180,1
s7181,1
s7182,1
s7183,85
s7184,4
s7185,4
s7186,4
s7187,4
s7188,4
s7189,4
s7190,4
s7191,4
s7192,1
s7193,1
s7194,1
s7195,56
s7196,49
s7196,21
s7196,7
s7196,1
s7197,3
s7198,1
s7198,18
s7199,1
s7200,7
s7201,14
s7202,1
s7203,1
s7204,1
s7205,1
s7206,52
s7207,7
s7208,1
s7209,1
s7209,17
s7210,3
s7211,1
s7212,14
s7212,21
s7212,16
s7212,1
s7213,4
s7214,1
s7215,3
s7216,7
s7217,50
s7218,18
s7219,1
s7219,68
s7219,38
s7220,1
s7221,1
s7221,7
s7221,13
s7222,7
s7223,3
s7224,7
s7224,59
s7224,47
s7224,8
s7224,53
s7225,4
s7226,59
s7226,47
s7226,53
s7227,3
s7228,3
s7229,3
s7230,3
s7231,4
s7232,3
s7233,3
s7234,3
s7235,1
s7236,3
s7237,1
s7238,1
s7239,4
s7240,28
s7240,16
s7240,1
s7241,11
s7241,1
s7242,1
s7243,16
s7243,4
s7243,31
s7244,3
s7245,7
s7246,12
s7247,12
s7248,4
s7249,1
s7250,4
s7251,26
s7252,1
s7253,1
s7254,24
s7255,1
s7256,3
s7257,11
s7258,11
s7259,36
s7259,11
s7259,1
s7260,4
s7261,44
s7262,28
s7263,1
s7264,1
s7265,36
s7266,4
s7267,7
s7268,1
s7268,11
s7269,22
s7270,1
s7271,7
s7271,22
s7272,1
s7272,14
s7273,14
s7274,14
s7275,1
s7275,30
s7276,1
s7277,1
s7278,1
s7279,3
s7280,7
s7281,4
s7282,1
s7282,17
s7283,1
s7283,13
s7284,16
s7285,28
s7286,1
s7287,1
s7288,3
s7289,47
s7290,3
s7291,47
s7291,16
s7292,3
s7293,1
s7293,24
s7294,14
s7295,1
s7296,12
s7297,1
s7298,17
s7299,1
s7300,1
s7301,1
s7302,7
s7303,17
s7304,28
s7305,1
s7306,11
s7307,1
s7308,7
s7309,1
s7309,4
s7310,46
s7311,3
s7312,28
s7313,13
s7314,13
s7315,13
s7316,1
s7316,34
s7316,33
s7317,1
s7318,3
s7319,3
s7320,3
s7321,1
s7322,1
s7323,1
s7324,1
s7325,20
s7326,11
s7327,7
s7328,7
s7328,1
s7329,14
s7329,1
s7330,11
s7331,1
s7332,22
s7332,14
s7333,7
s7333,1
s7334,7
s7335,17
s7336,28
s7337,8
s7338,4
s7339,3
s7340,3
s7341,36
s7342,1
s7342,13
s7342,114
s7342,7
s7343,17
s7344,39
s7345,1
s7346,28
s7347,4
s7348,28
s7349,22
s7350,3
s7351,1
s7352,46
s7353,45
s7354,7
s7355,8
s7355,7
s7356,1
s7357,1
s7358,28
s7359,26
s7360,16
s7361,4
s7362,4
s7363,26
s7363,68
s7363,79
s7364,4
s7365,4
s7365,14
s7366,1
s7367,4
s7368,13
s7368,1
s7369,1
s7370,1
s7371,1
s7372,28
s7373,4
s7374,1
s7375,68
s7376,24
s7377,18
s7378,14
s7378,21
s7379,14
s7380,59
s7381,4
s7382,4
s7383,4
s7384,4
s7385,28
s7386,12
s7386,115
s7387,4
s7388,4
s7389,4
s7390,1
s7391,1
s7391,16
s7391,28
s7392,7
s7392,14
s7393,3
s7394,4
s7395,4
s7396,1
s7397,1
s7398,1
s7399,7
s7400,7
s7401,4
s7402,4
s7403,7
s7404,17
s7404,1
s7405,1
s7406,3
s7407,1
s7408,4
s7409,1
s7410,1
s7411,28
s7411,16
s7412,1
s7413,1
s7414,4
s7415,3
s7416,1
s7417,18
s7418,1
s7418,7
s7419,7
s7420,4
s7421,22
s7422,26
s7423,4
s7424,1
s7425,28
s7426,46
s7427,1
s7428,1
s7429,4
s7430,11
s7431,17
s7432,1
s7433,17
s7434,42
s7434,93
s7435,7
s7436,7
s7437,13
s7438,4
s7439,3
s7440,1
s7441,22
s7442,8
s7442,1
s7442,53
s7443,1
s7444,1
s7445,17
s7445,20
s7446,45
s7447,3
s7448,20
s7449,19
s7450,1
s7451,4
s7452,7
s7453,1
s7453,70
s7454,4
s7455,1
s7455,34
s7456,3
s7457,1
s7458,14
s7459,4
s7460,1
s7461,17
s7461,1
s7462,1
s7462,17
s7463,4
s7464,11
s7465,18
s7466,59
s7466,7
s7466,14
s7466,30
s7467,1
s7468,1
s7469,39
s7470,1
s7471,1
s7472,1
s7472,7
s7473,7
s7473,42
s7474,50
s7475,1
s7476,4
s7477,1
s7478,1
s7479,19
s7480,16
s7480,17
s7480,1
s7481,22
s7482,1
s7483,1
s7483,20
s7484,3
s7485,1
s7486,7
s7487,17
s7488,46
s7489,8
s7489,7
s7490,1
s7491,1
s7492,1
s7493,1
s7494,1
s7495,1
s7496,1
s7497,1
s7498,1
s7499,1
s7500,1
s7501,1
s7502,1
s7503,17
s7504,1
s7504,8
s7505,7
s7506,7
s7507,7
s7507,1
s7508,1
s7509,14
s7509,21
s7510,85
s7510,1
s7511,8
s7511,1
s7512,1
s7513,4
s7514,4
s7515,13
s7516,1
s7517,1
s7518,1
s7519,38
s7519,53
s7519,8
s7519,49
s7520,28
s7521,1
s7522,17
s7523,46
s7524,1
s7525,4
s7526,14
s7527,1
s7528,1
s7529,1
s7530,20
s7531,1
s7532,17
s7533,4
s7534,1
s7535,46
s7536,1
s7537,17
s7538,24
s7539,7
s7540,37
s7540,14
s7541,3
s7542,1
s7542,17
s7543,1
s7543,17
s7544,3
s7545,28
s7546,7
s7547,1
s7548,7
s7549,44
s7550,7
s7550,1
s7551,3
s7552,1
s7553,4
s7554,1
s7554,11
s7555,24
s7555,4
s7556,30
s7557,1
s7557,116
s7558,4
s7559,1
s7560,18
s7561,1
s7562,1
s7563,3
s7564,1
s7565,1
s7566,4
s7567,1
s7568,1
s7569,7
s7569,1
s7570,1
s7571,1
s7572,1
s7572,7
s7573,1
s7573,7
s7574,7
s7575,7
s7576,1
s7577,1
s7578,68
s7578,26
s7578,14
s7578,20
s7578,1
s7579,1
s7580,1
s7581,1
s7582,1
s7583,4
s7584,1
s7585,1
s7586,1
s7587,3
s7588,1
s7588,13
s7589,18
s7590,17
s7590,1
s7591,4
s7592,68
s7593,1
s7594,59
s7595,1
s7596,4
s7596,1
s7597,1
s7597,4
s7597,22
s7597,16
s7598,7
s7599,1
s7600,1
s7601,1
s7602,1
s7603,1
s7604,1
s7605,1
s7606,1
s7607,1
s7608,1
s7609,1
s7610,1
s7611,1
s7612,1
s7613,1
s7614,1
s7615,1
s7616,1
s7617,1
s7618,1
s7619,1
s7620,1
s7621,1
s7622,1
s7623,7
s7623,17
s7624,8
s7625,3
s7626,38
s7627,24
s7628,18
s7629,1
s7630,7
s7631,47
s7631,8
s7631,21
s7631,7
s7631,14
s7632,47
s7632,8
s7632,21
s7632,7
s7632,14
s7632,53
s7633,3
s7634,7
s7635,1
s7636,14
s7636,37
s7636,20
s7636,1
s7636,58
s7637,13
s7638,1
s7639,1
s7640,1
s7641,28
s7642,20
s7643,1
s7644,44
s7645,44
s7646,3
s7647,17
s7648,1
s7649,1
s7650,14
s7651,46
s7652,28
s7653,33
s7653,4
s7653,16
s7653,1
s7654,4
s7655,1
s7656,1
s7657,1
s7658,1
s7659,7
s7660,24
s7660,1
s7661,44
s7662,1
s7663,4
s7664,1
s7665,1
s7666,4
s7667,1
s7668,47
s7668,14
s7668,1
s7668,53
s7669,13
s7669,88
s7670,1
s7671,22
s7672,7
s7673,16
s7673,28
s7674,3
s7675,7
s7676,22
s7677,16
s7677,98
s7677,28
s7678,1
s7679,28
s7680,1
s7681,4
s7682,13
s7682,58
s7683,4
s7684,7
s7685,17
s7685,1
s7685,8
s7686,16
s7687,7
s7688,7
s7688,44
s7689,4
s7690,1
s7691,1
s7692,4
s7693,27
s7693,36
s7694,13
s7695,44
s7696,1
s7697,1
s7698,28
s7699,1
s7700,7
s7701,20
s7702,1
s7703,4
s7704,17
s7705,1
s7706,17
s7707,4
s7708,4
s7709,1
s7710,1
s7711,36
s7711,1
s7712,1
s7713,4
s7714,1
s7715,1
s7716,12
s7717,1
s7718,4
s7719,1
s7720,4
s7721,44
s7722,1
s7723,1
s7724,50
s7725,7
s7725,1
s7726,30
s7726,7
s7726,1
s7727,1
s7727,20
s7728,17
s7729,1
s7730,1
s7731,14
s7731,8
s7731,10
s7731,21
s7732,1
s7733,1
s7733,13
s7734,3
s7735,14
s7735,21
s7736,1
s7737,4
s7738,44
s7739,19
s7740,4
s7741,1
s7742,1
s7743,4
s7744,1
s7745,4
s7746,26
s7747,14
s7748,7
s7749,7
s7750,1
s7751,14
s7751,21
s7752,1
s7752,7
s7753,1
s7754,17
s7754,1
s7755,37
s7755,117
s7755,24
s7755,8
s7755,14
s7756,1
s7757,1
s7758,72
s7758,14
s7758,42
s7758,1
s7759,7
s7760,4
s7761,3
s7762,1
s7763,3
s7764,1
s7765,1
s7765,14
s7765,18
s7766,1
s7767,14
s7767,18
s7767,1
s7768,1
s7768,14
s7768,18
s7769,1
s7770,1
s7770,32
s7771,1
s7771,32
s7771,18
s7772,1
s7773,1
s7773,32
s7774,1
s7775,1
s7776,1
s7777,1
s7778,3
s7779,1
s7780,3
s7781,1
s7782,1
s7783,1
s7784,1
s7784,14
s7784,18
s7785,1
s7785,49
s7785,18
s7785,14
s7786,1
s7786,14
s7786,18
s7787,1
s7788,1
s7789,1
s7790,4
s7790,37
s7791,1
s7792,4
s7793,1
s7794,1
s7795,28
s7796,3
s7797,1
s7798,1
s7799,1
s7800,17
s7801,26
s7802,4
s7803,1
s7804,17
s7804,4
s7805,7
s7806,4
s7807,4
s7808,1
s7809,1
s7810,7
s7810,1
s7811,39
s7812,1
s7812,98
s7813,3
s7814,3
s7815,1
s7816,3
s7817,1
s7818,1
s7819,33
s7820,4
s7821,1
s7822,4
s7823,1
s7824,16
s7825,4
s7826,4
s7827,1
s7828,4
s7829,4
s7830,23
s7830,18
s7830,14
s7831,4
s7832,22
s7833,4
s7834,85
s7835,1
s7836,4
s7837,46
s7838,4
s7839,3
s7840,1
s7841,11
s7842,17
s7843,1
s7844,13
s7845,1
s7846,4
s7847,7
s7848,1
s7849,3
s7850,46
s7851,7
s7852,1
s7853,50
s7854,17
s7854,11
s7854,8
s7854,2
s7855,1
s7856,7
s7856,1
s7856,17
s7857,17
s7858,8
s7858,14
s7858,1
s7858,17
s7858,7
s7859,1
s7860,1
s7861,28
s7862,4
s7863,3
s7864,28
s7864,1
s7865,7
s7866,1
s7866,7
s7867,11
s7868,1
s7869,1
s7870,4
s7871,7
s7871,30
s7872,4
s7873,4
s7874,4
s7875,4
s7876,19
s7877,24
s7878,7
s7879,1
s7879,18
s7880,1
s7881,1
s7882,1
s7883,1
s7884,1
s7885,1
s7886,46
s7887,1
s7888,1
s7888,65
s7889,4
s7889,17
s7890,30
s7890,17
s7890,7
s7890,1
s7891,17
s7892,7
s7892,8
s7893,44
s7894,3
s7895,1
s7896,1
s7897,1
s7898,11
s7899,4
s7900,11
s7901,28
s7902,1
s7902,8
s7902,13
s7903,4
s7904,1
s7905,1
s7906,1
s7907,18
s7908,1
s7909,1
s7910,1
s7911,4
s7912,24
s7913,1
s7914,4
s7915,24
s7915,14
s7916,12
s7917,17
s7918,4
s7919,85
s7920,4
s7921,1
s7922,4
s7923,4
s7924,4
s7925,46
s7926,4
s7927,4
s7928,46
s7929,2
s7929,1
s7930,3
s7931,1
s7932,4
s7933,4
s7934,1
s7935,13
s7935,14
s7935,30
s7936,14
s7937,17
s7938,13
s7938,4
s7939,4
s7940,4
s7941,4
s7942,1
s7943,3
s7944,4
s7945,4
s7946,1
s7947,1
s7948,46
s7949,1
s7950,1
s7950,7
s7950,13
s7951,1
s7952,1
s7953,1
s7954,1
s7955,24
s7955,14
s7956,1
s7957,1
s7958,1
s7959,1
s7960,1
s7961,1
s7961,7
s7961,17
s7961,18
s7962,1
s7963,1
s7964,1
s7965,1
s7966,53
s7966,7
s7966,15
s7967,1
s7968,28
s7968,39
s7969,22
s7970,1
s7970,7
s7970,20
s7970,22
s7971,1
s7972,1
s7973,1
s7974,7
s7975,1
s7976,7
s7977,1
s7978,7
s7979,7
s7980,1
s7980,7
s7981,12
s7982,7
s7982,14
s7982,1
s7983,17
s7984,87
s7985,100
s7986,1
s7987,1
s7988,1
s7989,7
s7989,14
s7990,11
s7991,1
s7992,38
s7993,4
s7994,24
s7994,2
s7994,93
s7994,13
s7994,1
s7995,4
s7996,4
s7997,4
s7998,28
s7999,1
s8000,4
s8001,1
s8002,1
s8003,7
s8003,1
s8004,1
s8004,8
s8004,7
s8004,13
s8005,4
s8006,1
s8007,13
s8008,13
s8009,4
s8010,1
s8011,1
s8011,58
s8012,7
s8012,1
s8013,4
s8013,1
s8014,44
s8015,24
s8015,14
s8015,37
s8016,1
s8017,4
s8018,1
s8019,17
s8019,14
s8019,1
s8020,1
s8021,29
s8022,36
s8022,11
s8022,1
s8023,1
s8023,36
s8024,4
s8025,45
s8026,37
s8026,1
s8027,79
s8028,1
s8029,1
s8030,44
s8030,17
s8030,1
s8031,1
s8032,1
s8033,16
s8033,28
s8033,1
s8034,16
s8034,28
s8035,1
s8035,14
s8036,1
s8037,1
s8038,1
s8039,1
s8040,1
s8041,1
s8042,7
s8042,32
s8043,1
s8044,1
s8045,1
s8046,1
s8047,1
s8048,4
s8049,1
s8050,45
s8051,11
s8052,1
s8053,1
s8054,10
s8054,7
s8054,14
s8055,1
s8056,1
s8057,13
s8057,7
s8057,17
s8058,1
s8059,44
s8060,1
s8061,1
s8062,7
s8063,1
s8064,1
s8065,1
s8066,1
s8067,7
s8068,1
s8069,1
s8070,7
s8071,1
s8072,1
s8073,1
s8073,14
s8074,118
s8074,1
s8075,1
s8076,1
s8077,1
s8078,20
s8079,1
s8080,1
s8081,17
s8082,17
s8082,1
s8082,7
s8083,1
s8084,1
s8085,7
s8086,37
s8087,1
s8088,1
s8089,46
s8090,1
s8091,4
s8092,44
s8093,1
s8094,1
s8094,17
s8095,22
s8096,1
s8097,13
s8097,7
s8097,1
s8097,32
s8097,24
s8097,14
s8098,1
s8099,4
s8100,1
s8101,17
s8102,1
s8102,7
s8103,14
s8103,1
s8103,17
s8104,13
s8104,7
s8105,49
s8105,21
s8106,1
s8107,1
s8108,22
s8109,33
s8110,3
s8111,1
s8112,1
s8113,24
s8113,14
s8114,44
s8115,4
s8116,38
s8117,7
s8117,14
s8117,17
s8117,21
s8117,1
s8118,22
s8119,1
s8120,47
s8120,7
s8120,53
s8121,4
s8121,14
s8122,4
s8123,4
s8124,1
s8125,4
s8126,1
s8126,22
s8126,16
s8127,1
s8128,1
s8129,1
s8130,7
s8131,1
s8132,45
s8133,1
s8134,1
s8135,1
s8136,1
s8137,4
s8138,3
s8139,1
s8139,7
s8140,1
s8140,17
s8141,1
s8141,53
s8142,16
s8142,28
s8143,28
s8144,1
s8145,4
s8146,4
s8147,1
s8147,8
s8148,14
s8148,1
s8149,7
s8149,1
s8150,4
s8151,14
s8152,1
s8153,1
s8154,46
s8155,1
s8156,1
s8157,4
s8158,1
s8159,28
s8159,1
s8160,1
s8160,28
s8161,3
s8162,4
s8163,1
s8163,119
s8164,26
s8164,14
s8164,1
s8164,8
s8164,60
s8165,28
s8166,11
s8167,1
s8167,8
s8167,7
s8168,1
s8168,8
s8168,7
s8168,24
s8169,14
s8170,1
s8171,4
s8172,7
s8172,4
s8173,4
s8174,4
s8175,1
s8176,1
s8177,1
s8178,11
s8178,20
s8179,17
s8180,1
s8181,3
s8182,17
s8183,13
s8184,1
s8185,1
s8185,32
s8185,7
s8186,26
s8187,22
s8188,1
s8189,1
s8190,1
s8191,15
s8191,1
s8192,1
s8193,46
s8194,23
s8195,20
s8195,14
s8195,65
s8196,17
s8196,1
s8197,1
s8197,17
s8198,14
s8198,17
s8198,1
s8199,7
s8199,1
s8200,3
s8201,1
s8202,7
s8203,1
s8204,28
s8205,1
s8206,1
s8207,3
s8208,33
s8209,7
s8210,7
s8211,1
s8212,1
s8213,17
s8213,1
s8214,1
s8215,7
s8216,1
s8217,7
s8218,1
s8219,14
s8220,1
s8221,1
s8222,1
s8222,17
s8222,16
s8223,7
s8223,1
s8224,1
s8225,1
s8226,30
s8226,17
s8226,69
s8226,1
s8226,7
s8226,56
s8226,4
s8227,1
s8228,19
s8229,1
s8229,10
s8229,7
s8230,1
s8231,3
s8232,28
s8233,1
s8233,16
s8234,1
s8235,38
s8235,8
s8236,4
s8237,17
s8238,1
s8239,1
s8240,1
s8241,46
s8242,19
s8243,1
s8244,13
s8245,46
s8246,20
s8246,11
s8247,11
s8247,14
s8248,7
s8248,1
s8249,1
s8250,1
s8251,7
s8252,1
s8253,1
s8254,17
s8255,38
s8255,8
s8255,42
s8255,69
s8255,21
s8255,14
s8255,1
s8256,46
s8257,1
s8258,22
s8259,1
s8260,1
s8261,42
s8262,7
s8262,18
s8262,1
s8263,1
s8264,7
s8264,1
s8265,4
s8266,45
s8267,1
s8267,7
s8268,4
s8269,7
s8270,13
s8271,62
s8271,1
s8272,17
s8272,13
s8273,1
s8273,28
s8274,26
s8274,68
s8275,1
s8276,24
s8276,1
s8277,1
s8278,18
s8279,1
s8280,1
s8281,45
s8282,1
s8282,28
s8283,17
s8284,1
s8285,1
s8286,1
s8287,7
s8287,120
s8288,1
s8289,1
s8290,1
s8291,1
s8292,7
s8292,1
s8293,1
s8294,7
s8295,7
s8296,1
s8297,1
s8298,19
s8299,1
s8300,1
s8300,34
s8300,7
s8301,33
s8302,1
s8303,7
s8304,28
s8305,1
s8306,1
s8307,28
s8308,1
s8308,16
s8309,1
s8310,7
s8310,16
s8310,1
s8310,4
s8311,7
s8312,1
s8313,1
s8313,34
s8314,32
s8315,1
s8316,7
s8316,1
s8317,59
s8318,45
s8319,1
s8320,1
s8321,1
s8321,53
s8321,59
s8322,4
s8323,38
s8324,1
s8325,1
s8326,1
s8327,7
s8327,1
s8327,98
s8328,1
s8328,7
s8328,98
s8329,3
s8330,3
s8331,22
s8332,7
s8333,4
s8334,1
s8334,13
s8335,7
s8336,1
s8337,1
s8338,1
s8339,1
s8340,20
s8340,17
s8340,1
s8341,17
s8342,1
s8343,17
s8344,20
s8345,1
s8346,1
s8347,44
s8348,3
s8349,1
s8350,4
s8351,4
s8352,17
s8353,1
s8353,4
s8353,58
s8354,7
s8355,7
s8355,1
s8356,1
s8357,7
s8357,17
s8357,14
s8357,1
s8358,7
s8359,11
s8360,47
s8361,1
s8362,1
s8363,1
s8364,7
s8365,7
s8366,1
s8367,7
s8368,1
s8369,3
s8370,7
s8370,14
s8371,14
s8372,1
s8373,1
s8374,4
s8374,8
s8374,14
s8375,45
s8376,1
s8377,3
s8378,7
s8378,1
s8378,13
s8379,17
s8379,1
s8380,22
s8381,1
s8382,1
s8383,21
s8383,30
s8383,49
s8383,8
s8383,121
s8384,13
s8385,14
s8385,1
s8386,1
s8387,33
s8388,7
s8389,1
s8390,1
s8391,1
s8392,4
s8393,3
s8394,17
s8394,1
s8395,1
s8396,14
s8396,17
s8396,24
s8396,1
s8396,16
s8397,8
s8398,1
s8399,30
s8399,7
s8399,34
s8399,14
s8399,49
s8400,30
s8401,1
s8402,1
s8403,1
s8404,47
s8404,45
s8404,15
s8404,59
s8404,7
s8404,38
s8404,14
s8404,1
s8404,8
s8404,49
s8405,32
s8405,1
s8406,32
s8406,1
s8407,7
s8407,8
s8407,1
s8408,7
s8409,42
s8410,28
s8411,1
s8411,13
s8411,2
s8411,7
s8412,7
s8412,1
s8412,20
s8412,8
s8412,34
s8412,17
s8413,1
s8414,1
s8414,8
s8414,11
s8415,1
s8416,1
s8417,1
s8418,1
s8419,22
s8420,1
s8421,1
s8421,7
s8422,1
s8423,1
s8424,14
s8425,20
s8426,47
s8427,1
s8427,17
s8428,32
s8429,1
s8430,53
s8431,1
s8432,7
s8433,24
s8434,3
s8435,1
s8436,1
s8437,1
s8438,1
s8439,17
s8440,1
s8441,8
s8442,1
s8443,1
s8444,1
s8445,56
s8446,1
s8447,7
s8448,7
s8449,1
s8450,1
s8451,3
s8452,1
s8453,7
s8453,1
s8454,8
s8455,1
s8455,10
s8456,1
s8457,122
s8457,67
s8457,123
s8457,2
s8457,1
s8458,7
s8458,1
s8459,1
s8460,4
s8461,46
s8462,1
s8463,17
s8463,1
s8464,22
s8465,1
s8465,7
s8466,1
s8466,10
s8467,1
s8468,22
s8469,1
s8470,1
s8471,1
s8472,17
s8473,45
s8474,1
s8474,8
s8475,1
s8476,4
s8477,7
s8478,1
s8478,17
s8478,18
s8478,124
s8479,1
s8480,1
s8481,32
s8482,3
s8483,14
s8484,7
s8484,20
s8484,21
s8485,75
s8485,22
s8485,112
s8486,46
s8487,1
s8488,7
s8489,1
s8490,1
s8491,29
s8492,7
s8493,1
s8494,13
s8494,1
s8495,1
s8495,7
s8496,1
s8497,47
s8497,7
s8497,2
s8497,53
s8497,21
s8498,13
s8499,8
s8499,17
s8499,1
s8500,1
s8501,1
s8502,1
s8502,14
s8502,18
s8503,1
s8504,1
s8505,4
s8506,1
s8507,24
s8508,1
s8509,11
s8510,45
s8511,100
s8512,1
s8513,1
s8514,1
s8515,42
s8516,1
s8517,7
s8518,1
s8519,1
s8520,1
s8521,1
s8522,7
s8523,1
s8524,1
s8524,17
s8525,1
s8526,1
s8526,7
s8527,1
s8528,1
s8529,46
s8530,1
s8531,7
s8532,1
s8532,58
s8533,1
s8534,1
s8535,1
s8536,1
s8537,7
s8538,1
s8539,7
s8540,30
s8540,17
s8540,1
s8540,7
s8541,1
s8542,1
s8543,1
s8544,44
s8545,3
s8546,1
s8547,21
s8547,14
s8548,1
s8549,1
s8550,1
s8551,46
s8552,1
s8553,13
s8553,1
s8554,32
s8554,7
s8554,13
s8555,1
s8556,56
s8557,19
s8558,1
s8559,7
s8559,17
s8559,1
s8560,1
s8561,16
s8562,7
s8563,38
s8564,14
s8565,7
s8565,1
s8566,7
s8567,17
s8568,39
s8569,30
s8570,28
s8571,17
s8572,4
s8573,1
s8574,1
s8575,44
s8576,22
s8577,16
s8578,21
s8579,4
s8579,1
s8580,44
s8581,1
s8582,1
s8582,17
s8583,7
s8584,7
s8584,13
s8584,17
s8584,1
s8585,28
s8585,16
s8586,3
s8587,1
s8588,1
s8589,16
s8590,16
s8591,4
s8592,4
s8593,3
s8594,3
s8595,1
s8596,1
s8597,8
s8597,1
s8597,24
s8598,1
s8598,27
s8599,1
s8600,7
s8601,17
s8602,7
s8602,17
s8602,18
s8603,3
s8604,7
s8604,1
s8605,7
s8605,1
s8605,10
s8606,1
s8607,4
s8608,1
s8609,1
s8610,3
s8611,1
s8612,4
s8613,44
s8614,22
s8615,7
s8616,1
s8617,7
s8617,16
s8617,1
s8618,7
s8618,33
s8618,8
s8619,1
s8620,7
s8621,17
s8622,1
s8623,3
s8624,1
s8625,1
s8626,2
s8626,1
s8627,1
s8627,2
s8628,7
s8629,4
s8630,4
s8631,4
s8632,1
s8633,7
s8633,77
s8633,2
s8633,83
s8633,1
s8634,29
s8635,1
s8636,1
s8637,1
s8638,1
s8639,17
s8639,1
s8639,4
s8639,7
s8640,4
s8641,1
s8641,7
s8642,1
s8643,1
s8644,18
s8644,1
s8645,1
s8646,1
s8647,7
s8648,4
s8649,7
s8650,17
s8651,13
s8652,1
s8652,14
s8653,4
s8654,44
s8655,7
s8655,17
s8655,1
s8656,1
s8657,1
s8658,1
s8659,37
s8659,7
s8659,1
s8660,17
s8661,1
s8662,7
s8662,8
s8663,17
s8663,4
s8664,46
s8665,1
s8666,4
s8667,46
s8668,1
s8669,1
s8669,7
s8669,8
s8670,1
s8671,1
s8672,4
s8673,4
s8674,1
s8675,7
s8675,4
s8675,53
s8676,1
s8677,7
s8677,21
s8678,1
s8679,1
s8680,3
s8681,4
s8682,4
s8683,12
s8684,4
s8685,22
s8686,7
s8687,85
s8688,4
s8689,4
s8690,1
s8691,3
s8692,1
s8693,7
s8694,1
s8695,1
s8695,17
s8696,4
s8697,1
s8697,4
s8698,7
s8699,46
s8700,11
s8701,42
s8702,1
s8703,1
s8703,33
s8703,4
s8703,125
s8703,16
s8704,7
s8704,14
s8704,1
s8705,1
s8706,20
s8707,1
s8708,1
s8709,1
s8709,26
s8710,42
s8711,1
s8712,28
s8713,7
s8714,4
s8715,1
s8716,1
s8716,14
s8717,1
s8718,42
s8719,3
s8720,16
s8721,12
s8722,39
s8723,1
s8724,7
s8725,1
s8726,45
s8727,1
s8728,7
s8728,4
s8728,1
s8729,79
s8729,1
s8729,7
s8730,8
s8730,1
s8730,7
s8730,17
s8731,1
s8732,1
s8733,7
s8734,7
s8735,1
s8736,1
s8737,39
s8738,7
s8739,17
s8739,4
s8739,44
s8739,1
s8739,58
s8740,1
s8741,7
s8742,7
s8743,1
s8744,1
s8745,7
s8746,1
s8746,126
s8746,93
s8747,14
s8747,49
s8747,2
s8747,15
s8748,1
s8749,13
s8750,12
s8751,1
s8752,1
s8753,1
s8754,17
s8755,1
s8756,1
s8757,1
s8758,1
s8759,7
s8760,3
s8761,1
s8762,85
s8763,4
s8764,1
s8765,1
s8766,17
s8766,1
s8767,1
s8768,1
s8769,11
s8770,4
s8771,4
s8772,4
s8773,4
s8774,4
s8775,46
s8775,62
s8775,1
s8776,4
s8777,14
s8777,21
s8778,44
s8779,44
s8780,44
s8781,1
s8782,18
s8782,1
s8783,1
s8784,3
s8785,29
s8785,20
s8786,3
s8787,7
s8788,1
s8789,91
s8789,112
s8789,75
s8789,127
s8790,56
s8791,1
s8792,1
s8793,28
s8794,1
s8795,46
s8795,14
s8796,18
s8796,17
s8797,12
s8798,1
s8798,14
s8798,22
s8798,45
s8799,4
s8800,4
s8801,85
s8802,58
s8802,35
s8803,1
s8804,3
s8805,1
s8806,1
s8807,4
