show_id,director_id
s1,1
s3,3
s6,4
s7,5
s7,6
s8,7
s9,8
s10,9
s12,10
s13,11
s14,12
s17,13
s17,14
s19,15
s21,16
s23,17
s24,18
s24,19
s25,20
s27,21
s28,22
s29,23
s30,24
s31,25
s31,26
s31,27
s36,28
s37,29
s39,30
s42,31
s43,32
s44,33
s45,34
s46,35
s47,36
s48,37
s49,38
s52,39
s53,39
s54,39
s55,39
s57,40
s58,41
s59,40
s60,41
s61,40
s62,42
s63,43
s64,44
s65,45
s69,46
s69,47
s69,48
s72,49
s74,50
s76,51
s78,52
s79,53
s80,53
s81,54
s82,55
s85,56
s85,57
s87,58
s89,59
s91,60
s92,61
s92,62
s94,63
s95,64
s97,65
s102,66
s102,67
s103,68
s104,69
s106,70
s108,71
s111,72
s111,73
s113,74
s114,75
s115,76
s116,77
s117,78
s118,79
s119,80
s120,81
s123,77
s127,82
s128,83
s129,84
s130,85
s131,86
s132,87
s134,88
s135,89
s136,90
s137,91
s138,92
s139,85
s140,93
s141,94
s142,95
s143,96
s144,97
s145,98
s146,99
s146,100
s147,101
s149,102
s150,103
s151,104
s152,105
s152,106
s153,107
s156,108
s157,109
s158,110
s159,111
s160,112
s162,113
s163,98
s164,114
s165,115
s167,116
s168,117
s168,118
s169,119
s169,120
s170,121
s171,122
s172,123
s173,124
s174,125
s175,38
s176,126
s177,127
s178,128
s179,129
s179,130
s180,131
s181,132
s183,133
s184,121
s186,66
s186,67
s189,134
s189,135
s191,136
s192,137
s193,138
s196,139
s197,140
s199,50
s200,141
s201,142
s202,143
s202,144
s203,145
s204,146
s205,138
s206,147
s207,148
s208,149
s209,150
s210,150
s211,151
s212,152
s215,153
s216,149
s217,154
s217,155
s218,150
s222,156
s223,157
s224,158
s224,159
s228,160
s229,161
s230,162
s231,163
s232,164
s234,165
s236,166
s237,167
s238,167
s239,167
s240,167
s241,168
s245,169
s247,170
s248,171
s250,172
s251,173
s252,174
s253,175
s254,176
s256,177
s257,178
s258,176
s259,179
s260,180
s262,12
s263,181
s265,182
s268,77
s269,183
s271,184
s274,185
s277,186
s279,187
s280,188
s282,189
s283,190
s284,191
s285,192
s286,193
s288,194
s291,195
s293,196
s294,197
s295,198
s296,199
s298,200
s298,201
s298,202
s298,203
s298,204
s298,205
s298,167
s298,206
s298,207
s299,208
s300,209
s301,210
s301,211
s302,212
s303,213
s303,214
s304,215
s305,216
s306,217
s307,218
s308,219
s309,220
s311,221
s315,222
s316,223
s317,224
s318,225
s319,226
s319,227
s326,228
s327,229
s328,230
s329,231
s330,31
s331,232
s331,233
s333,90
s334,234
s335,235
s336,236
s338,237
s340,238
s340,239
s341,240
s342,241
s343,242
s344,243
s345,243
s346,244
s347,245
s348,246
s349,247
s350,248
s351,249
s352,250
s353,251
s354,252
s355,253
s356,254
s357,255
s358,157
s359,256
s360,93
s361,257
s363,258
s364,259
s366,260
s368,261
s372,260
s373,262
s374,263
s375,264
s376,265
s378,266
s379,267
s381,268
s384,269
s385,270
s388,271
s389,272
s389,273
s390,274
s393,275
s394,276
s395,277
s396,278
s397,279
s399,280
s403,281
s406,282
s407,283
s408,283
s409,283
s410,283
s411,283
s412,283
s413,283
s414,283
s415,283
s416,283
s417,283
s418,284
s419,285
s419,286
s420,283
s421,283
s422,283
s422,287
s423,283
s424,283
s425,283
s427,288
s427,289
s428,290
s429,291
s430,292
s433,293
s433,294
s433,295
s434,296
s437,297
s438,298
s439,299
s440,300
s440,301
s440,302
s440,303
s440,304
s442,305
s444,306
s445,307
s446,308
s447,309
s448,310
s449,310
s450,311
s451,312
s452,313
s453,314
s455,315
s456,316
s458,317
s459,318
s461,319
s461,320
s462,321
s463,322
s464,323
s464,324
s465,325
s468,326
s469,327
s470,328
s472,329
s472,330
s474,331
s475,332
s476,333
s477,334
s480,305
s481,335
s482,336
s485,337
s486,338
s487,339
s487,340
s490,341
s492,342
s493,343
s495,344
s496,345
s497,346
s499,347
s501,348
s502,292
s503,349
s504,350
s506,351
s506,352
s507,353
s508,354
s509,355
s519,356
s529,357
s529,358
s530,359
s532,360
s532,361
s532,362
s535,363
s542,364
s543,365
s551,305
s552,366
s553,367
s555,368
s556,369
s557,370
s558,371
s558,372
s559,373
s560,121
s561,374
s562,375
s563,375
s564,375
s565,241
s567,376
s568,377
s569,242
s570,378
s571,379
s573,380
s574,381
s574,382
s575,383
s576,384
s577,385
s578,386
s579,387
s580,388
s581,389
s582,390
s583,257
s584,391
s585,392
s586,393
s587,394
s588,395
s588,396
s588,397
s588,398
s588,399
s590,400
s592,401
s593,402
s594,403
s595,404
s596,405
s597,406
s598,407
s599,408
s600,409
s601,410
s602,411
s603,411
s604,411
s605,412
s606,413
s607,414
s608,415
s609,416
s610,417
s611,418
s612,419
s612,420
s613,421
s614,422
s615,423
s616,424
s617,425
s619,426
s620,427
s622,428
s623,429
s624,430
s625,431
s627,432
s630,433
s631,434
s633,435
s634,436
s635,437
s636,438
s637,439
s638,440
s638,441
s638,26
s644,442
s645,443
s646,444
s647,445
s650,351
s651,446
s652,447
s653,447
s655,448
s656,448
s657,448
s665,449
s667,450
s671,451
s671,452
s672,451
s672,452
s673,451
s677,453
s682,454
s684,455
s686,456
s688,204
s689,208
s690,451
s690,452
s691,262
s693,224
s694,457
s695,458
s696,458
s699,459
s702,460
s703,461
s705,462
s706,463
s708,464
s709,465
s712,466
s713,467
s717,468
s719,469
s722,470
s723,471
s724,472
s725,473
s727,474
s727,475
s728,476
s728,477
s729,478
s736,479
s737,480
s738,481
s740,482
s741,483
s742,484
s743,485
s743,486
s744,487
s746,488
s747,487
s748,258
s751,489
s753,140
s755,490
s757,491
s758,492
s759,493
s760,494
s761,494
s763,495
s765,496
s766,497
s767,498
s769,499
s770,500
s770,501
s771,502
s772,503
s774,504
s775,505
s776,506
s777,507
s778,508
s778,509
s780,510
s782,511
s783,512
s784,513
s785,514
s787,515
s788,516
s789,517
s791,518
s792,519
s793,520
s794,521
s795,522
s797,523
s798,524
s799,525
s800,249
s801,526
s802,527
s803,528
s804,529
s805,530
s807,531
s808,531
s809,515
s810,532
s811,413
s812,533
s813,534
s815,535
s816,536
s817,537
s818,538
s819,539
s820,249
s822,540
s823,541
s824,542
s825,543
s827,544
s828,545
s829,546
s830,547
s832,548
s832,549
s833,550
s835,551
s837,552
s839,553
s840,458
s841,554
s842,555
s845,556
s846,557
s847,558
s851,559
s854,560
s857,561
s859,562
s860,563
s861,564
s862,52
s864,565
s865,150
s866,566
s867,567
s867,568
s868,569
s871,570
s872,571
s873,572
s874,573
s876,574
s878,575
s879,576
s880,577
s882,578
s883,579
s886,580
s887,581
s888,582
s890,583
s892,584
s893,585
s894,586
s895,587
s896,588
s898,589
s899,590
s900,591
s902,592
s904,593
s905,594
s906,595
s907,596
s908,597
s910,598
s911,599
s912,600
s914,601
s915,602
s916,603
s917,604
s918,605
s918,606
s920,607
s923,608
s925,609
s927,610
s929,611
s930,612
s931,532
s932,613
s933,614
s934,85
s935,615
s936,616
s936,617
s936,618
s938,619
s939,619
s940,619
s941,619
s942,619
s943,249
s944,620
s945,621
s946,622
s947,623
s948,624
s949,625
s950,626
s951,627
s952,628
s953,629
s954,630
s955,631
s955,632
s956,633
s957,634
s959,178
s960,635
s961,636
s962,637
s962,638
s963,639
s965,640
s965,641
s967,642
s970,643
s971,644
s972,645
s974,646
s975,647
s977,648
s978,649
s979,650
s980,651
s980,652
s981,651
s982,653
s983,654
s984,655
s985,656
s986,657
s987,657
s988,658
s989,659
s990,660
s991,650
s992,661
s993,662
s993,663
s995,208
s996,596
s996,653
s997,664
s1000,665
s1001,666
s1002,667
s1003,668
s1007,619
s1008,619
s1009,619
s1010,669
s1010,670
s1014,671
s1016,672
s1017,673
s1018,674
s1019,675
s1020,676
s1021,677
s1022,678
s1022,679
s1023,680
s1024,681
s1024,682
s1024,683
s1024,684
s1025,685
s1027,686
s1028,687
s1030,688
s1031,574
s1032,689
s1034,690
s1035,691
s1035,692
s1036,693
s1037,694
s1037,695
s1038,696
s1040,697
s1042,698
s1042,699
s1043,700
s1047,701
s1051,702
s1053,241
s1054,703
s1055,586
s1056,704
s1067,705
s1068,706
s1070,707
s1071,708
s1072,619
s1073,619
s1074,619
s1075,619
s1076,709
s1076,710
s1076,711
s1076,712
s1076,713
s1076,714
s1076,715
s1077,619
s1078,619
s1079,619
s1081,716
s1084,717
s1086,718
s1087,719
s1088,356
s1089,720
s1090,721
s1090,722
s1091,723
s1097,724
s1098,725
s1099,726
s1100,727
s1101,728
s1102,729
s1103,730
s1104,731
s1105,192
s1106,732
s1107,733
s1107,734
s1108,735
s1109,736
s1110,737
s1110,738
s1111,739
s1112,740
s1113,741
s1114,623
s1115,742
s1116,743
s1118,744
s1119,745
s1120,746
s1121,747
s1122,24
s1123,748
s1125,749
s1127,750
s1129,751
s1131,531
s1132,531
s1133,531
s1134,515
s1135,752
s1135,753
s1136,754
s1137,755
s1137,756
s1138,757
s1139,758
s1140,759
s1141,760
s1142,200
s1143,761
s1145,762
s1146,763
s1147,764
s1148,765
s1151,766
s1152,767
s1154,768
s1155,769
s1156,770
s1157,771
s1160,772
s1161,773
s1163,774
s1165,775
s1166,776
s1168,777
s1171,778
s1172,779
s1173,780
s1174,781
s1176,414
s1177,782
s1178,783
s1179,784
s1184,785
s1185,786
s1186,787
s1188,788
s1189,789
s1190,790
s1191,791
s1192,792
s1192,793
s1193,794
s1194,586
s1195,795
s1196,796
s1197,797
s1198,798
s1199,799
s1200,800
s1203,801
s1204,31
s1205,802
s1208,803
s1209,804
s1210,805
s1212,806
s1213,807
s1215,808
s1216,809
s1217,810
s1219,811
s1220,812
s1221,813
s1222,814
s1223,815
s1223,816
s1224,817
s1224,818
s1229,819
s1231,820
s1233,821
s1234,208
s1235,822
s1237,3
s1238,823
s1240,824
s1241,85
s1242,825
s1243,826
s1243,827
s1244,828
s1245,829
s1247,830
s1248,531
s1249,831
s1250,832
s1250,833
s1251,834
s1252,835
s1253,836
s1254,837
s1254,838
s1255,344
s1256,531
s1257,839
s1259,840
s1259,841
s1260,842
s1261,843
s1262,844
s1264,845
s1265,846
s1266,847
s1267,844
s1268,594
s1270,848
s1274,849
s1277,850
s1279,790
s1280,851
s1281,852
s1281,853
s1282,854
s1284,745
s1285,745
s1287,855
s1289,312
s1290,856
s1291,857
s1292,858
s1293,859
s1294,860
s1294,861
s1294,862
s1294,863
s1296,864
s1298,865
s1304,476
s1305,51
s1306,866
s1308,867
s1310,868
s1312,869
s1313,870
s1316,871
s1317,872
s1319,873
s1320,874
s1323,875
s1324,876
s1325,877
s1326,878
s1327,879
s1328,877
s1329,474
s1330,880
s1331,881
s1334,532
s1335,882
s1337,883
s1338,884
s1341,885
s1342,886
s1343,887
s1344,888
s1345,889
s1346,890
s1347,891
s1348,892
s1352,893
s1354,22
s1358,894
s1359,895
s1360,161
s1361,896
s1365,897
s1367,898
s1368,899
s1369,900
s1370,901
s1371,902
s1373,903
s1375,904
s1377,905
s1379,906
s1380,907
s1382,908
s1383,909
s1387,910
s1388,911
s1389,912
s1390,913
s1391,914
s1392,915
s1394,916
s1397,917
s1398,918
s1399,919
s1400,920
s1400,921
s1404,922
s1406,923
s1407,616
s1407,924
s1408,925
s1410,926
s1411,927
s1412,928
s1413,929
s1414,755
s1415,930
s1415,931
s1416,932
s1417,933
s1418,934
s1419,935
s1420,936
s1421,937
s1422,938
s1422,939
s1423,940
s1424,941
s1425,942
s1427,940
s1429,943
s1433,944
s1434,945
s1435,946
s1435,947
s1436,948
s1437,949
s1437,950
s1439,951
s1442,952
s1445,401
s1446,953
s1447,954
s1448,955
s1451,956
s1452,957
s1453,958
s1454,959
s1455,960
s1457,961
s1459,962
s1460,963
s1462,964
s1464,965
s1465,966
s1465,967
s1468,968
s1469,969
s1470,85
s1471,970
s1473,971
s1475,972
s1476,973
s1480,974
s1482,975
s1485,976
s1485,977
s1486,978
s1487,979
s1487,980
s1489,981
s1491,982
s1492,983
s1494,984
s1495,565
s1496,985
s1497,986
s1498,987
s1499,988
s1499,989
s1500,990
s1501,991
s1502,628
s1503,992
s1505,993
s1505,994
s1508,995
s1510,996
s1511,997
s1512,998
s1513,999
s1514,1000
s1516,1001
s1518,1002
s1520,1003
s1521,1004
s1521,1005
s1521,207
s1521,1006
s1522,1003
s1523,1003
s1524,1007
s1525,1008
s1526,1009
s1527,459
s1530,81
s1531,1010
s1532,1011
s1533,1012
s1533,1013
s1534,1014
s1535,1015
s1537,1016
s1538,1017
s1541,1018
s1542,1019
s1542,1020
s1543,1021
s1545,1022
s1550,1023
s1551,1024
s1557,1025
s1558,1026
s1559,1027
s1559,1028
s1561,1029
s1562,1030
s1564,1031
s1565,1032
s1566,1033
s1567,574
s1568,1015
s1569,1015
s1572,1034
s1576,1035
s1577,1036
s1581,1037
s1581,1038
s1581,1039
s1582,533
s1583,769
s1585,798
s1587,1040
s1588,1041
s1588,1042
s1588,1043
s1589,1044
s1592,1045
s1592,1046
s1593,1047
s1596,410
s1598,1048
s1599,1049
s1600,1050
s1601,1051
s1602,1052
s1603,1053
s1605,1054
s1607,1055
s1609,376
s1610,1056
s1611,690
s1613,897
s1614,1057
s1617,1058
s1618,1059
s1621,1060
s1622,92
s1625,690
s1627,1061
s1630,1062
s1631,1063
s1632,1064
s1633,1065
s1634,1066
s1636,19
s1636,18
s1637,1067
s1638,1068
s1643,1069
s1644,1070
s1645,1071
s1646,1072
s1647,1073
s1648,987
s1649,1074
s1651,996
s1652,1075
s1653,1076
s1654,1076
s1655,735
s1656,1077
s1656,1078
s1657,690
s1658,1079
s1660,1080
s1661,1081
s1663,1082
s1664,1083
s1665,565
s1666,1084
s1667,1085
s1670,1086
s1670,1087
s1672,1088
s1674,1089
s1675,1090
s1676,1091
s1677,1092
s1678,987
s1679,1089
s1680,212
s1681,847
s1682,1093
s1683,987
s1684,1094
s1686,1095
s1687,1096
s1690,1097
s1691,1098
s1691,1099
s1692,1100
s1695,1101
s1695,1102
s1696,1100
s1700,1103
s1701,868
s1703,1104
s1704,1105
s1705,1106
s1706,1107
s1707,1108
s1708,987
s1710,1109
s1711,1110
s1713,144
s1714,1111
s1715,759
s1716,1112
s1721,1113
s1722,1114
s1722,1115
s1726,1116
s1728,1117
s1729,1118
s1729,1119
s1729,1120
s1730,1121
s1732,1122
s1733,459
s1734,1123
s1735,1124
s1736,1125
s1737,1126
s1740,1100
s1742,1127
s1743,1128
s1744,1129
s1745,1130
s1748,1131
s1748,1132
s1750,1133
s1752,1134
s1753,1134
s1754,1135
s1762,1136
s1763,1137
s1764,1138
s1765,800
s1768,918
s1769,1139
s1771,1024
s1772,1140
s1773,1141
s1775,1142
s1776,1143
s1777,1144
s1778,1145
s1781,1146
s1784,1147
s1785,1148
s1786,1149
s1787,1150
s1788,1151
s1789,1152
s1790,1153
s1793,1154
s1794,1155
s1795,1156
s1795,1157
s1796,1158
s1797,1159
s1798,1160
s1799,1161
s1801,1162
s1801,1163
s1802,1164
s1803,1165
s1806,1166
s1806,1167
s1807,1168
s1808,1169
s1809,1170
s1810,987
s1811,1171
s1812,1172
s1813,1173
s1815,1174
s1816,982
s1817,515
s1818,1175
s1819,1176
s1820,1177
s1821,1176
s1822,1176
s1823,1175
s1824,1178
s1825,1179
s1826,1180
s1827,1175
s1828,1176
s1830,1181
s1831,1182
s1832,1175
s1833,1183
s1834,1184
s1834,1185
s1836,1186
s1837,1187
s1837,1188
s1839,1189
s1841,445
s1843,1190
s1844,1191
s1845,1192
s1846,1193
s1847,1194
s1850,755
s1851,1195
s1854,1196
s1854,1197
s1856,1198
s1856,1199
s1857,1200
s1858,1201
s1859,1202
s1860,767
s1862,1203
s1863,1204
s1864,1205
s1866,1206
s1867,1158
s1868,865
s1870,1207
s1871,649
s1873,1208
s1875,1209
s1875,1210
s1877,1211
s1880,182
s1881,1212
s1882,1213
s1883,1214
s1884,1215
s1885,1216
s1887,1217
s1887,1218
s1887,1219
s1888,1220
s1889,1221
s1892,1222
s1893,18
s1893,19
s1897,258
s1898,1223
s1899,1224
s1900,656
s1901,1225
s1902,1226
s1903,1227
s1904,1228
s1905,1229
s1905,1230
s1906,1231
s1910,248
s1912,1232
s1913,1233
s1914,1234
s1914,1235
s1917,1236
s1920,1237
s1921,1238
s1922,1239
s1925,1240
s1927,1241
s1928,1242
s1931,1243
s1932,1244
s1935,1245
s1936,1246
s1937,1247
s1938,1245
s1939,1248
s1940,26
s1941,212
s1942,1202
s1943,26
s1944,1249
s1945,1203
s1946,1250
s1947,1251
s1951,1252
s1954,648
s1958,1253
s1960,1254
s1961,1255
s1961,1256
s1963,1257
s1964,1258
s1965,1259
s1966,1259
s1966,1260
s1967,1259
s1967,1260
s1968,1261
s1969,1259
s1970,1259
s1971,1262
s1972,1263
s1973,1264
s1975,1265
s1976,1266
s1977,1267
s1978,1268
s1982,1269
s1983,1270
s1985,951
s1986,1271
s1987,1270
s1988,1272
s1993,1273
s1996,1274
s1997,1275
s1998,1276
s1999,1277
s2000,1278
s2001,1279
s2002,1280
s2004,64
s2005,1281
s2006,1282
s2008,1283
s2011,1284
s2012,1285
s2015,1286
s2016,1287
s2017,1288
s2018,1289
s2019,1289
s2020,1290
s2021,1291
s2023,1292
s2024,1293
s2025,650
s2026,1294
s2027,1295
s2028,1296
s2028,1297
s2029,1298
s2030,376
s2031,1299
s2032,1300
s2034,1301
s2035,1302
s2036,1303
s2037,1304
s2039,1305
s2039,1306
s2040,1307
s2042,1308
s2044,1309
s2046,1310
s2047,496
s2049,1311
s2050,459
s2051,1312
s2051,1313
s2052,1314
s2053,1315
s2056,1316
s2057,1317
s2058,1318
s2060,1319
s2061,1169
s2062,1320
s2066,1321
s2068,1322
s2072,1323
s2073,1324
s2075,1325
s2076,1326
s2077,1327
s2077,1328
s2077,1329
s2078,1330
s2080,64
s2081,1331
s2082,1332
s2082,1333
s2083,1334
s2084,1335
s2085,1336
s2088,1337
s2088,1338
s2089,1339
s2091,1340
s2092,1341
s2093,1342
s2095,1343
s2096,1344
s2101,1345
s2104,1346
s2105,1347
s2108,1348
s2109,1349
s2111,1350
s2112,94
s2115,52
s2116,1351
s2117,1352
s2118,1353
s2120,1354
s2121,1355
s2122,1356
s2127,676
s2129,1357
s2130,1358
s2131,1359
s2132,767
s2133,1360
s2133,1361
s2138,1362
s2139,1274
s2140,1274
s2142,1363
s2143,405
s2144,1364
s2147,1365
s2148,1116
s2150,1366
s2151,1367
s2155,1368
s2156,982
s2160,1369
s2162,1370
s2164,1371
s2165,1372
s2167,19
s2167,18
s2168,1373
s2170,992
s2172,1374
s2173,1375
s2177,470
s2178,533
s2180,1376
s2183,1377
s2184,1378
s2186,1379
s2186,1380
s2187,1381
s2188,1382
s2188,1383
s2189,1384
s2192,1385
s2194,1386
s2195,1387
s2196,1388
s2197,1389
s2198,1390
s2199,1391
s2200,1392
s2201,1393
s2203,1394
s2205,1395
s2206,1396
s2207,1397
s2208,1398
s2208,1399
s2209,1077
s2209,1078
s2210,1400
s2211,1401
s2212,1402
s2214,192
s2215,1403
s2216,1404
s2217,1405
s2220,1406
s2220,1407
s2221,1408
s2222,1409
s2222,1410
s2225,1411
s2229,1412
s2229,1413
s2232,1414
s2232,1415
s2233,1416
s2234,1417
s2235,183
s2240,1418
s2241,1419
s2243,1420
s2244,1421
s2245,1422
s2245,1423
s2246,1424
s2248,1425
s2249,1426
s2251,1427
s2252,1428
s2253,57
s2257,1429
s2258,1430
s2258,1431
s2260,1432
s2261,1433
s2261,1434
s2262,1435
s2263,1436
s2263,1437
s2264,1438
s2265,1439
s2266,1440
s2267,1441
s2268,1089
s2268,148
s2268,1442
s2268,1443
s2269,1444
s2270,1445
s2271,147
s2272,1446
s2273,1447
s2274,1448
s2275,1449
s2276,1450
s2277,1223
s2278,1451
s2279,1452
s2280,847
s2281,1287
s2282,1453
s2283,1454
s2284,1455
s2285,1456
s2286,1457
s2286,1458
s2287,1459
s2288,1460
s2289,200
s2290,1461
s2291,1462
s2292,1463
s2295,1464
s2296,1465
s2297,1466
s2301,1467
s2303,1468
s2303,1469
s2305,1470
s2305,1471
s2308,1472
s2309,1473
s2310,1474
s2311,851
s2312,1475
s2313,1474
s2315,584
s2316,1476
s2317,1477
s2317,1478
s2318,1479
s2320,1480
s2322,790
s2324,1481
s2325,1465
s2326,1482
s2327,1483
s2329,1484
s2331,1485
s2333,1486
s2334,1487
s2337,1483
s2339,1488
s2340,1489
s2341,1489
s2342,1490
s2342,1491
s2343,1492
s2345,1493
s2346,1494
s2348,1495
s2349,1496
s2351,1497
s2351,1498
s2352,1499
s2354,1500
s2355,359
s2357,1501
s2359,1502
s2361,648
s2362,359
s2364,1503
s2365,1504
s2365,1505
s2366,359
s2367,359
s2368,359
s2369,359
s2370,359
s2371,1506
s2372,1487
s2373,1507
s2374,359
s2375,1508
s2376,359
s2377,359
s2378,1509
s2380,1510
s2381,1511
s2382,1481
s2383,1512
s2386,1513
s2387,1227
s2388,1496
s2390,1514
s2392,823
s2392,1515
s2393,1516
s2394,93
s2398,1517
s2399,1518
s2403,1519
s2404,1520
s2406,453
s2408,1521
s2411,718
s2412,1522
s2413,1523
s2413,1524
s2414,1525
s2414,1526
s2415,1527
s2417,1528
s2419,1529
s2420,1530
s2421,1089
s2422,183
s2424,1531
s2425,16
s2428,1532
s2429,1533
s2430,1298
s2431,1534
s2432,1535
s2434,1536
s2435,1537
s2436,1536
s2437,1538
s2438,1539
s2439,1350
s2440,1540
s2442,1541
s2443,1542
s2444,1543
s2446,1544
s2447,1545
s2449,1546
s2452,1547
s2455,1548
s2456,1549
s2457,1550
s2458,1551
s2459,1552
s2461,359
s2464,1553
s2465,1553
s2466,1554
s2468,1555
s2469,1556
s2470,1557
s2471,1558
s2472,1559
s2472,1560
s2475,723
s2476,363
s2478,368
s2479,1561
s2479,1562
s2479,1563
s2480,1564
s2481,1565
s2481,1566
s2481,1567
s2481,1568
s2481,1569
s2482,1465
s2483,1570
s2484,1571
s2485,1572
s2486,1573
s2488,1574
s2489,1575
s2490,1575
s2491,1576
s2492,1577
s2493,1578
s2493,1579
s2494,1580
s2495,1581
s2495,1582
s2497,1583
s2498,877
s2499,1584
s2501,1585
s2502,1586
s2503,1542
s2504,1538
s2505,1587
s2506,1588
s2507,1588
s2508,1589
s2510,1536
s2511,1587
s2512,1590
s2513,1540
s2514,545
s2517,1591
s2521,1592
s2522,1593
s2523,1181
s2528,1594
s2532,823
s2532,1515
s2533,823
s2533,1515
s2534,1595
s2535,1596
s2536,1597
s2537,190
s2538,1598
s2539,1599
s2540,1600
s2541,1364
s2542,1601
s2544,1602
s2545,1603
s2546,1158
s2548,1604
s2550,1605
s2551,1606
s2554,1607
s2554,1608
s2554,1609
s2554,1610
s2556,1611
s2557,1612
s2558,1613
s2559,363
s2560,1614
s2561,1615
s2562,1616
s2563,1617
s2564,1618
s2565,1619
s2566,1620
s2567,1621
s2568,775
s2571,1024
s2572,1622
s2573,1024
s2574,1623
s2577,1624
s2578,1625
s2579,1626
s2580,18
s2580,19
s2582,1627
s2583,616
s2583,617
s2585,1628
s2588,1629
s2590,1630
s2592,1631
s2593,119
s2593,120
s2594,1632
s2595,1632
s2596,1632
s2597,1633
s2598,1634
s2602,12
s2603,1635
s2604,1636
s2604,1637
s2605,1638
s2606,596
s2608,1639
s2611,1640
s2613,804
s2613,1641
s2614,1642
s2615,1643
s2615,1644
s2616,1645
s2617,657
s2618,1646
s2619,660
s2620,1647
s2621,596
s2622,596
s2623,1648
s2624,1298
s2625,1649
s2626,1249
s2627,1650
s2630,1651
s2631,1350
s2633,895
s2634,1652
s2635,1653
s2636,1654
s2637,1655
s2638,1656
s2639,1298
s2643,1657
s2645,1658
s2647,1659
s2648,1659
s2650,755
s2651,1660
s2653,1661
s2654,1662
s2655,1352
s2656,1663
s2657,1102
s2660,1664
s2664,1665
s2668,1666
s2669,3
s2672,1667
s2673,1668
s2674,1401
s2675,1669
s2676,1670
s2676,1671
s2678,1672
s2678,1673
s2679,1674
s2680,1675
s2681,1676
s2682,1677
s2683,1678
s2684,1679
s2686,1680
s2687,1681
s2688,1144
s2689,1639
s2691,1682
s2694,1683
s2695,1684
s2695,1685
s2696,1686
s2697,1687
s2698,1688
s2701,1689
s2702,1690
s2703,1691
s2704,1692
s2705,1693
s2706,1694
s2707,1695
s2708,519
s2710,1696
s2712,1697
s2712,72
s2713,1698
s2714,1699
s2715,1700
s2716,1701
s2717,1702
s2718,283
s2720,1703
s2720,1704
s2721,1705
s2722,1706
s2723,1707
s2724,1708
s2725,1709
s2726,1707
s2727,366
s2729,681
s2730,1710
s2731,1442
s2732,1442
s2733,1711
s2734,1712
s2735,1442
s2736,1460
s2738,283
s2738,1713
s2738,1714
s2739,1715
s2742,1716
s2745,1717
s2745,1718
s2746,1719
s2748,1720
s2750,1721
s2751,1722
s2753,1723
s2755,1724
s2756,1725
s2757,1726
s2758,1727
s2759,1728
s2761,1729
s2763,470
s2764,1078
s2764,1077
s2767,1730
s2769,1731
s2770,1732
s2770,1733
s2771,1333
s2771,1332
s2772,1734
s2774,1735
s2776,1736
s2777,1737
s2779,1738
s2781,1739
s2782,1740
s2782,1741
s2783,1742
s2787,1743
s2790,1744
s2796,1745
s2796,1746
s2797,1747
s2799,1748
s2800,1749
s2800,1750
s2801,386
s2802,1751
s2804,1752
s2806,1753
s2807,1754
s2810,1755
s2811,1756
s2812,1632
s2813,1632
s2814,1757
s2815,1632
s2816,1758
s2818,1759
s2820,1760
s2821,1761
s2822,280
s2823,1762
s2824,1763
s2829,1764
s2830,406
s2831,1765
s2832,1766
s2833,197
s2834,1767
s2835,1768
s2836,937
s2837,1137
s2838,1769
s2840,557
s2841,1770
s2843,1771
s2844,1772
s2845,1773
s2845,1774
s2846,1772
s2847,1775
s2848,1776
s2848,1777
s2849,1618
s2850,1589
s2851,1778
s2852,1779
s2853,1780
s2854,1781
s2857,1782
s2859,1783
s2860,1784
s2861,895
s2862,1785
s2863,1786
s2864,241
s2865,1787
s2866,1788
s2867,1789
s2868,1336
s2874,1770
s2877,1790
s2877,1791
s2878,1792
s2878,1793
s2878,1238
s2878,1794
s2878,1795
s2879,1796
s2880,795
s2882,1418
s2883,1352
s2885,1797
s2886,292
s2887,1798
s2888,1799
s2890,1800
s2891,1801
s2896,1802
s2897,1803
s2898,1804
s2899,1805
s2900,1806
s2902,1807
s2904,1808
s2905,1809
s2906,1810
s2907,1282
s2908,1811
s2909,1812
s2910,1813
s2912,1814
s2912,1815
s2913,1816
s2914,1817
s2915,1818
s2916,1819
s2917,676
s2919,189
s2920,1820
s2920,1821
s2920,1822
s2924,1823
s2924,1824
s2925,1825
s2925,1826
s2926,873
s2929,1560
s2929,1559
s2930,1827
s2931,985
s2933,1828
s2934,1829
s2935,1830
s2936,1831
s2937,1832
s2940,1833
s2941,1834
s2944,1835
s2947,1836
s2947,1837
s2948,1838
s2949,1839
s2949,1840
s2950,1841
s2950,1842
s2951,1843
s2952,1844
s2953,1845
s2955,1803
s2956,1846
s2957,1847
s2958,1489
s2961,1848
s2962,1849
s2963,1850
s2964,1851
s2969,1852
s2970,1489
s2971,1853
s2973,1854
s2974,1486
s2976,1855
s2979,1856
s2982,1857
s2986,1858
s2987,820
s2988,1021
s2988,1859
s2989,1860
s2989,1861
s2990,1862
s2991,1863
s2996,1864
s2997,498
s3000,1865
s3003,1866
s3003,1867
s3004,1868
s3005,1869
s3007,1870
s3008,1871
s3009,308
s3010,1872
s3015,1873
s3017,1874
s3018,1875
s3019,1876
s3020,1562
s3022,1877
s3023,1878
s3024,1879
s3026,1880
s3027,1881
s3028,1882
s3028,1883
s3030,1662
s3032,1884
s3033,1885
s3037,1445
s3039,1886
s3042,515
s3044,1887
s3045,1888
s3047,1889
s3049,1596
s3052,1890
s3055,1891
s3058,1892
s3058,1893
s3059,1892
s3059,1894
s3060,1892
s3061,1089
s3061,148
s3061,1442
s3061,1443
s3062,472
s3063,1895
s3065,1618
s3068,1896
s3069,687
s3070,1897
s3071,1890
s3073,1898
s3074,1899
s3078,1900
s3079,1901
s3081,1902
s3082,1903
s3090,1904
s3091,1905
s3092,1906
s3094,1907
s3095,1908
s3097,1909
s3098,751
s3099,1910
s3099,1911
s3100,1912
s3101,515
s3102,1913
s3102,1914
s3103,572
s3105,1915
s3106,1916
s3108,1917
s3110,1918
s3111,1919
s3113,1639
s3114,1920
s3115,1921
s3116,1639
s3117,1922
s3119,1923
s3122,1924
s3124,1925
s3125,1926
s3125,1927
s3125,1928
s3125,1929
s3125,1930
s3125,1931
s3125,1932
s3125,1933
s3125,1934
s3125,1935
s3125,1936
s3126,1355
s3127,1937
s3131,1481
s3132,1938
s3133,1443
s3134,1938
s3135,1938
s3136,1939
s3137,673
s3138,1940
s3139,775
s3140,1941
s3141,1942
s3142,1943
s3143,1938
s3144,1443
s3145,1467
s3146,1944
s3148,1941
s3150,1443
s3151,1945
s3152,422
s3153,37
s3154,1639
s3155,1946
s3156,1947
s3157,422
s3158,1948
s3159,1949
s3160,1539
s3161,1950
s3162,1951
s3163,1952
s3164,1953
s3165,1954
s3167,735
s3168,1372
s3170,1955
s3171,1956
s3172,1957
s3175,1958
s3176,1959
s3176,1960
s3179,1639
s3180,1639
s3181,1961
s3187,1962
s3189,1963
s3190,1964
s3191,1965
s3192,1966
s3194,1967
s3195,1968
s3196,1969
s3198,1970
s3199,1971
s3201,1972
s3202,1973
s3203,1974
s3203,1975
s3204,1976
s3206,859
s3206,1977
s3207,1978
s3208,1979
s3210,183
s3211,1980
s3212,1981
s3214,1982
s3215,1983
s3216,1984
s3218,1414
s3219,1096
s3224,1985
s3225,1986
s3226,52
s3227,1987
s3227,1988
s3228,895
s3229,1622
s3230,533
s3234,1989
s3235,1990
s3235,1991
s3236,519
s3238,1992
s3240,1940
s3245,1841
s3245,1842
s3249,1993
s3251,1994
s3252,1995
s3254,1996
s3255,1997
s3257,1998
s3260,1999
s3261,2000
s3262,894
s3263,2001
s3265,2002
s3266,2003
s3267,2004
s3268,2005
s3269,2006
s3269,2007
s3273,2008
s3274,2009
s3279,2010
s3281,2011
s3286,2012
s3290,2013
s3291,1018
s3293,2014
s3297,2015
s3298,2016
s3300,2017
s3301,2018
s3303,2019
s3304,1618
s3306,2020
s3308,2021
s3309,2022
s3310,1096
s3312,2023
s3313,2024
s3316,1373
s3318,1373
s3319,2025
s3320,2026
s3320,2027
s3321,75
s3322,2028
s3323,192
s3324,2029
s3325,2030
s3327,2031
s3330,2032
s3332,2033
s3333,2034
s3335,1705
s3336,2035
s3336,2036
s3338,373
s3339,2037
s3344,2038
s3347,445
s3348,2039
s3349,2040
s3350,2041
s3354,2042
s3354,2043
s3355,2044
s3357,2045
s3359,2046
s3360,2047
s3363,1072
s3366,2041
s3367,2048
s3372,648
s3373,2049
s3375,2050
s3377,2051
s3380,2052
s3381,2053
s3384,2054
s3385,2055
s3385,2056
s3387,2057
s3388,2058
s3389,2059
s3390,1174
s3391,52
s3392,2060
s3393,197
s3399,2061
s3400,1921
s3403,596
s3406,2062
s3408,2063
s3409,2064
s3410,2065
s3412,1144
s3413,2066
s3414,2067
s3418,2068
s3419,2069
s3420,337
s3422,2061
s3423,2070
s3424,2071
s3425,2072
s3426,2073
s3426,2074
s3428,650
s3429,2075
s3430,157
s3432,2076
s3433,1635
s3435,2077
s3437,2078
s3439,2079
s3440,2080
s3442,1664
s3444,985
s3447,2081
s3449,2082
s3451,2083
s3452,2084
s3457,2085
s3457,533
s3460,2086
s3461,2087
s3462,2088
s3466,2089
s3469,2090
s3472,2091
s3473,2092
s3473,2093
s3476,2094
s3476,2095
s3477,1955
s3478,2096
s3479,1279
s3480,2097
s3481,2097
s3483,2098
s3485,2099
s3486,2100
s3486,2101
s3486,2102
s3486,753
s3486,2103
s3486,2104
s3486,2105
s3486,2106
s3486,2107
s3486,2108
s3487,2109
s3488,2110
s3491,2111
s3493,861
s3494,861
s3495,2112
s3496,790
s3497,2113
s3498,2114
s3499,2115
s3501,2116
s3504,2117
s3507,2118
s3507,2119
s3508,660
s3510,2120
s3512,1335
s3513,792
s3514,322
s3515,888
s3517,861
s3518,2121
s3519,2122
s3521,657
s3523,2123
s3524,2124
s3529,828
s3530,2125
s3531,2126
s3532,2127
s3533,2128
s3534,654
s3537,2129
s3538,2130
s3539,2131
s3542,2132
s3543,2131
s3543,2133
s3545,1065
s3546,1551
s3548,2134
s3548,2135
s3549,775
s3550,2136
s3555,2137
s3556,628
s3557,2138
s3558,2139
s3560,2140
s3561,2141
s3564,2142
s3565,2143
s3566,2144
s3567,2145
s3568,1114
s3568,1115
s3569,2146
s3570,2146
s3571,2146
s3573,1015
s3575,2147
s3583,2148
s3584,483
s3587,2149
s3590,983
s3590,1089
s3591,2150
s3591,2151
s3591,1117
s3591,2152
s3591,2153
s3591,2154
s3591,2155
s3592,1675
s3594,2156
s3595,2157
s3596,2158
s3597,2159
s3600,2160
s3603,2161
s3604,2162
s3604,2163
s3606,2164
s3614,2165
s3615,2165
s3617,2166
s3618,2167
s3619,574
s3620,1950
s3621,1856
s3622,221
s3623,1616
s3624,2168
s3626,2169
s3627,1851
s3629,2170
s3631,2171
s3632,2172
s3635,2173
s3636,1589
s3638,2174
s3639,1966
s3640,2175
s3642,94
s3644,2176
s3644,2177
s3646,2178
s3647,1686
s3647,2179
s3648,2180
s3649,2181
s3650,2182
s3650,2183
s3651,2184
s3653,2185
s3654,2186
s3658,1416
s3659,2187
s3662,2188
s3663,2189
s3669,2190
s3671,2191
s3673,58
s3676,2192
s3677,2193
s3679,2194
s3680,2195
s3682,2196
s3682,2197
s3682,2198
s3684,888
s3694,1962
s3698,2199
s3699,2200
s3700,2201
s3702,2202
s3704,2203
s3707,2204
s3710,241
s3712,498
s3712,278
s3714,2166
s3715,2205
s3716,2206
s3718,1335
s3718,2207
s3719,2208
s3719,2208
s3720,2209
s3720,2210
s3720,2211
s3721,2212
s3729,2212
s3729,2213
s3730,2214
s3730,2215
s3731,2216
s3732,1691
s3733,2131
s3734,1686
s3735,2217
s3736,2218
s3739,2219
s3739,2220
s3740,2221
s3741,2222
s3744,2223
s3748,12
s3754,2224
s3757,2225
s3758,2226
s3759,1856
s3760,895
s3762,2227
s3764,2228
s3765,2229
s3766,271
s3767,2230
s3768,2231
s3769,2232
s3772,98
s3773,2233
s3774,2008
s3776,2234
s3777,1589
s3778,2235
s3778,2236
s3782,2237
s3784,2238
s3786,448
s3787,2239
s3789,138
s3791,2240
s3792,2241
s3794,2242
s3796,1614
s3798,2243
s3799,376
s3801,2244
s3803,2245
s3803,2246
s3804,2247
s3805,441
s3806,1962
s3809,2248
s3810,2199
s3811,2199
s3812,2199
s3814,2249
s3815,2250
s3816,2251
s3817,2252
s3819,2253
s3820,2254
s3821,2255
s3823,2256
s3826,2257
s3829,2258
s3830,1373
s3831,2259
s3833,2260
s3834,2261
s3835,2262
s3837,2119
s3842,825
s3843,2263
s3858,2264
s3858,2265
s3859,2266
s3860,2267
s3861,2268
s3863,2269
s3864,474
s3866,2270
s3867,2271
s3869,2272
s3870,38
s3872,2273
s3873,2274
s3874,2275
s3875,2276
s3876,2277
s3878,1589
s3886,2278
s3889,775
s3890,596
s3891,2279
s3892,2280
s3894,275
s3895,2281
s3896,2282
s3897,2283
s3900,2284
s3904,2285
s3905,2286
s3906,2287
s3907,2288
s3908,2289
s3909,2290
s3911,78
s3912,2291
s3913,2158
s3914,1223
s3915,2166
s3916,2292
s3917,2293
s3918,2294
s3919,2295
s3920,1247
s3922,2137
s3923,2296
s3924,2296
s3927,2297
s3929,2298
s3929,2299
s3929,2300
s3929,2301
s3930,775
s3931,2302
s3933,21
s3934,204
s3936,2303
s3940,204
s3946,2304
s3948,775
s3949,2226
s3949,2305
s3951,2306
s3952,2307
s3953,1096
s3955,2308
s3956,2309
s3958,2310
s3960,2311
s3961,2312
s3963,2313
s3964,2314
s3967,2315
s3968,2316
s3973,2317
s3974,755
s3975,1664
s3976,2318
s3978,2319
s3979,2320
s3979,2321
s3983,636
s3984,2322
s3986,954
s3991,2323
s3992,2324
s3993,1049
s3994,2325
s3995,1033
s3996,859
s3998,2326
s3998,2327
s4000,2328
s4001,2329
s4003,2330
s4004,2331
s4005,2251
s4006,2332
s4008,792
s4009,472
s4009,2333
s4010,792
s4011,472
s4012,2334
s4014,1227
s4018,2325
s4019,2335
s4020,2324
s4021,1033
s4022,987
s4025,2336
s4026,2337
s4032,2338
s4032,2339
s4034,2340
s4035,2341
s4037,2342
s4038,1590
s4039,2323
s4040,2335
s4041,459
s4042,2343
s4046,2344
s4047,574
s4048,1125
s4049,2345
s4050,2346
s4051,2347
s4052,2348
s4053,1736
s4054,2349
s4059,2350
s4060,2351
s4061,2352
s4062,21
s4063,2353
s4065,2354
s4065,2355
s4066,140
s4067,2356
s4068,2357
s4069,987
s4070,2323
s4071,574
s4072,574
s4073,2358
s4074,987
s4075,987
s4076,987
s4077,987
s4078,1169
s4079,2335
s4081,2359
s4082,2360
s4083,2361
s4084,1664
s4086,2362
s4087,2363
s4088,2364
s4089,2365
s4092,2366
s4093,2367
s4094,2368
s4095,2369
s4096,2370
s4097,2371
s4098,2372
s4099,2373
s4100,2374
s4101,2375
s4102,2376
s4103,1223
s4104,1248
s4105,2377
s4107,2378
s4108,27
s4109,2379
s4111,2380
s4111,2381
s4113,2382
s4114,2383
s4116,1674
s4118,2384
s4121,2065
s4122,2385
s4124,2386
s4125,2387
s4129,1564
s4134,2388
s4135,2389
s4136,2390
s4136,2391
s4136,2392
s4136,2393
s4137,239
s4137,238
s4139,2394
s4140,2395
s4147,2396
s4148,2397
s4149,112
s4151,2398
s4152,1967
s4153,2399
s4154,792
s4155,2400
s4156,2401
s4157,2402
s4158,2403
s4159,2404
s4160,755
s4161,2405
s4162,755
s4162,2406
s4165,2407
s4166,2408
s4166,2409
s4170,2410
s4174,2411
s4174,2412
s4175,2413
s4177,796
s4178,2414
s4181,2415
s4182,1154
s4183,598
s4186,2416
s4187,2417
s4189,206
s4191,2418
s4192,2419
s4193,2420
s4194,2421
s4195,2226
s4196,2226
s4198,2422
s4199,1169
s4204,2423
s4205,2424
s4206,2425
s4209,2426
s4209,2427
s4210,2428
s4211,2429
s4212,2430
s4213,2431
s4214,2432
s4215,2433
s4218,2434
s4218,2435
s4220,2436
s4222,2437
s4223,2178
s4224,1790
s4225,2438
s4226,2439
s4229,2440
s4230,2440
s4232,2441
s4233,2441
s4234,2442
s4234,2443
s4235,2444
s4237,2445
s4238,2446
s4239,2446
s4240,2446
s4243,996
s4244,2447
s4245,2448
s4247,2449
s4248,2449
s4249,2178
s4250,2450
s4253,2451
s4256,2452
s4259,2453
s4260,2454
s4263,2455
s4268,2456
s4269,2457
s4276,2458
s4278,2459
s4279,2460
s4281,2461
s4282,2462
s4283,2463
s4284,2464
s4285,392
s4285,2465
s4286,2466
s4287,1902
s4288,2467
s4290,2468
s4290,2469
s4292,2470
s4293,2471
s4294,2472
s4295,2473
s4296,2474
s4298,2475
s4300,2449
s4302,2449
s4303,2476
s4304,2477
s4307,2478
s4314,2479
s4314,2480
s4315,1589
s4316,2481
s4318,2482
s4319,2483
s4320,2484
s4322,2485
s4323,2280
s4324,2085
s4325,2486
s4326,1279
s4329,2487
s4330,2488
s4331,2489
s4332,2490
s4333,2491
s4334,2492
s4335,2493
s4336,2494
s4337,2495
s4338,2492
s4339,2492
s4340,2496
s4342,2497
s4342,2498
s4343,2499
s4344,2488
s4346,2500
s4347,2501
s4349,2502
s4350,2503
s4352,1961
s4353,1056
s4355,2504
s4355,2505
s4356,2506
s4358,2507
s4359,2294
s4361,2508
s4362,2509
s4365,2510
s4365,2511
s4370,2512
s4371,2513
s4374,2514
s4375,2226
s4376,2515
s4378,2516
s4379,2069
s4383,2517
s4384,2518
s4386,1673
s4386,1672
s4389,2519
s4391,1100
s4392,2520
s4393,2521
s4394,2522
s4395,2523
s4395,2524
s4396,2525
s4397,1118
s4397,1119
s4398,2526
s4399,2527
s4402,2528
s4403,2529
s4405,2530
s4412,2531
s4415,2532
s4417,2533
s4418,2534
s4419,2535
s4420,2536
s4421,2537
s4422,2538
s4423,2539
s4424,2539
s4425,2540
s4426,2541
s4427,144
s4428,1202
s4429,1100
s4430,201
s4430,2542
s4432,2543
s4433,1453
s4434,2544
s4435,2545
s4436,2546
s4438,2547
s4439,2538
s4440,2548
s4441,150
s4442,2549
s4443,2550
s4444,2551
s4445,2552
s4446,1944
s4447,2553
s4448,2554
s4449,2555
s4450,144
s4451,1950
s4452,1447
s4453,2556
s4454,2538
s4455,148
s4456,1265
s4457,2557
s4458,940
s4459,2558
s4460,2559
s4461,2560
s4463,2561
s4464,2562
s4465,1094
s4467,677
s4468,2563
s4469,2407
s4471,1408
s4472,2564
s4473,2565
s4474,2566
s4476,2567
s4478,2568
s4481,2158
s4482,2569
s4483,182
s4485,515
s4487,2570
s4487,2571
s4491,278
s4493,1509
s4494,2572
s4497,2573
s4500,2574
s4501,2521
s4503,2575
s4506,2576
s4507,2577
s4508,742
s4510,2578
s4511,2579
s4513,2580
s4514,2581
s4515,2582
s4516,2583
s4517,1166
s4520,74
s4523,614
s4525,2584
s4525,2585
s4526,2140
s4527,2586
s4529,2587
s4533,2588
s4534,2589
s4538,2590
s4539,2591
s4540,515
s4541,2592
s4541,2593
s4542,2594
s4544,2595
s4545,2592
s4546,2595
s4548,2596
s4548,2597
s4549,2598
s4549,2599
s4553,2435
s4555,2597
s4556,2600
s4557,2601
s4558,1100
s4559,269
s4560,2602
s4561,2603
s4562,2240
s4563,1089
s4564,2604
s4565,2605
s4566,1712
s4567,2606
s4568,2547
s4569,2607
s4570,2608
s4572,144
s4573,2609
s4574,676
s4575,2610
s4576,2611
s4577,2609
s4578,2006
s4579,2612
s4580,2613
s4581,1720
s4582,1263
s4583,2614
s4584,2615
s4585,2496
s4586,2547
s4587,1630
s4588,2616
s4589,2617
s4590,2618
s4591,2618
s4592,2619
s4593,2575
s4594,2620
s4595,1967
s4596,2621
s4597,2622
s4598,2623
s4599,2624
s4600,2625
s4601,1458
s4601,1457
s4602,1457
s4602,1458
s4603,2626
s4604,2627
s4606,2628
s4607,2453
s4608,2553
s4610,2629
s4611,983
s4612,2602
s4613,2630
s4614,2631
s4615,2632
s4616,2633
s4617,2634
s4618,2635
s4619,2636
s4620,2637
s4621,2638
s4625,2226
s4626,2639
s4626,2190
s4627,2640
s4631,2641
s4631,2642
s4642,2643
s4643,2644
s4647,2645
s4650,2646
s4654,2647
s4657,2648
s4657,2649
s4658,2650
s4660,2651
s4661,742
s4662,1335
s4665,2652
s4666,1146
s4667,2653
s4668,2654
s4669,2655
s4670,2656
s4672,2657
s4676,1108
s4680,2658
s4681,2379
s4682,2346
s4684,2659
s4685,2660
s4686,2661
s4687,2662
s4688,2663
s4689,1676
s4691,25
s4692,2664
s4693,2665
s4694,2666
s4695,2667
s4698,2668
s4699,2669
s4700,2670
s4701,983
s4702,2671
s4706,2672
s4707,2673
s4708,195
s4709,1554
s4713,2674
s4714,2675
s4715,2676
s4716,2677
s4716,2678
s4716,2679
s4719,2680
s4720,2611
s4721,1460
s4721,2681
s4722,2549
s4723,1944
s4724,2682
s4725,2683
s4726,2611
s4727,1249
s4728,1709
s4729,1629
s4730,2684
s4731,676
s4732,940
s4733,2240
s4734,2685
s4735,1249
s4736,2686
s4737,1251
s4738,2611
s4740,2687
s4740,2688
s4741,2689
s4746,2690
s4747,2690
s4749,2691
s4750,2692
s4750,2693
s4752,2694
s4754,2695
s4756,1978
s4757,1998
s4758,1769
s4761,2696
s4766,1954
s4769,655
s4770,2426
s4770,2427
s4771,276
s4774,1917
s4775,1435
s4776,2697
s4780,2698
s4782,2692
s4782,2693
s4783,2699
s4784,2700
s4785,2701
s4786,2560
s4787,2702
s4788,2702
s4789,1589
s4790,2703
s4791,2704
s4792,544
s4792,2013
s4793,2613
s4794,2705
s4795,811
s4796,2520
s4797,2706
s4798,1603
s4800,2707
s4801,1449
s4802,2486
s4802,2708
s4803,2709
s4804,1686
s4806,2710
s4807,2711
s4809,2692
s4809,2693
s4811,2712
s4812,715
s4813,2713
s4815,1856
s4817,2714
s4818,2715
s4820,2716
s4823,2717
s4824,1556
s4824,2718
s4826,1443
s4826,1442
s4826,1089
s4826,148
s4827,2719
s4828,2720
s4828,2721
s4829,1602
s4830,2722
s4831,2723
s4834,2724
s4835,2725
s4836,2288
s4840,2726
s4841,2727
s4843,406
s4844,2728
s4848,2729
s4850,2692
s4850,2693
s4851,2730
s4852,1589
s4855,2465
s4856,780
s4859,2731
s4860,2732
s4861,1461
s4862,2733
s4864,1686
s4865,2734
s4865,2735
s4867,2692
s4867,2693
s4868,2736
s4868,2737
s4869,192
s4871,2738
s4872,2739
s4873,2740
s4874,2514
s4876,2741
s4877,2742
s4878,2743
s4878,2744
s4879,2745
s4881,2746
s4882,2747
s4883,2748
s4884,775
s4885,2749
s4886,2750
s4887,2751
s4888,2752
s4888,2753
s4889,2754
s4890,2755
s4891,1581
s4892,1100
s4894,2756
s4898,2757
s4898,2758
s4900,201
s4902,2759
s4903,2760
s4905,2761
s4906,2762
s4907,2763
s4908,2764
s4910,2765
s4912,181
s4913,2766
s4916,2767
s4917,2768
s4917,2769
s4918,2770
s4918,2771
s4918,2772
s4919,2773
s4920,2774
s4921,2775
s4922,487
s4923,2776
s4923,2777
s4924,2778
s4928,791
s4929,2779
s4930,2780
s4932,2781
s4933,2782
s4935,2783
s4936,2784
s4937,2785
s4938,2786
s4939,1664
s4940,2787
s4941,2692
s4941,2693
s4944,2788
s4945,2789
s4946,2790
s4948,2791
s4949,201
s4951,1664
s4953,2792
s4954,2793
s4955,2792
s4956,2794
s4957,2613
s4959,2795
s4960,2796
s4961,2797
s4963,2692
s4963,2693
s4964,2798
s4966,2662
s4967,2662
s4969,2799
s4970,1966
s4971,2224
s4972,2800
s4973,2801
s4975,2802
s4976,2803
s4978,2804
s4980,2805
s4982,2806
s4983,2807
s4984,2808
s4987,2809
s4988,2810
s4990,2811
s4991,2812
s4992,2813
s4994,2814
s4996,2815
s4997,1393
s4997,2816
s4999,472
s5000,2817
s5002,2692
s5002,2693
s5003,2692
s5003,2693
s5004,2818
s5007,2819
s5008,176
s5009,176
s5010,147
s5011,915
s5012,2820
s5013,2821
s5014,2822
s5015,676
s5016,1567
s5016,1568
s5016,1569
s5017,1567
s5017,1568
s5017,1569
s5018,1567
s5018,1568
s5018,1569
s5019,2662
s5020,2662
s5021,2823
s5022,176
s5023,2824
s5025,1589
s5026,1879
s5029,2825
s5032,2826
s5034,2827
s5035,2828
s5038,2829
s5040,544
s5041,2830
s5042,2831
s5042,2832
s5043,2833
s5044,2834
s5045,2835
s5046,1950
s5048,2836
s5050,1517
s5051,2837
s5052,2838
s5054,174
s5055,2839
s5056,2840
s5057,2841
s5059,2842
s5059,2843
s5060,2844
s5061,1517
s5063,2692
s5063,2693
s5065,2845
s5067,2692
s5067,2693
s5068,2846
s5069,2847
s5069,2848
s5072,1517
s5073,2849
s5074,2850
s5074,2851
s5075,2852
s5077,2692
s5077,2693
s5078,2426
s5078,2427
s5080,2853
s5080,2854
s5081,2855
s5082,2856
s5084,2857
s5085,2858
s5086,2859
s5087,1686
s5089,2860
s5092,4
s5093,1752
s5094,2861
s5095,2862
s5097,2863
s5101,2140
s5102,2864
s5103,2865
s5105,2866
s5107,1047
s5108,2867
s5109,2178
s5111,2868
s5112,2869
s5114,566
s5115,2870
s5116,2871
s5116,1100
s5117,2872
s5118,2782
s5122,373
s5123,2873
s5124,2874
s5125,2875
s5128,1589
s5130,1105
s5131,2854
s5132,2853
s5132,2854
s5133,2876
s5134,2877
s5135,2178
s5136,1249
s5137,2878
s5138,2879
s5138,2880
s5143,2881
s5144,2882
s5144,2883
s5145,2884
s5147,1519
s5149,2885
s5149,2886
s5152,2887
s5153,2888
s5154,2889
s5157,566
s5159,539
s5159,2890
s5161,2891
s5162,790
s5163,2892
s5164,741
s5165,796
s5168,1804
s5172,1589
s5173,2893
s5175,2894
s5177,2692
s5177,2693
s5178,2375
s5180,2895
s5182,2896
s5183,2897
s5184,1251
s5185,2898
s5187,2899
s5188,2900
s5189,2901
s5189,2338
s5190,2902
s5191,2903
s5197,2904
s5198,2905
s5199,2906
s5200,2514
s5202,2907
s5203,2908
s5204,275
s5205,2337
s5208,2052
s5210,2909
s5210,2910
s5212,2911
s5213,2912
s5214,2738
s5215,150
s5218,2913
s5219,2914
s5221,2915
s5223,2916
s5224,2917
s5225,2693
s5226,2918
s5227,376
s5228,1955
s5229,2919
s5230,2920
s5231,1686
s5234,2921
s5235,2922
s5236,2923
s5239,2924
s5240,2925
s5241,2158
s5242,2926
s5249,2927
s5250,2928
s5250,2929
s5253,4
s5254,2930
s5256,2931
s5257,2932
s5261,2933
s5262,2934
s5265,2935
s5266,2936
s5267,2937
s5268,2938
s5269,2939
s5270,1320
s5271,1808
s5272,2940
s5274,2817
s5276,715
s5277,472
s5278,2941
s5280,2942
s5280,2943
s5282,2944
s5283,2669
s5284,406
s5291,2855
s5293,2945
s5294,2945
s5295,2946
s5297,2855
s5301,2947
s5303,2948
s5304,2949
s5305,2854
s5307,2950
s5308,2951
s5308,2952
s5309,1162
s5309,1163
s5310,2853
s5310,2854
s5311,2410
s5311,2953
s5312,2954
s5313,2955
s5314,2956
s5315,2953
s5315,2410
s5316,1589
s5317,2957
s5318,2958
s5319,2959
s5320,1589
s5323,2960
s5323,2961
s5324,2962
s5326,2178
s5327,2178
s5329,542
s5330,2963
s5331,2964
s5332,483
s5333,2965
s5334,373
s5335,2569
s5336,2569
s5337,2569
s5338,2569
s5339,2569
s5340,2569
s5341,2966
s5342,2967
s5343,2692
s5343,2693
s5344,2968
s5345,2969
s5347,1401
s5352,2970
s5354,2971
s5358,2972
s5359,2973
s5360,276
s5362,2974
s5365,2975
s5368,2976
s5369,2977
s5370,2189
s5371,2978
s5372,2979
s5373,2980
s5374,2981
s5375,892
s5376,2982
s5377,1303
s5378,2983
s5379,2178
s5380,2178
s5382,2984
s5386,2985
s5388,2986
s5389,2987
s5390,276
s5392,2988
s5395,2989
s5397,2990
s5399,2991
s5401,2988
s5403,2992
s5409,2854
s5412,2993
s5416,369
s5417,2994
s5418,615
s5419,2995
s5420,2996
s5421,2681
s5424,2997
s5424,2998
s5425,2846
s5427,2999
s5428,3000
s5428,3001
s5429,3002
s5430,3003
s5431,3004
s5432,3005
s5433,3006
s5436,3007
s5441,3008
s5442,3009
s5443,2521
s5443,3010
s5444,1473
s5447,3011
s5448,2854
s5449,3012
s5450,3013
s5451,3005
s5452,3012
s5453,3014
s5454,3015
s5455,3016
s5456,3017
s5457,3018
s5461,3017
s5462,2988
s5463,2854
s5464,3019
s5467,3012
s5468,974
s5469,839
s5470,2611
s5472,3020
s5473,3021
s5474,2039
s5475,3022
s5476,2013
s5477,2427
s5479,3023
s5479,3024
s5481,1664
s5482,2855
s5483,3025
s5484,3026
s5485,3027
s5486,2855
s5487,3028
s5488,521
s5490,3029
s5490,3030
s5490,3031
s5491,3032
s5492,3033
s5493,3034
s5494,3035
s5496,2693
s5496,2692
s5497,3036
s5498,3037
s5499,3038
s5500,1707
s5501,3039
s5502,3040
s5503,1040
s5504,3012
s5505,3041
s5506,3042
s5507,3043
s5508,3044
s5508,3045
s5509,3046
s5512,93
s5513,3047
s5516,3048
s5517,3049
s5518,3050
s5518,3051
s5519,1589
s5522,3052
s5522,3053
s5522,2641
s5523,3054
s5525,3055
s5526,2178
s5527,1047
s5528,1047
s5529,1047
s5530,3056
s5531,50
s5532,3057
s5533,3058
s5534,3059
s5535,3060
s5536,1096
s5537,3061
s5537,3062
s5540,2190
s5541,3063
s5542,3064
s5544,3065
s5545,3066
s5546,3067
s5547,3068
s5548,3069
s5549,3070
s5550,3071
s5551,3072
s5552,3073
s5553,3074
s5555,3075
s5556,3076
s5557,3077
s5558,1856
s5560,1675
s5561,3078
s5562,3079
s5563,2140
s5565,3080
s5566,3081
s5569,3082
s5571,3083
s5572,3084
s5573,3085
s5574,3086
s5574,3087
s5575,3088
s5577,1856
s5578,3089
s5580,3090
s5582,596
s5583,2328
s5585,3091
s5587,1622
s5587,3092
s5588,673
s5589,3093
s5590,3094
s5591,3095
s5595,2516
s5596,2361
s5597,1219
s5598,3096
s5600,1447
s5601,3097
s5603,1789
s5603,3098
s5605,3099
s5606,3100
s5607,3101
s5608,3102
s5611,3103
s5613,3104
s5613,3105
s5614,2116
s5614,2246
s5615,2692
s5615,2693
s5616,3106
s5617,212
s5618,2792
s5619,2709
s5620,3107
s5621,3108
s5622,3109
s5623,1686
s5624,3110
s5625,3111
s5626,3112
s5627,3113
s5628,1589
s5629,3114
s5630,3115
s5631,3116
s5632,2020
s5633,3117
s5634,3118
s5635,3119
s5636,3120
s5637,3121
s5638,3122
s5639,3123
s5640,3124
s5642,3125
s5643,3126
s5644,3127
s5645,3128
s5646,3129
s5647,1950
s5648,3130
s5649,3131
s5649,924
s5650,1040
s5652,26
s5653,3132
s5657,3133
s5658,3134
s5658,3135
s5660,1850
s5661,792
s5662,3136
s5664,3137
s5665,3138
s5667,3139
s5675,3140
s5677,3141
s5679,2692
s5679,2693
s5680,2363
s5682,3142
s5683,3143
s5686,3144
s5688,2363
s5689,3145
s5690,3146
s5692,3147
s5694,3148
s5695,3149
s5696,3150
s5697,3151
s5698,3152
s5699,3153
s5702,3154
s5703,3155
s5705,3156
s5706,3157
s5707,3158
s5709,1225
s5710,3159
s5711,2653
s5712,2693
s5712,3160
s5713,1856
s5713,3161
s5714,2186
s5715,1608
s5718,3162
s5719,3163
s5720,620
s5722,3164
s5725,1589
s5726,1166
s5726,3165
s5727,3166
s5734,2909
s5734,2910
s5735,3167
s5736,3168
s5737,2514
s5738,3169
s5739,3170
s5740,3171
s5741,3172
s5743,3173
s5744,3174
s5746,2594
s5747,3175
s5748,2945
s5749,2447
s5750,2447
s5751,3176
s5755,2370
s5756,2527
s5757,3177
s5758,877
s5759,3178
s5761,3179
s5762,2395
s5765,3180
s5766,3181
s5768,3182
s5771,2136
s5773,2936
s5774,2618
s5775,3183
s5777,3184
s5779,3185
s5780,3186
s5780,3187
s5781,3188
s5783,3189
s5783,3190
s5784,1490
s5784,1491
s5785,2738
s5793,3191
s5794,790
s5795,3064
s5796,2125
s5797,2839
s5798,3192
s5809,1686
s5810,3193
s5811,3194
s5814,3064
s5816,3195
s5817,790
s5818,1686
s5819,2178
s5820,3196
s5821,3195
s5822,3197
s5825,3198
s5827,3199
s5829,3200
s5831,3201
s5832,474
s5833,3202
s5834,2653
s5835,44
s5836,1664
s5838,3203
s5838,3204
s5838,3205
s5838,3206
s5838,3207
s5838,3208
s5838,2653
s5838,3209
s5838,3210
s5838,3211
s5838,2291
s5840,2692
s5840,2693
s5841,3212
s5842,1408
s5843,544
s5843,2013
s5847,3059
s5848,1686
s5849,3103
s5850,3213
s5852,3214
s5852,3215
s5853,4
s5855,1852
s5858,3216
s5859,3217
s5860,1582
s5861,3218
s5861,3219
s5862,3220
s5865,3221
s5866,3129
s5869,1950
s5873,2692
s5873,2693
s5874,1408
s5875,1408
s5876,1686
s5877,3222
s5879,3223
s5880,3224
s5881,1566
s5881,1567
s5881,1568
s5881,1569
s5882,308
s5884,3225
s5885,1916
s5887,3226
s5888,320
s5888,3227
s5888,3228
s5888,3229
s5888,3230
s5888,3231
s5888,3232
s5888,3233
s5888,3234
s5888,3235
s5888,3236
s5888,3237
s5888,3238
s5889,2001
s5890,3239
s5891,3240
s5892,3241
s5893,3242
s5893,3243
s5894,3244
s5895,1686
s5897,2536
s5898,3000
s5898,3001
s5899,1432
s5900,1686
s5902,3245
s5902,3246
s5904,2868
s5905,3247
s5906,3248
s5907,1762
s5908,3249
s5910,306
s5911,3052
s5911,3053
s5912,1950
s5913,3250
s5914,2994
s5916,3251
s5917,3252
s5918,2167
s5922,1686
s5925,1950
s5926,2125
s5927,3253
s5927,928
s5928,3254
s5929,3142
s5930,3255
s5930,3256
s5931,3257
s5931,3258
s5932,66
s5932,67
s5933,3170
s5935,3259
s5936,2177
s5937,3260
s5938,3261
s5939,3262
s5939,3263
s5942,3264
s5943,3265
s5944,3266
s5945,3267
s5946,3268
s5947,3269
s5948,3270
s5949,3271
s5950,3272
s5951,3273
s5952,3274
s5953,3275
s5954,3276
s5954,3277
s5955,3278
s5956,3279
s5957,3280
s5958,3281
s5959,3282
s5960,24
s5961,3283
s5962,3284
s5963,866
s5964,1116
s5966,614
s5967,2313
s5969,3285
s5970,3286
s5971,3287
s5972,3288
s5972,3289
s5973,3290
s5974,3291
s5976,3292
s5977,648
s5978,3293
s5980,3294
s5981,3295
s5982,623
s5984,3296
s5986,3297
s5988,3298
s5989,3299
s5991,3300
s5992,3301
s5992,3302
s5993,3303
s5994,3304
s5995,3305
s5996,3306
s5997,2536
s5999,3307
s6000,3308
s6001,3309
s6001,3310
s6003,3311
s6004,3312
s6005,3313
s6006,3314
s6007,3315
s6008,78
s6009,3316
s6010,3317
s6011,3318
s6012,3319
s6013,3320
s6014,3321
s6015,3322
s6016,3323
s6017,2305
s6018,3324
s6019,132
s6020,3325
s6021,2583
s6022,3326
s6023,3327
s6024,3328
s6025,3329
s6026,3330
s6026,3331
s6028,3309
s6028,3310
s6029,3332
s6030,2167
s6031,3333
s6032,3334
s6033,3335
s6034,3336
s6035,3337
s6036,2539
s6037,3338
s6039,3339
s6040,483
s6041,3340
s6042,3341
s6043,3342
s6044,3343
s6046,1588
s6047,2336
s6048,3344
s6048,3345
s6050,2440
s6051,2646
s6052,3346
s6053,3347
s6054,1550
s6055,3348
s6056,3349
s6057,3350
s6058,1672
s6058,1673
s6059,3351
s6060,3352
s6061,3353
s6062,959
s6063,3354
s6064,1461
s6065,3355
s6066,877
s6069,3356
s6070,3357
s6071,653
s6072,3358
s6073,3359
s6074,940
s6075,78
s6076,3360
s6077,3287
s6079,2130
s6080,781
s6080,3361
s6081,3362
s6082,312
s6082,456
s6083,3363
s6084,3364
s6085,3365
s6086,3366
s6087,3367
s6087,3368
s6088,806
s6089,3369
s6091,3370
s6092,3371
s6093,3372
s6094,3373
s6096,3374
s6097,3375
s6098,1274
s6099,3376
s6100,3377
s6104,2658
s6105,2805
s6107,3378
s6108,1457
s6108,1458
s6110,3379
s6111,3380
s6111,655
s6112,895
s6113,3381
s6114,609
s6115,3382
s6116,3383
s6117,3384
s6117,3385
s6117,3386
s6118,3387
s6119,3388
s6120,3389
s6121,3325
s6122,3390
s6123,3391
s6124,3392
s6125,3393
s6126,3393
s6128,3394
s6129,3395
s6130,3396
s6131,3397
s6132,3398
s6134,3399
s6135,2470
s6136,3400
s6137,3401
s6139,3402
s6140,3403
s6141,3404
s6142,3405
s6143,3406
s6144,3407
s6145,3408
s6146,3409
s6148,425
s6149,3410
s6150,3411
s6151,3412
s6152,3384
s6153,3413
s6153,3414
s6154,3415
s6155,3415
s6156,1536
s6158,3416
s6159,3417
s6159,1644
s6160,3418
s6161,3419
s6163,3420
s6164,3421
s6165,132
s6166,3422
s6169,3423
s6170,3424
s6171,3425
s6172,762
s6173,3426
s6174,1713
s6176,3427
s6177,3428
s6179,3429
s6179,3430
s6180,3431
s6180,3432
s6181,2257
s6182,3433
s6182,3434
s6183,3435
s6184,3436
s6185,3437
s6186,3438
s6187,3439
s6188,845
s6189,3440
s6190,3441
s6191,3442
s6192,3443
s6193,3444
s6194,3445
s6196,3446
s6196,3447
s6197,3448
s6197,3449
s6198,3450
s6200,3451
s6201,3452
s6201,3453
s6202,3454
s6203,1444
s6204,3455
s6205,3456
s6206,3457
s6207,3458
s6208,3459
s6209,3460
s6210,3461
s6211,3462
s6212,1945
s6213,1945
s6215,3463
s6216,3464
s6218,3465
s6218,3466
s6219,3467
s6221,3414
s6222,3468
s6223,3468
s6224,3469
s6225,656
s6226,3470
s6227,3471
s6227,3472
s6228,3473
s6230,3474
s6231,3475
s6232,3476
s6233,3477
s6234,3478
s6235,1472
s6236,3479
s6237,3480
s6238,2926
s6239,3481
s6239,3482
s6240,3483
s6241,3484
s6242,1320
s6243,3484
s6244,1320
s6244,3484
s6244,3482
s6245,3485
s6246,3486
s6247,1158
s6248,114
s6249,1479
s6252,3487
s6255,3488
s6256,3489
s6257,3490
s6258,3491
s6260,3492
s6260,3493
s6261,3494
s6267,3495
s6268,3496
s6269,3497
s6269,3498
s6270,3436
s6271,3499
s6272,3354
s6273,3258
s6274,3500
s6275,3501
s6278,3502
s6279,3503
s6281,3504
s6283,3505
s6284,3506
s6285,3506
s6286,650
s6288,3507
s6289,3508
s6290,3509
s6291,1350
s6293,3510
s6294,3511
s6297,201
s6298,283
s6299,201
s6300,269
s6301,3512
s6303,3513
s6304,22
s6306,1253
s6307,3514
s6308,3515
s6309,1912
s6310,3516
s6311,1856
s6312,3517
s6313,3518
s6313,3519
s6314,3520
s6315,3521
s6315,3522
s6315,3523
s6315,3524
s6316,3525
s6317,3526
s6318,3527
s6320,3528
s6321,3529
s6322,3530
s6323,87
s6325,2862
s6326,1110
s6327,3531
s6328,2049
s6329,3532
s6330,3533
s6331,3534
s6332,3535
s6333,3536
s6334,3537
s6335,3538
s6337,3539
s6338,3540
s6339,3541
s6340,3542
s6341,3543
s6343,2637
s6344,507
s6345,3544
s6346,851
s6347,3545
s6349,3546
s6350,3547
s6351,3548
s6352,3549
s6352,3550
s6353,3551
s6354,3552
s6354,3553
s6355,3232
s6355,3554
s6356,3555
s6357,3556
s6359,3557
s6360,3558
s6363,3559
s6363,3560
s6364,3561
s6366,3562
s6367,3563
s6368,3564
s6370,3565
s6371,609
s6372,3566
s6373,3567
s6375,2358
s6376,3568
s6377,3569
s6378,3570
s6380,38
s6381,3571
s6383,3572
s6384,3572
s6385,3572
s6387,3573
s6388,3574
s6389,3575
s6391,3576
s6392,3577
s6393,3578
s6395,3579
s6395,3580
s6396,3581
s6397,3582
s6398,3583
s6400,723
s6401,3584
s6403,3585
s6404,2549
s6406,1783
s6407,1783
s6409,3586
s6410,3587
s6411,3588
s6413,3589
s6415,3590
s6415,3591
s6416,3592
s6418,3593
s6419,3594
s6420,3595
s6422,3596
s6423,3597
s6424,3598
s6425,1740
s6425,1741
s6426,3599
s6428,97
s6429,3600
s6430,3600
s6432,3601
s6433,725
s6434,1016
s6435,3602
s6435,3603
s6436,3604
s6437,3605
s6438,3606
s6439,3607
s6440,3608
s6441,147
s6442,3609
s6443,3610
s6444,3611
s6445,3612
s6446,3613
s6447,113
s6448,376
s6449,3614
s6449,3615
s6450,147
s6451,634
s6453,3600
s6453,3616
s6454,3617
s6455,3618
s6459,478
s6462,282
s6462,3619
s6463,3619
s6463,286
s6464,286
s6464,3619
s6465,283
s6465,284
s6466,3620
s6467,3621
s6468,1352
s6469,3622
s6471,3623
s6472,3255
s6473,3624
s6474,3625
s6475,3626
s6476,3627
s6477,3628
s6479,3629
s6480,3630
s6481,236
s6482,3631
s6483,2956
s6485,3632
s6486,3488
s6487,456
s6489,1922
s6489,3633
s6490,3634
s6492,3635
s6493,3636
s6494,3637
s6495,3638
s6497,3639
s6498,3224
s6500,3640
s6501,3641
s6502,3642
s6502,3643
s6502,3644
s6503,1503
s6504,3645
s6511,3646
s6512,507
s6513,3647
s6516,3648
s6517,3649
s6518,3017
s6519,3650
s6522,1959
s6523,269
s6524,3651
s6526,3652
s6526,1974
s6527,1240
s6528,3653
s6529,3654
s6530,648
s6531,269
s6532,3655
s6534,3656
s6535,1902
s6536,3657
s6537,3658
s6538,3659
s6540,3660
s6540,3661
s6541,911
s6542,3662
s6544,3663
s6545,3664
s6546,3665
s6547,3666
s6548,2296
s6549,3667
s6551,3668
s6552,3669
s6553,3670
s6554,3671
s6555,3672
s6556,3673
s6558,2725
s6559,3674
s6562,3675
s6563,161
s6565,3676
s6566,3677
s6567,84
s6568,3678
s6570,3679
s6571,3680
s6574,3681
s6575,3682
s6575,3683
s6576,1955
s6576,3684
s6577,3685
s6578,3686
s6579,3687
s6580,2179
s6581,3688
s6582,3362
s6583,3689
s6584,3690
s6585,3691
s6586,3692
s6589,1251
s6590,3693
s6590,3694
s6591,3695
s6592,3696
s6593,3697
s6594,3540
s6595,3698
s6596,3699
s6597,3700
s6598,3701
s6599,3702
s6600,3703
s6601,3704
s6603,3465
s6603,3466
s6605,1203
s6606,3705
s6607,3706
s6609,3707
s6610,3392
s6611,3025
s6613,375
s6615,3708
s6616,3709
s6617,3710
s6618,88
s6620,3711
s6621,3712
s6622,3713
s6623,3714
s6624,3598
s6625,3715
s6625,3716
s6625,3717
s6625,3718
s6625,3719
s6625,3720
s6625,3721
s6625,3722
s6625,3723
s6625,3724
s6626,826
s6627,3725
s6628,3370
s6629,3370
s6630,3370
s6631,3726
s6632,3727
s6633,3092
s6634,2672
s6635,516
s6637,3600
s6638,3728
s6639,3729
s6640,3730
s6641,3731
s6641,3732
s6642,3733
s6643,3734
s6644,3735
s6645,3736
s6646,283
s6648,3737
s6649,3738
s6650,3739
s6654,3740
s6655,3741
s6656,790
s6657,3742
s6658,3743
s6662,3744
s6663,3745
s6665,1029
s6666,3746
s6667,3747
s6668,3748
s6669,3465
s6669,3466
s6670,2467
s6671,3749
s6676,1154
s6678,1896
s6680,3750
s6681,3751
s6682,3752
s6683,3753
s6684,3754
s6684,3755
s6685,3755
s6685,3754
s6686,3756
s6687,3757
s6688,3758
s6689,3759
s6690,3760
s6692,1171
s6693,3761
s6695,3762
s6697,566
s6699,3763
s6700,3764
s6701,3765
s6702,3766
s6703,174
s6704,3767
s6705,3768
s6706,215
s6707,3769
s6709,3770
s6711,131
s6712,390
s6713,3771
s6714,3350
s6716,391
s6717,3772
s6719,3773
s6720,3774
s6721,3775
s6721,3776
s6721,3777
s6721,3778
s6722,3779
s6723,516
s6724,3780
s6726,650
s6727,650
s6728,650
s6730,3781
s6731,3782
s6734,2221
s6735,3564
s6736,3637
s6737,3783
s6737,3784
s6738,356
s6739,3785
s6740,3786
s6741,3787
s6743,3788
s6744,2434
s6746,122
s6747,3789
s6748,3790
s6749,3791
s6750,3792
s6752,3793
s6753,723
s6754,3794
s6755,3795
s6756,3794
s6757,3796
s6758,3797
s6759,3798
s6760,95
s6761,3799
s6762,3800
s6763,3801
s6765,3802
s6766,3803
s6768,3804
s6769,1350
s6770,3355
s6772,3805
s6772,3806
s6773,3807
s6776,3808
s6777,1872
s6778,3809
s6778,3810
s6779,3811
s6780,3812
s6781,3813
s6782,3506
s6784,3814
s6784,3815
s6785,3816
s6787,859
s6788,3817
s6790,3818
s6791,3819
s6793,2672
s6794,3637
s6795,1955
s6797,3820
s6798,1485
s6799,92
s6800,3821
s6801,1539
s6802,3822
s6802,3823
s6803,3824
s6805,3825
s6806,3826
s6808,290
s6809,1060
s6810,3827
s6811,1217
s6814,630
s6815,3041
s6816,3828
s6817,3829
s6818,3830
s6819,3831
s6820,3832
s6822,3833
s6824,457
s6827,895
s6829,398
s6830,3834
s6831,3835
s6832,3836
s6833,3837
s6838,3838
s6839,3839
s6840,3840
s6841,3701
s6843,132
s6844,3841
s6845,1158
s6846,3842
s6847,3843
s6847,40
s6848,1315
s6849,3843
s6851,3843
s6852,3844
s6853,3759
s6854,3845
s6854,3846
s6855,3847
s6856,2323
s6857,3848
s6859,3849
s6860,3850
s6860,3851
s6861,3852
s6862,3849
s6863,3853
s6864,3854
s6865,3488
s6866,3855
s6867,97
s6868,3856
s6870,3857
s6871,212
s6873,3858
s6874,3859
s6875,3860
s6876,2741
s6877,3861
s6878,3862
s6879,990
s6880,3863
s6881,895
s6882,3864
s6883,1696
s6884,2835
s6885,3865
s6887,3866
s6888,3867
s6889,249
s6892,1203
s6893,3868
s6894,126
s6897,2637
s6898,1311
s6899,3869
s6900,3870
s6901,3871
s6903,3872
s6904,3486
s6905,1642
s6906,1642
s6909,3873
s6910,3354
s6911,752
s6911,3874
s6911,3875
s6911,3876
s6911,3877
s6911,3878
s6911,3879
s6911,3880
s6911,3881
s6911,3882
s6911,3883
s6911,3884
s6912,3885
s6913,3886
s6914,3887
s6915,3888
s6916,3889
s6917,474
s6919,3890
s6921,3891
s6921,3892
s6922,3893
s6925,3894
s6925,3895
s6926,3896
s6928,3897
s6928,3898
s6929,3899
s6930,3900
s6932,1912
s6933,3901
s6934,3902
s6935,3903
s6935,3904
s6937,147
s6939,3905
s6940,3906
s6941,3907
s6943,3908
s6944,2065
s6945,1308
s6946,3909
s6947,3910
s6948,3911
s6949,3912
s6950,3913
s6951,1165
s6953,3914
s6955,3915
s6955,3916
s6957,2530
s6958,687
s6959,2195
s6960,3917
s6961,1715
s6962,3189
s6963,2182
s6965,3918
s6967,3919
s6968,3920
s6969,3921
s6973,3922
s6974,3923
s6976,3924
s6978,521
s6979,2869
s6980,3925
s6981,3926
s6983,3873
s6983,1474
s6984,3927
s6985,3928
s6985,3929
s6985,3930
s6985,3931
s6985,634
s6985,2957
s6985,23
s6985,3932
s6985,3933
s6986,3934
s6987,3935
s6988,3935
s6989,3936
s6990,3937
s6991,3938
s6992,3938
s6993,3939
s6994,3940
s6995,3322
s6996,3941
s6998,588
s7000,3942
s7001,3943
s7002,3750
s7003,3944
s7004,3945
s7005,3946
s7006,2246
s7008,3947
s7009,3948
s7010,3949
s7011,3950
s7012,3951
s7013,3952
s7014,690
s7015,3953
s7016,3954
s7017,473
s7019,3955
s7020,3956
s7021,3957
s7022,1193
s7022,3958
s7023,1489
s7024,3959
s7026,3960
s7027,2344
s7028,3961
s7031,3962
s7032,3962
s7033,2049
s7035,3963
s7036,2654
s7037,3964
s7037,3965
s7038,3966
s7039,3967
s7041,3968
s7042,3969
s7043,1186
s7044,3970
s7045,3971
s7046,3972
s7047,3445
s7048,3973
s7049,1336
s7050,3974
s7052,3975
s7053,3976
s7054,3977
s7056,3978
s7057,2178
s7058,3979
s7059,3980
s7061,3981
s7062,639
s7063,3982
s7064,3983
s7065,3984
s7066,3985
s7067,3986
s7068,3987
s7069,3988
s7071,31
s7072,31
s7073,31
s7074,31
s7075,3989
s7076,2892
s7077,3990
s7078,275
s7079,3991
s7080,3992
s7085,3993
s7087,3994
s7088,3995
s7089,39
s7090,39
s7091,39
s7092,249
s7093,3996
s7094,3997
s7095,78
s7096,3998
s7097,3999
s7098,4000
s7100,4001
s7103,4002
s7104,521
s7105,3417
s7106,1888
s7107,3319
s7108,4003
s7109,4004
s7110,1629
s7111,4005
s7111,4006
s7112,4007
s7112,4008
s7113,4009
s7114,275
s7115,4010
s7116,2549
s7118,1030
s7119,2520
s7120,4011
s7122,634
s7123,3947
s7125,2158
s7127,249
s7128,4012
s7129,4013
s7131,4014
s7133,4015
s7134,4016
s7135,4017
s7136,4018
s7137,4019
s7138,666
s7140,4020
s7141,4021
s7142,4022
s7145,147
s7146,1961
s7147,4023
s7148,4024
s7150,4025
s7151,4026
s7152,3643
s7152,3642
s7153,628
s7154,2492
s7155,1674
s7157,4027
s7159,4028
s7160,4029
s7161,4030
s7162,4031
s7163,4032
s7164,4033
s7165,3236
s7165,4034
s7165,4035
s7165,4036
s7165,4037
s7165,4038
s7165,4039
s7165,4040
s7165,4041
s7165,4042
s7166,4043
s7167,4044
s7168,4045
s7170,3886
s7171,222
s7172,4046
s7173,4047
s7174,4048
s7175,3359
s7176,3693
s7177,3693
s7179,1096
s7179,4049
s7180,1096
s7180,4049
s7181,1856
s7182,4050
s7184,4051
s7187,148
s7189,3488
s7190,4052
s7190,4053
s7191,4054
s7192,784
s7193,4055
s7194,1955
s7195,1109
s7196,3534
s7198,275
s7199,275
s7200,4056
s7201,4057
s7202,4058
s7203,439
s7204,1085
s7205,24
s7206,4059
s7207,4060
s7208,4061
s7209,4062
s7210,4063
s7211,120
s7211,119
s7212,4064
s7213,1457
s7213,1458
s7214,917
s7217,4065
s7219,2001
s7220,4066
s7220,4067
s7221,4068
s7222,4069
s7224,4070
s7224,4071
s7225,4072
s7226,4073
s7228,4074
s7228,4075
s7229,4074
s7229,4075
s7230,4075
s7231,4075
s7232,4075
s7234,4074
s7234,4075
s7235,1952
s7237,4076
s7238,4077
s7239,4078
s7240,4079
s7241,4080
s7242,558
s7243,4081
s7244,4082
s7245,3516
s7247,4083
s7248,3025
s7249,4084
s7250,4085
s7251,4086
s7251,4087
s7252,2960
s7252,2961
s7253,704
s7254,4088
s7259,4089
s7260,4090
s7261,4091
s7262,4092
s7263,1690
s7266,1289
s7268,4093
s7270,4094
s7271,4095
s7272,4096
s7273,4097
s7273,951
s7274,4098
s7275,4099
s7276,4100
s7277,4101
s7278,4101
s7279,4101
s7281,4102
s7282,4103
s7283,560
s7284,4104
s7285,3708
s7287,23
s7289,3481
s7289,4105
s7290,4106
s7290,4107
s7293,4108
s7294,4109
s7294,4110
s7294,4111
s7295,4112
s7296,4113
s7297,4114
s7299,1833
s7300,3902
s7303,4115
s7304,2492
s7305,4116
s7306,4117
s7307,2849
s7309,31
s7310,4118
s7311,4119
s7312,4120
s7314,4121
s7315,4122
s7316,4123
s7317,182
s7318,52
s7320,52
s7321,4124
s7323,4125
s7324,3170
s7327,4126
s7328,4127
s7329,4128
s7329,4129
s7330,4130
s7330,4131
s7331,4132
s7333,3334
s7334,4133
s7335,4134
s7335,4135
s7336,4136
s7337,4137
s7338,2365
s7340,4138
s7341,2003
s7342,4139
s7345,4140
s7346,112
s7347,4141
s7348,4079
s7351,4142
s7352,4143
s7353,4144
s7355,4145
s7356,4146
s7357,4147
s7358,2492
s7359,4148
s7361,4149
s7361,4150
s7362,4151
s7363,4152
s7364,4153
s7365,3204
s7366,4154
s7367,4155
s7368,4156
s7370,4157
s7370,1335
s7371,4158
s7372,4159
s7373,1447
s7374,4160
s7375,4161
s7376,3002
s7378,4162
s7379,3370
s7380,4163
s7381,4164
s7385,4165
s7387,147
s7388,1489
s7389,4166
s7390,4167
s7391,4168
s7392,4169
s7394,1094
s7395,4170
s7396,245
s7397,4171
s7398,4172
s7399,4173
s7400,3995
s7401,4174
s7402,1516
s7403,4175
s7404,95
s7406,4176
s7408,4177
s7410,4178
s7411,3708
s7412,4179
s7413,4180
s7414,4181
s7415,4182
s7416,4000
s7416,4183
s7417,1561
s7418,387
s7420,4184
s7421,4185
s7422,4186
s7423,4187
s7423,4188
s7424,4189
s7425,4190
s7426,4191
s7426,4192
s7427,4193
s7427,4194
s7428,4195
s7429,3977
s7430,4196
s7431,4197
s7432,895
s7433,4198
s7434,4199
s7435,4200
s7435,4201
s7438,4202
s7440,4203
s7441,4204
s7442,4205
s7442,4206
s7443,4207
s7444,4207
s7445,4208
s7446,2579
s7449,1414
s7451,4209
s7452,4210
s7453,3668
s7455,1097
s7457,4211
s7459,4212
s7461,4213
s7462,2148
s7463,2240
s7465,4214
s7466,4215
s7467,4216
s7468,4217
s7470,4218
s7471,4219
s7472,4220
s7473,4221
s7474,4222
s7475,4223
s7475,4224
s7476,4225
s7477,4226
s7478,4227
s7479,1116
s7480,1190
s7482,2672
s7483,4228
s7485,4229
s7487,2514
s7488,4230
s7489,4231
s7490,4232
s7491,3483
s7492,533
s7492,837
s7493,3483
s7493,4233
s7494,4234
s7495,4235
s7495,4236
s7496,3483
s7497,4237
s7497,4232
s7498,3483
s7499,4238
s7499,3483
s7500,4239
s7500,4183
s7501,4234
s7501,837
s7501,4239
s7502,4234
s7502,4232
s7504,24
s7505,4240
s7507,2825
s7508,4241
s7509,4242
s7510,4243
s7511,4244
s7512,4245
s7513,4246
s7514,619
s7515,4247
s7516,120
s7516,4248
s7516,3668
s7516,2907
s7516,182
s7516,4249
s7516,4250
s7516,4251
s7516,4252
s7516,4229
s7516,2584
s7516,4253
s7517,1475
s7518,182
s7519,4254
s7520,4255
s7521,4256
s7523,1540
s7524,1097
s7525,147
s7526,4257
s7526,4258
s7527,4259
s7528,2637
s7531,4260
s7531,4261
s7532,4262
s7533,2654
s7534,4263
s7535,3417
s7536,4264
s7537,4265
s7538,4266
s7540,4267
s7542,2618
s7542,4268
s7543,4268
s7543,2618
s7544,2323
s7545,4269
s7545,3600
s7546,432
s7547,4270
s7549,4271
s7550,4272
s7551,4273
s7553,4274
s7554,826
s7555,4275
s7555,4276
s7556,4277
s7557,4278
s7557,4279
s7558,1715
s7559,4280
s7560,40
s7561,4281
s7562,4282
s7563,4283
s7564,3737
s7565,4284
s7566,1289
s7567,4285
s7567,4286
s7568,4287
s7576,4288
s7578,844
s7579,4289
s7580,1633
s7581,2638
s7582,3392
s7583,4290
s7584,4291
s7585,4292
s7586,2396
s7588,1002
s7591,1251
s7592,3376
s7593,3921
s7595,4293
s7596,4294
s7597,4295
s7597,4294
s7599,4296
s7599,4297
s7601,4298
s7602,4299
s7603,4300
s7604,4301
s7605,4302
s7606,4303
s7607,4299
s7608,4304
s7609,4305
s7610,4306
s7610,4307
s7612,4308
s7613,4308
s7614,4309
s7615,4310
s7616,4311
s7617,4312
s7618,4313
s7618,4314
s7619,4315
s7620,4316
s7621,4317
s7622,4318
s7623,4319
s7626,4320
s7626,4321
s7627,4322
s7631,4323
s7632,4323
s7634,4324
s7635,2059
s7636,4325
s7636,4326
s7637,4327
s7638,4260
s7639,2065
s7640,2065
s7642,4328
s7643,4329
s7644,4330
s7645,4330
s7646,4330
s7648,3402
s7649,800
s7651,3700
s7652,4331
s7653,4332
s7654,4333
s7655,2449
s7656,4334
s7657,4334
s7658,2449
s7659,4335
s7660,116
s7661,4336
s7662,4337
s7664,4338
s7665,4339
s7666,4340
s7668,4341
s7669,4342
s7669,4343
s7670,3236
s7670,4344
s7671,4345
s7673,2180
s7674,933
s7677,2180
s7678,4346
s7679,4347
s7680,4348
s7681,4349
s7682,4350
s7683,4351
s7684,4352
s7684,4353
s7685,3928
s7687,4354
s7687,4355
s7688,4356
s7689,3025
s7691,96
s7692,4357
s7693,4358
s7695,4359
s7696,2849
s7697,4360
s7698,4361
s7700,974
s7701,1401
s7702,410
s7703,4362
s7704,4363
s7705,4364
s7707,4051
s7708,4365
s7709,4366
s7712,4367
s7713,2555
s7714,3545
s7715,89
s7716,657
s7717,3668
s7718,4368
s7720,4369
s7721,4336
s7723,4370
s7723,4371
s7724,4372
s7725,4373
s7727,4374
s7728,4375
s7729,4376
s7731,1503
s7732,4377
s7733,3745
s7734,4378
s7735,4379
s7735,4380
s7736,3177
s7737,1859
s7737,2428
s7738,4336
s7738,4381
s7738,4382
s7738,4383
s7738,4384
s7739,1116
s7740,4385
s7741,4386
s7741,4387
s7742,1216
s7743,3521
s7744,4388
s7744,4389
s7744,4390
s7744,4391
s7745,1289
s7746,2956
s7746,4392
s7747,4393
s7749,1217
s7750,1193
s7751,1362
s7752,800
s7753,3581
s7753,34
s7754,4394
s7755,4395
s7756,3865
s7758,4396
s7759,4397
s7779,4398
s7779,4399
s7789,4400
s7790,4401
s7791,4066
s7792,1287
s7793,3343
s7793,4402
s7793,4403
s7794,3637
s7795,3600
s7796,4404
s7797,4405
s7798,1216
s7800,851
s7802,1158
s7803,275
s7804,4406
s7805,4407
s7806,1459
s7808,4408
s7810,3631
s7812,3170
s7815,4409
s7817,2774
s7818,3177
s7819,4410
s7820,4411
s7821,895
s7822,4412
s7823,4413
s7823,4414
s7824,4415
s7825,3509
s7826,4416
s7827,4417
s7827,4418
s7828,3548
s7830,4419
s7831,4420
s7832,4421
s7833,4422
s7834,4423
s7835,4337
s7837,4424
s7838,1251
s7840,4425
s7842,4426
s7844,4427
s7845,4428
s7846,4429
s7847,4430
s7849,4431
s7849,4432
s7850,3700
s7852,4433
s7853,4434
s7854,3626
s7855,4435
s7856,4373
s7858,390
s7859,4436
s7860,4437
s7860,4438
s7861,3708
s7862,4439
s7864,2488
s7864,4440
s7865,4441
s7865,4442
s7866,3400
s7867,4443
s7869,4444
s7870,1293
s7872,4445
s7872,4446
s7874,1619
s7875,4447
s7876,1496
s7877,4448
s7878,4449
s7880,411
s7881,4450
s7882,4450
s7883,4450
s7884,411
s7885,1852
s7886,1539
s7887,4451
s7888,4452
s7889,1969
s7890,4453
s7891,4454
s7892,4455
s7892,4441
s7894,4456
s7895,4457
s7896,4458
s7897,4459
s7899,4460
s7900,4093
s7901,4081
s7902,520
s7903,4461
s7904,257
s7905,4462
s7906,3564
s7908,2514
s7910,3178
s7911,4463
s7912,4464
s7913,2340
s7914,4465
s7915,3796
s7916,4466
s7917,4467
s7918,4468
s7919,4469
s7920,4470
s7920,3332
s7921,309
s7922,3204
s7923,3786
s7924,4471
s7925,4472
s7926,4473
s7927,4474
s7928,1652
s7929,4475
s7929,4476
s7930,1713
s7931,4112
s7932,4477
s7933,3548
s7934,4478
s7935,4162
s7936,84
s7937,2609
s7938,2609
s7939,3521
s7940,4479
s7941,4480
s7942,4481
s7944,2187
s7945,4482
s7946,4483
s7947,1335
s7948,290
s7950,2315
s7951,4484
s7952,406
s7953,4485
s7955,4486
s7956,4487
s7957,133
s7958,31
s7959,93
s7960,4488
s7960,4489
s7960,4490
s7961,4491
s7962,4492
s7963,4492
s7964,4055
s7965,4493
s7966,4494
s7967,534
s7968,4495
s7970,4496
s7971,4497
s7972,4498
s7973,4499
s7974,4497
s7975,4500
s7976,4498
s7977,4499
s7978,4500
s7979,4500
s7979,4501
s7980,4502
s7981,648
s7982,3411
s7984,4503
s7986,470
s7987,4504
s7988,4504
s7989,739
s7990,3060
s7991,4505
s7993,4187
s7995,4506
s7996,148
s7997,4507
s7998,2277
s7999,3795
s8000,4508
s8002,419
s8002,420
s8004,4126
s8005,269
s8006,4509
s8007,4510
s8007,4511
s8008,4511
s8009,4512
s8009,4513
s8010,4514
s8011,565
s8012,4515
s8013,4516
s8014,4336
s8014,4383
s8015,4517
s8015,4518
s8017,4519
s8018,3918
s8019,4520
s8020,4521
s8024,4522
s8025,2515
s8026,4523
s8027,4524
s8028,4525
s8029,4526
s8030,4527
s8033,90
s8034,749
s8035,4528
s8036,4529
s8036,4530
s8037,4531
s8038,4532
s8039,4533
s8040,89
s8042,4534
s8043,3279
s8044,2455
s8046,4535
s8047,4536
s8048,1249
s8049,4537
s8050,755
s8051,2478
s8052,690
s8053,690
s8054,2112
s8055,4538
s8056,4539
s8057,4540
s8058,4541
s8060,609
s8061,4542
s8061,4543
s8062,473
s8062,4544
s8064,4545
s8066,4546
s8067,4547
s8068,4548
s8069,4549
s8069,4550
s8069,4551
s8070,4220
s8070,4552
s8072,4553
s8073,4554
s8074,4555
s8075,565
s8076,565
s8077,565
s8078,2319
s8079,919
s8080,4556
s8081,4557
s8082,4558
s8083,3569
s8085,2530
s8087,4559
s8087,4560
s8088,407
s8089,1540
s8090,4561
s8091,4562
s8091,4563
s8092,4564
s8092,4565
s8092,4566
s8092,4330
s8093,4567
s8096,157
s8097,4568
s8099,4569
s8100,4570
s8101,4571
s8102,3631
s8104,4572
s8105,4573
s8105,4574
s8106,391
s8107,4575
s8109,4576
s8111,405
s8112,4577
s8113,4578
s8114,4579
s8115,4580
s8116,4581
s8117,4582
s8119,4583
s8120,4584
s8121,4585
s8123,670
s8124,4586
s8125,1203
s8127,4587
s8128,4588
s8129,4589
s8131,4590
s8132,723
s8134,4591
s8135,4592
s8135,4593
s8136,4594
s8137,4416
s8139,113
s8140,4595
s8141,4596
s8141,4597
s8142,4598
s8143,3803
s8145,4051
s8146,3084
s8147,1696
s8150,4599
s8151,4600
s8152,320
s8152,4601
s8153,4602
s8154,1539
s8155,4603
s8156,4604
s8157,2294
s8158,4605
s8159,340
s8160,4606
s8161,4607
s8162,2792
s8163,4608
s8164,4609
s8165,4610
s8165,4611
s8165,4612
s8165,4613
s8165,4614
s8167,3961
s8168,376
s8169,4615
s8169,4616
s8170,4617
s8171,4618
s8172,201
s8173,4619
s8177,1841
s8177,1842
s8178,4620
s8178,4621
s8179,4622
s8180,4623
s8182,4624
s8184,565
s8185,31
s8186,4625
s8187,4626
s8188,520
s8189,4627
s8191,4628
s8191,4629
s8192,4630
s8192,4631
s8193,1539
s8195,2227
s8196,4632
s8197,4633
s8198,413
s8199,4634
s8201,4635
s8202,4636
s8203,4637
s8203,4638
s8204,2492
s8205,4639
s8205,4640
s8206,4641
s8208,1130
s8211,4642
s8212,4643
s8213,3169
s8214,4644
s8215,1217
s8216,4645
s8216,4646
s8216,4647
s8218,4648
s8218,4649
s8219,4650
s8220,521
s8221,4651
s8222,4652
s8223,4653
s8224,4654
s8225,4655
s8226,4656
s8227,762
s8228,1116
s8229,2434
s8230,520
s8231,4424
s8233,4657
s8234,4658
s8234,4659
s8235,4660
s8236,4661
s8237,3626
s8238,4662
s8239,4663
s8240,4664
s8241,4665
s8242,1116
s8243,4666
s8245,4667
s8246,4668
s8247,587
s8248,4669
s8249,4670
s8250,3789
s8252,643
s8253,2033
s8254,4671
s8255,4672
s8256,1652
s8257,4673
s8259,4674
s8259,4675
s8260,4068
s8261,4676
s8262,4654
s8264,4677
s8264,4678
s8265,4679
s8266,398
s8267,4680
s8267,108
s8268,4681
s8270,902
s8271,4682
s8271,4683
s8273,895
s8274,4684
s8274,4685
s8275,4686
s8276,4687
s8277,4652
s8279,4688
s8279,4689
s8280,3122
s8281,3759
s8282,4690
s8284,4691
s8285,4459
s8286,4692
s8287,4693
s8289,4694
s8290,691
s8290,692
s8291,4548
s8292,4695
s8293,1138
s8294,4696
s8295,2776
s8296,4697
s8297,461
s8298,1116
s8299,3795
s8300,4698
s8300,4699
s8301,4700
s8302,4701
s8303,3949
s8304,3803
s8305,228
s8306,228
s8307,4702
s8308,405
s8309,4703
s8310,97
s8311,4704
s8313,2315
s8314,3326
s8315,4705
s8318,3437
s8319,4706
s8320,4707
s8321,410
s8323,4708
s8323,4709
s8324,4710
s8325,4711
s8326,2020
s8327,4180
s8328,4180
s8329,4180
s8330,4180
s8333,2915
s8334,4458
s8336,4712
s8338,4713
s8339,4714
s8340,4715
s8341,4716
s8342,798
s8343,4717
s8344,2401
s8345,4718
s8345,4719
s8345,4720
s8345,4721
s8345,4722
s8345,4723
s8345,4724
s8345,4725
s8346,2257
s8347,3935
s8349,4726
s8351,4727
s8352,4728
s8353,85
s8355,3733
s8356,2158
s8357,2434
s8359,4729
s8360,4730
s8360,4731
s8360,4732
s8361,3987
s8362,4680
s8363,2065
s8364,4733
s8364,4734
s8365,4733
s8365,4735
s8366,3103
s8366,4736
s8368,3293
s8370,4737
s8371,4738
s8371,4739
s8373,4740
s8375,3759
s8376,4741
s8378,1355
s8381,4742
s8382,4743
s8383,4744
s8384,4745
s8385,3299
s8386,961
s8387,4700
s8388,4746
s8389,4747
s8389,1431
s8390,4748
s8391,122
s8392,3428
s8394,1833
s8395,4749
s8395,4750
s8396,382
s8397,417
s8399,1695
s8400,4751
s8401,4752
s8402,4753
s8403,4754
s8404,4755
s8405,627
s8406,627
s8407,4756
s8408,4757
s8408,4758
s8409,4759
s8410,4760
s8411,4761
s8413,4762
s8413,4763
s8414,97
s8415,3642
s8415,3643
s8416,3642
s8416,3643
s8417,3642
s8417,3643
s8418,3693
s8418,4764
s8418,4765
s8419,4766
s8420,4767
s8421,4768
s8426,4769
s8427,415
s8428,4770
s8431,4259
s8433,4771
s8434,114
s8435,114
s8436,344
s8437,4772
s8439,4773
s8441,4774
s8441,4775
s8442,85
s8442,4776
s8444,3077
s8445,2323
s8446,407
s8447,4777
s8448,4778
s8449,4779
s8450,4780
s8451,4781
s8452,4782
s8453,4783
s8454,3749
s8455,1253
s8456,4784
s8457,4785
s8458,4786
s8458,4787
s8459,3544
s8460,4788
s8461,1588
s8462,230
s8463,2121
s8463,4789
s8464,4790
s8465,4791
s8466,4792
s8467,4793
s8467,4794
s8468,4795
s8469,4796
s8470,401
s8471,4797
s8471,4798
s8473,3759
s8474,4799
s8476,4800
s8478,4801
s8479,4802
s8480,3827
s8480,4803
s8480,4804
s8481,4805
s8482,1538
s8484,4806
s8485,4807
s8486,4808
s8487,978
s8488,4809
s8489,4810
s8490,4811
s8492,996
s8493,4812
s8494,2039
s8495,4813
s8496,4814
s8497,4815
s8498,1345
s8499,4680
s8500,4211
s8501,4816
s8502,1433
s8503,933
s8505,1978
s8506,4817
s8507,4486
s8508,4818
s8508,4819
s8509,4729
s8510,4820
s8512,410
s8513,466
s8514,4694
s8515,4821
s8516,228
s8517,4822
s8518,4823
s8521,4824
s8522,4825
s8523,4826
s8525,4827
s8525,4828
s8526,253
s8527,91
s8528,4829
s8529,4830
s8529,4831
s8530,4832
s8531,4833
s8532,3414
s8533,4834
s8535,4835
s8535,831
s8536,4836
s8537,540
s8538,4837
s8538,4838
s8539,4839
s8541,4840
s8543,24
s8544,4330
s8547,4841
s8547,4842
s8548,2905
s8549,4843
s8550,3693
s8550,1757
s8551,4844
s8551,4665
s8553,4845
s8554,4846
s8555,3224
s8556,3596
s8557,1352
s8559,4847
s8560,4848
s8562,4849
s8563,4850
s8564,4851
s8565,4852
s8566,4853
s8567,4854
s8569,4855
s8570,4136
s8571,4856
s8572,4857
s8573,4858
s8574,4859
s8577,4860
s8578,4861
s8579,4862
s8580,4863
s8581,1233
s8582,1193
s8583,4864
s8584,4865
s8585,2492
s8586,4472
s8587,4866
s8588,4767
s8588,4867
s8590,4868
s8591,585
s8592,4166
s8595,4869
s8596,4870
s8598,4871
s8598,4872
s8598,4873
s8599,4874
s8600,4875
s8602,4876
s8603,4877
s8604,4878
s8607,4879
s8608,1888
s8609,2935
s8611,497
s8612,2549
s8613,4880
s8614,2773
s8615,1877
s8616,4881
s8617,4882
s8618,3517
s8619,4883
s8620,191
s8621,4884
s8621,4885
s8622,4886
s8623,4887
s8624,4888
s8625,4887
s8626,515
s8627,515
s8628,4889
s8629,1094
s8630,1701
s8631,4890
s8632,4891
s8633,4892
s8633,4893
s8635,4894
s8636,4895
s8637,4896
s8638,375
s8639,2948
s8640,3359
s8641,4066
s8641,4112
s8641,4897
s8641,4898
s8641,4899
s8642,4900
s8643,634
s8644,4901
s8646,4902
s8649,4903
s8650,1171
s8651,4904
s8651,4905
s8652,932
s8653,1089
s8655,4906
s8656,4907
s8657,4908
s8658,4909
s8659,4910
s8660,3085
s8661,4641
s8662,4693
s8663,4911
s8664,4912
s8665,4913
s8666,4914
s8667,4472
s8668,4915
s8669,528
s8671,3634
s8672,269
s8673,4916
s8674,4917
s8675,4918
s8676,4919
s8677,4920
s8678,4921
s8679,4922
s8681,4923
s8682,4924
s8683,596
s8684,4925
s8686,4926
s8687,4927
s8688,4928
s8689,3207
s8690,4929
s8692,4740
s8693,4930
s8693,4931
s8694,4932
s8694,4933
s8695,4934
s8696,4935
s8697,31
s8698,4936
s8699,4808
s8700,4937
s8702,4938
s8703,4939
s8704,4940
s8705,3564
s8706,4941
s8707,4942
s8708,3737
s8709,4742
s8710,4943
s8712,4944
s8714,4945
s8715,4946
s8715,4947
s8715,4948
s8716,4949
s8717,4950
s8718,4759
s8719,4951
s8720,4952
s8723,230
s8724,4953
s8725,4954
s8726,3834
s8726,3759
s8728,4955
s8728,4956
s8729,4957
s8729,4958
s8730,4959
s8731,1435
s8732,1955
s8733,4960
s8734,3964
s8735,4961
s8736,895
s8738,4962
s8738,4963
s8739,4964
s8740,4066
s8740,4965
s8743,4207
s8744,4966
s8745,4967
s8746,4968
s8747,4969
s8749,4777
s8751,4970
s8752,4971
s8753,4972
s8754,4973
s8755,4974
s8757,3402
s8758,800
s8760,4975
s8761,4976
s8762,4977
s8763,1885
s8764,4112
s8765,4978
s8766,4979
s8766,4980
s8766,4981
s8766,3293
s8767,3733
s8768,3392
s8769,2478
s8770,4982
s8771,4051
s8772,2552
s8773,145
s8774,3998
s8775,4983
s8777,4984
s8778,4985
s8779,4985
s8780,4986
s8782,4987
s8783,634
s8787,4988
s8788,4216
s8789,4989
s8790,987
s8791,22
s8792,4913
s8793,4990
s8794,64
s8795,562
s8799,4991
s8800,4246
s8802,4992
s8803,410
s8805,3320
s8806,4993
s8807,4994
