trip_id,vendor_id
1,2.0
2,2.0
3,2.0
4,2.0
5,2.0
6,2.0
7,1.0
8,2.0
9,2.0
10,1.0
11,2.0
12,2.0
13,1.0
14,1.0
15,2.0
16,2.0
17,2.0
18,1.0
19,1.0
20,2.0
21,2.0
22,2.0
23,2.0
24,2.0
25,1.0
26,2.0
27,2.0
28,2.0
29,2.0
30,2.0
31,2.0
32,1.0
33,1.0
34,2.0
35,2.0
36,2.0
37,2.0
38,2.0
39,2.0
40,1.0
41,1.0
42,1.0
43,2.0
44,1.0
45,1.0
46,2.0
47,2.0
48,2.0
49,2.0
50,1.0
51,2.0
52,2.0
53,1.0
54,2.0
55,2.0
56,1.0
57,2.0
58,2.0
59,2.0
60,1.0
61,1.0
62,2.0
63,2.0
64,1.0
65,2.0
66,2.0
67,2.0
68,2.0
69,1.0
70,2.0
71,2.0
72,2.0
73,1.0
74,2.0
75,2.0
76,2.0
77,1.0
78,2.0
79,2.0
80,1.0
81,2.0
82,2.0
83,2.0
84,1.0
85,1.0
86,2.0
87,2.0
88,2.0
89,1.0
90,2.0
91,2.0
92,2.0
93,2.0
94,1.0
95,2.0
96,2.0
97,2.0
98,2.0
99,1.0
100,1.0
101,1.0
102,1.0
103,2.0
104,1.0
105,2.0
106,1.0
107,2.0
108,2.0
109,2.0
110,1.0
111,2.0
112,1.0
113,2.0
114,2.0
115,1.0
116,2.0
117,2.0
118,2.0
119,1.0
120,2.0
121,2.0
122,2.0
123,2.0
124,1.0
125,2.0
126,2.0
127,2.0
128,1.0
129,2.0
130,1.0
131,2.0
132,1.0
133,2.0
134,1.0
135,2.0
136,2.0
137,2.0
138,2.0
139,2.0
140,2.0
141,2.0
142,1.0
143,1.0
144,2.0
145,2.0
146,2.0
147,2.0
148,2.0
149,1.0
150,2.0
151,2.0
152,1.0
153,2.0
154,2.0
155,2.0
156,2.0
157,1.0
158,1.0
159,2.0
160,2.0
161,2.0
162,1.0
163,2.0
164,1.0
165,1.0
166,2.0
167,1.0
168,2.0
169,2.0
170,2.0
171,2.0
172,1.0
173,2.0
174,2.0
175,1.0
176,2.0
177,2.0
178,2.0
179,1.0
180,2.0
181,2.0
182,1.0
183,2.0
184,2.0
185,2.0
186,1.0
187,2.0
188,2.0
189,2.0
190,2.0
191,1.0
192,2.0
193,2.0
194,1.0
195,2.0
196,2.0
197,1.0
198,1.0
199,2.0
200,2.0
201,2.0
202,2.0
203,1.0
204,2.0
205,2.0
206,2.0
207,1.0
208,2.0
209,2.0
210,1.0
211,2.0
212,1.0
213,2.0
214,2.0
215,2.0
216,2.0
217,2.0
218,2.0
219,1.0
220,1.0
221,1.0
222,2.0
223,1.0
224,2.0
225,2.0
226,1.0
227,2.0
228,2.0
229,2.0
230,2.0
231,1.0
232,2.0
233,2.0
234,2.0
235,1.0
236,1.0
237,1.0
238,2.0
239,2.0
240,2.0
241,1.0
242,2.0
243,2.0
244,2.0
245,2.0
246,1.0
247,2.0
248,2.0
249,2.0
250,2.0
251,2.0
252,2.0
253,2.0
254,1.0
255,2.0
256,1.0
257,1.0
258,2.0
259,2.0
260,1.0
261,1.0
262,1.0
263,2.0
264,1.0
265,2.0
266,2.0
267,1.0
268,2.0
269,1.0
270,2.0
271,2.0
272,2.0
273,2.0
274,2.0
275,2.0
276,2.0
277,2.0
278,1.0
279,2.0
280,2.0
281,2.0
282,2.0
283,2.0
284,2.0
285,2.0
286,1.0
287,2.0
288,1.0
289,1.0
290,2.0
291,2.0
292,2.0
293,2.0
294,2.0
295,2.0
296,1.0
297,2.0
298,2.0
299,1.0
300,1.0
301,2.0
302,2.0
303,1.0
304,2.0
305,2.0
306,1.0
307,2.0
308,2.0
309,2.0
310,2.0
311,2.0
312,2.0
313,2.0
314,2.0
315,1.0
316,2.0
317,1.0
318,1.0
319,2.0
320,2.0
321,2.0
322,1.0
323,2.0
324,1.0
325,2.0
326,2.0
327,1.0
328,1.0
329,1.0
330,2.0
331,1.0
332,2.0
333,2.0
334,1.0
335,2.0
336,1.0
337,1.0
338,2.0
339,1.0
340,2.0
341,2.0
342,2.0
343,2.0
344,2.0
345,2.0
346,1.0
347,2.0
348,1.0
349,2.0
350,2.0
351,1.0
352,1.0
353,2.0
354,2.0
355,2.0
356,2.0
357,2.0
358,1.0
359,2.0
360,2.0
361,2.0
362,1.0
363,2.0
364,2.0
365,1.0
366,2.0
367,2.0
368,2.0
369,2.0
370,2.0
371,1.0
372,2.0
373,1.0
374,1.0
375,2.0
376,2.0
377,1.0
378,2.0
379,2.0
380,2.0
381,2.0
382,1.0
383,1.0
384,2.0
385,2.0
386,2.0
387,1.0
388,1.0
389,2.0
390,2.0
391,2.0
392,2.0
393,2.0
394,2.0
395,2.0
396,1.0
397,2.0
398,2.0
399,2.0
400,2.0
401,2.0
402,2.0
403,2.0
404,2.0
405,2.0
406,2.0
407,2.0
408,1.0
409,2.0
410,2.0
411,1.0
412,2.0
413,2.0
414,2.0
415,2.0
416,2.0
417,1.0
418,1.0
419,2.0
420,2.0
421,2.0
422,2.0
423,2.0
424,1.0
425,2.0
426,1.0
427,2.0
428,1.0
429,1.0
430,2.0
431,2.0
432,2.0
433,1.0
434,2.0
435,2.0
436,1.0
437,1.0
438,1.0
439,2.0
440,2.0
441,2.0
442,2.0
443,2.0
444,2.0
445,2.0
446,2.0
447,2.0
448,2.0
449,2.0
450,1.0
451,2.0
452,2.0
453,2.0
454,2.0
455,1.0
456,1.0
457,2.0
458,2.0
459,2.0
460,2.0
461,2.0
462,2.0
463,1.0
464,1.0
465,1.0
466,2.0
467,2.0
468,2.0
469,2.0
470,1.0
471,2.0
472,2.0
473,2.0
474,2.0
475,1.0
476,1.0
477,2.0
478,2.0
479,1.0
480,2.0
481,2.0
482,2.0
483,2.0
484,2.0
485,1.0
486,2.0
487,1.0
488,1.0
489,1.0
490,2.0
491,2.0
492,1.0
493,2.0
494,2.0
495,2.0
496,1.0
497,2.0
498,2.0
499,2.0
500,1.0
501,2.0
502,2.0
503,2.0
504,1.0
505,2.0
506,1.0
507,1.0
508,2.0
509,2.0
510,2.0
511,2.0
512,2.0
513,1.0
514,2.0
515,2.0
516,2.0
517,1.0
518,1.0
519,1.0
520,2.0
521,2.0
522,1.0
523,2.0
524,2.0
525,1.0
526,2.0
527,1.0
528,2.0
529,1.0
530,2.0
531,1.0
532,2.0
533,2.0
534,2.0
535,1.0
536,2.0
537,2.0
538,1.0
539,2.0
540,2.0
541,2.0
542,1.0
543,2.0
544,2.0
545,2.0
546,2.0
547,2.0
548,1.0
549,2.0
550,2.0
551,2.0
552,2.0
553,1.0
554,2.0
555,1.0
556,2.0
557,2.0
558,2.0
559,1.0
560,2.0
561,2.0
562,2.0
563,2.0
564,2.0
565,2.0
566,1.0
567,2.0
568,1.0
569,1.0
570,1.0
571,2.0
572,1.0
573,2.0
574,1.0
575,2.0
576,1.0
577,1.0
578,2.0
579,2.0
580,2.0
581,2.0
582,1.0
583,2.0
584,1.0
585,2.0
586,2.0
587,1.0
588,2.0
589,2.0
590,2.0
591,2.0
592,2.0
593,1.0
594,2.0
595,1.0
596,1.0
597,2.0
598,1.0
599,1.0
600,1.0
601,1.0
602,1.0
603,2.0
604,2.0
605,2.0
606,1.0
607,1.0
608,2.0
609,2.0
610,2.0
611,2.0
612,1.0
613,1.0
614,2.0
615,2.0
616,2.0
617,2.0
618,2.0
619,2.0
620,2.0
621,2.0
622,2.0
623,2.0
624,2.0
625,2.0
626,2.0
627,1.0
628,2.0
629,2.0
630,2.0
631,2.0
632,2.0
633,1.0
634,2.0
635,2.0
636,2.0
637,1.0
638,2.0
639,1.0
640,2.0
641,2.0
642,2.0
643,2.0
644,2.0
645,1.0
646,1.0
647,2.0
648,2.0
649,2.0
650,2.0
651,1.0
652,2.0
653,2.0
654,2.0
655,2.0
656,1.0
657,2.0
658,1.0
659,2.0
660,2.0
661,2.0
662,2.0
663,2.0
664,1.0
665,2.0
666,2.0
667,1.0
668,1.0
669,1.0
670,1.0
671,1.0
672,2.0
673,2.0
674,1.0
675,2.0
676,1.0
677,2.0
678,1.0
679,2.0
680,1.0
681,1.0
682,2.0
683,2.0
684,2.0
685,1.0
686,2.0
687,1.0
688,1.0
689,1.0
690,2.0
691,2.0
692,1.0
693,2.0
694,1.0
695,2.0
696,2.0
697,2.0
698,2.0
699,2.0
700,2.0
701,1.0
702,1.0
703,2.0
704,1.0
705,2.0
706,2.0
707,2.0
708,1.0
709,2.0
710,2.0
711,2.0
712,2.0
713,1.0
714,2.0
715,2.0
716,2.0
717,2.0
718,2.0
719,1.0
720,2.0
721,2.0
722,2.0
723,2.0
724,2.0
725,2.0
726,2.0
727,2.0
728,2.0
729,1.0
730,2.0
731,2.0
732,2.0
733,2.0
734,2.0
735,2.0
736,2.0
737,2.0
738,1.0
739,1.0
740,2.0
741,1.0
742,2.0
743,1.0
744,1.0
745,1.0
746,2.0
747,1.0
748,2.0
749,1.0
750,2.0
751,2.0
752,1.0
753,1.0
754,2.0
755,1.0
756,2.0
757,2.0
758,1.0
759,2.0
760,2.0
761,1.0
762,1.0
763,2.0
764,1.0
765,2.0
766,2.0
767,1.0
768,1.0
769,2.0
770,2.0
771,1.0
772,2.0
773,2.0
774,2.0
775,2.0
776,2.0
777,1.0
778,1.0
779,2.0
780,2.0
781,1.0
782,2.0
783,1.0
784,1.0
785,2.0
786,2.0
787,2.0
788,2.0
789,2.0
790,2.0
791,2.0
792,2.0
793,1.0
794,2.0
795,2.0
796,2.0
797,2.0
798,2.0
799,2.0
800,2.0
801,2.0
802,2.0
803,1.0
804,2.0
805,2.0
806,2.0
807,2.0
808,2.0
809,2.0
810,2.0
811,1.0
812,1.0
813,2.0
814,2.0
815,2.0
816,2.0
817,2.0
818,2.0
819,1.0
820,1.0
821,2.0
822,1.0
823,2.0
824,1.0
825,2.0
826,2.0
827,1.0
828,2.0
829,2.0
830,2.0
831,1.0
832,2.0
833,2.0
834,2.0
835,2.0
836,1.0
837,2.0
838,1.0
839,2.0
840,2.0
841,1.0
842,2.0
843,2.0
844,1.0
845,1.0
846,1.0
847,2.0
848,1.0
849,1.0
850,2.0
851,2.0
852,2.0
853,2.0
854,2.0
855,2.0
856,1.0
857,2.0
858,2.0
859,2.0
860,2.0
861,2.0
862,1.0
863,2.0
864,1.0
865,2.0
866,1.0
867,2.0
868,1.0
869,2.0
870,2.0
871,1.0
872,2.0
873,1.0
874,2.0
875,2.0
876,2.0
877,2.0
878,2.0
879,2.0
880,2.0
881,1.0
882,1.0
883,2.0
884,2.0
885,1.0
886,2.0
887,2.0
888,2.0
889,1.0
890,2.0
891,2.0
892,1.0
893,2.0
894,1.0
895,2.0
896,2.0
897,1.0
898,1.0
899,2.0
900,2.0
901,2.0
902,2.0
903,1.0
904,2.0
905,2.0
906,2.0
907,2.0
908,2.0
909,1.0
910,2.0
911,2.0
912,1.0
913,1.0
914,1.0
915,2.0
916,2.0
917,2.0
918,2.0
919,2.0
920,2.0
921,1.0
922,2.0
923,2.0
924,2.0
925,2.0
926,2.0
927,1.0
928,2.0
929,1.0
930,2.0
931,2.0
932,1.0
933,1.0
934,2.0
935,1.0
936,1.0
937,2.0
938,1.0
939,2.0
940,2.0
941,2.0
942,2.0
943,1.0
944,1.0
945,2.0
946,2.0
947,2.0
948,2.0
949,2.0
950,2.0
951,2.0
952,1.0
953,1.0
954,2.0
955,2.0
956,1.0
957,1.0
958,2.0
959,2.0
960,1.0
961,2.0
962,2.0
963,1.0
964,2.0
965,2.0
966,2.0
967,2.0
968,2.0
969,2.0
970,2.0
971,1.0
972,1.0
973,2.0
974,2.0
975,1.0
976,2.0
977,2.0
978,2.0
979,1.0
980,2.0
981,1.0
982,1.0
983,2.0
984,2.0
985,2.0
986,2.0
987,2.0
988,2.0
989,2.0
990,1.0
991,2.0
992,1.0
993,2.0
994,1.0
995,2.0
996,2.0
997,1.0
998,2.0
999,2.0
1000,2.0
1001,1.0
1002,2.0
1003,2.0
1004,2.0
1005,2.0
1006,2.0
1007,1.0
1008,2.0
1009,1.0
1010,2.0
1011,1.0
1012,1.0
1013,2.0
1014,2.0
1015,2.0
1016,2.0
1017,1.0
1018,2.0
1019,2.0
1020,2.0
1021,2.0
1022,2.0
1023,2.0
1024,1.0
1025,2.0
1026,2.0
1027,2.0
1028,2.0
1029,1.0
1030,1.0
1031,1.0
1032,2.0
1033,2.0
1034,1.0
1035,1.0
1036,2.0
1037,1.0
1038,2.0
1039,2.0
1040,1.0
1041,2.0
1042,1.0
1043,2.0
1044,2.0
1045,2.0
1046,2.0
1047,1.0
1048,1.0
1049,2.0
1050,2.0
1051,2.0
1052,1.0
1053,1.0
1054,1.0
1055,2.0
1056,2.0
1057,1.0
1058,2.0
1059,1.0
1060,2.0
1061,2.0
1062,2.0
1063,2.0
1064,1.0
1065,2.0
1066,2.0
1067,2.0
1068,1.0
1069,2.0
1070,2.0
1071,1.0
1072,2.0
1073,2.0
1074,1.0
1075,2.0
1076,1.0
1077,2.0
1078,2.0
1079,2.0
1080,2.0
1081,2.0
1082,2.0
1083,2.0
1084,2.0
1085,1.0
1086,2.0
1087,2.0
1088,2.0
1089,2.0
1090,2.0
1091,2.0
1092,2.0
1093,2.0
1094,1.0
1095,2.0
1096,2.0
1097,2.0
1098,2.0
1099,2.0
1100,2.0
1101,1.0
1102,2.0
1103,2.0
1104,2.0
1105,2.0
1106,1.0
1107,2.0
1108,2.0
1109,2.0
1110,2.0
1111,1.0
1112,2.0
1113,1.0
1114,1.0
1115,1.0
1116,2.0
1117,2.0
1118,1.0
1119,2.0
1120,2.0
1121,2.0
1122,2.0
1123,1.0
1124,1.0
1125,2.0
1126,2.0
1127,2.0
1128,1.0
1129,2.0
1130,2.0
1131,2.0
1132,2.0
1133,2.0
1134,2.0
1135,1.0
1136,1.0
1137,2.0
1138,1.0
1139,2.0
1140,2.0
1141,1.0
1142,2.0
1143,2.0
1144,2.0
1145,2.0
1146,2.0
1147,1.0
1148,2.0
1149,2.0
1150,1.0
1151,2.0
1152,1.0
1153,1.0
1154,2.0
1155,1.0
1156,2.0
1157,1.0
1158,2.0
1159,1.0
1160,2.0
1161,1.0
1162,2.0
1163,2.0
1164,2.0
1165,1.0
1166,2.0
1167,2.0
1168,2.0
1169,2.0
1170,1.0
1171,1.0
1172,2.0
1173,2.0
1174,2.0
1175,2.0
1176,2.0
1177,1.0
1178,1.0
1179,2.0
1180,2.0
1181,1.0
1182,1.0
1183,2.0
1184,2.0
1185,2.0
1186,1.0
1187,2.0
1188,2.0
1189,2.0
1190,2.0
1191,2.0
1192,2.0
1193,2.0
1194,2.0
1195,2.0
1196,2.0
1197,1.0
1198,1.0
1199,2.0
1200,2.0
1201,2.0
1202,2.0
1203,1.0
1204,1.0
1205,1.0
1206,1.0
1207,1.0
1208,2.0
1209,2.0
1210,2.0
1211,2.0
1212,1.0
1213,1.0
1214,2.0
1215,2.0
1216,2.0
1217,1.0
1218,2.0
1219,2.0
1220,2.0
1221,2.0
1222,2.0
1223,1.0
1224,1.0
1225,2.0
1226,2.0
1227,2.0
1228,2.0
1229,1.0
1230,2.0
1231,2.0
1232,2.0
1233,1.0
1234,2.0
1235,1.0
1236,2.0
1237,2.0
1238,1.0
1239,1.0
1240,2.0
1241,2.0
1242,2.0
1243,2.0
1244,1.0
1245,1.0
1246,1.0
1247,2.0
1248,2.0
1249,1.0
1250,2.0
1251,2.0
1252,2.0
1253,2.0
1254,1.0
1255,1.0
1256,2.0
1257,1.0
1258,1.0
1259,1.0
1260,2.0
1261,1.0
1262,2.0
1263,2.0
1264,2.0
1265,1.0
1266,2.0
1267,2.0
1268,2.0
1269,1.0
1270,2.0
1271,2.0
1272,2.0
1273,2.0
1274,2.0
1275,1.0
1276,2.0
1277,2.0
1278,1.0
1279,2.0
1280,1.0
1281,2.0
1282,2.0
1283,2.0
1284,2.0
1285,1.0
1286,2.0
1287,2.0
1288,2.0
1289,1.0
1290,2.0
1291,2.0
1292,1.0
1293,2.0
1294,1.0
1295,1.0
1296,2.0
1297,2.0
1298,1.0
1299,1.0
1300,2.0
1301,2.0
1302,1.0
1303,2.0
1304,1.0
1305,1.0
1306,2.0
1307,1.0
1308,2.0
1309,2.0
1310,1.0
1311,1.0
1312,1.0
1313,2.0
1314,2.0
1315,2.0
1316,2.0
1317,2.0
1318,2.0
1319,1.0
1320,1.0
1321,2.0
1322,1.0
1323,2.0
1324,2.0
1325,2.0
1326,2.0
1327,1.0
1328,2.0
1329,2.0
1330,2.0
1331,2.0
1332,2.0
1333,2.0
1334,2.0
1335,2.0
1336,2.0
1337,1.0
1338,2.0
1339,2.0
1340,2.0
1341,2.0
1342,2.0
1343,2.0
1344,2.0
1345,2.0
1346,2.0
1347,2.0
1348,1.0
1349,1.0
1350,2.0
1351,2.0
1352,1.0
1353,2.0
1354,2.0
1355,2.0
1356,1.0
1357,1.0
1358,2.0
1359,2.0
1360,2.0
1361,2.0
1362,2.0
1363,1.0
1364,2.0
1365,2.0
1366,1.0
1367,2.0
1368,2.0
1369,2.0
1370,2.0
1371,2.0
1372,2.0
1373,1.0
1374,1.0
1375,1.0
1376,2.0
1377,2.0
1378,2.0
1379,1.0
1380,1.0
1381,2.0
1382,2.0
1383,1.0
1384,2.0
1385,2.0
1386,2.0
1387,2.0
1388,2.0
1389,2.0
1390,1.0
1391,1.0
1392,2.0
1393,2.0
1394,2.0
1395,2.0
1396,2.0
1397,2.0
1398,1.0
1399,2.0
1400,2.0
1401,2.0
1402,2.0
1403,1.0
1404,2.0
1405,2.0
1406,2.0
1407,2.0
1408,1.0
1409,2.0
1410,1.0
1411,2.0
1412,2.0
1413,2.0
1414,2.0
1415,2.0
1416,2.0
1417,2.0
1418,2.0
1419,1.0
1420,1.0
1421,2.0
1422,2.0
1423,1.0
1424,2.0
1425,2.0
1426,2.0
1427,2.0
1428,2.0
1429,2.0
1430,2.0
1431,2.0
1432,2.0
1433,1.0
1434,2.0
1435,1.0
1436,2.0
1437,2.0
1438,2.0
1439,2.0
1440,1.0
1441,2.0
1442,2.0
1443,2.0
1444,2.0
1445,1.0
1446,2.0
1447,1.0
1448,2.0
1449,2.0
1450,2.0
1451,1.0
1452,2.0
1453,2.0
1454,2.0
1455,1.0
1456,2.0
1457,2.0
1458,1.0
1459,2.0
1460,2.0
1461,2.0
1462,2.0
1463,2.0
1464,2.0
1465,1.0
1466,2.0
1467,1.0
1468,2.0
1469,2.0
1470,2.0
1471,2.0
1472,2.0
1473,1.0
1474,2.0
1475,2.0
1476,1.0
1477,2.0
1478,2.0
1479,2.0
1480,2.0
1481,2.0
1482,1.0
1483,2.0
1484,2.0
1485,1.0
1486,2.0
1487,2.0
1488,2.0
1489,1.0
1490,2.0
1491,2.0
1492,2.0
1493,1.0
1494,2.0
1495,2.0
1496,2.0
1497,1.0
1498,2.0
1499,2.0
1500,2.0
1501,2.0
1502,2.0
1503,1.0
1504,1.0
1505,1.0
1506,1.0
1507,1.0
1508,2.0
1509,2.0
1510,2.0
1511,2.0
1512,2.0
1513,2.0
1514,2.0
1515,2.0
1516,2.0
1517,1.0
1518,2.0
1519,2.0
1520,2.0
1521,2.0
1522,2.0
1523,2.0
1524,1.0
1525,2.0
1526,2.0
1527,2.0
1528,2.0
1529,2.0
1530,2.0
1531,2.0
1532,1.0
1533,2.0
1534,1.0
1535,1.0
1536,1.0
1537,2.0
1538,2.0
1539,2.0
1540,2.0
1541,2.0
1542,2.0
1543,1.0
1544,2.0
1545,2.0
1546,2.0
1547,1.0
1548,2.0
1549,2.0
1550,2.0
1551,2.0
1552,2.0
1553,1.0
1554,2.0
1555,2.0
1556,1.0
1557,1.0
1558,2.0
1559,2.0
1560,2.0
1561,1.0
1562,1.0
1563,2.0
1564,1.0
1565,1.0
1566,1.0
1567,2.0
1568,2.0
1569,2.0
1570,2.0
1571,2.0
1572,1.0
1573,2.0
1574,2.0
1575,2.0
1576,2.0
1577,2.0
1578,2.0
1579,1.0
1580,2.0
1581,2.0
1582,2.0
1583,2.0
1584,2.0
1585,2.0
1586,2.0
1587,2.0
1588,1.0
1589,2.0
1590,2.0
1591,2.0
1592,2.0
1593,2.0
1594,2.0
1595,2.0
1596,2.0
1597,2.0
1598,2.0
1599,1.0
1600,2.0
1601,1.0
1602,2.0
1603,1.0
1604,2.0
1605,1.0
1606,2.0
1607,2.0
1608,2.0
1609,2.0
1610,2.0
1611,2.0
1612,2.0
1613,2.0
1614,2.0
1615,1.0
1616,2.0
1617,2.0
1618,2.0
1619,1.0
1620,1.0
1621,1.0
1622,1.0
1623,2.0
1624,2.0
1625,2.0
1626,2.0
1627,2.0
1628,1.0
1629,2.0
1630,2.0
1631,2.0
1632,2.0
1633,1.0
1634,2.0
1635,2.0
1636,2.0
1637,2.0
1638,1.0
1639,2.0
1640,2.0
1641,2.0
1642,2.0
1643,1.0
1644,2.0
1645,2.0
1646,1.0
1647,2.0
1648,2.0
1649,1.0
1650,2.0
1651,2.0
1652,2.0
1653,1.0
1654,2.0
1655,2.0
1656,1.0
1657,2.0
1658,2.0
1659,2.0
1660,2.0
1661,2.0
1662,2.0
1663,2.0
1664,2.0
1665,2.0
1666,2.0
1667,2.0
1668,2.0
1669,1.0
1670,2.0
1671,2.0
1672,1.0
1673,1.0
1674,2.0
1675,2.0
1676,1.0
1677,1.0
1678,2.0
1679,1.0
1680,2.0
1681,1.0
1682,1.0
1683,2.0
1684,2.0
1685,1.0
1686,2.0
1687,2.0
1688,2.0
1689,2.0
1690,2.0
1691,1.0
1692,2.0
1693,2.0
1694,1.0
1695,1.0
1696,2.0
1697,2.0
1698,2.0
1699,1.0
1700,2.0
1701,2.0
1702,2.0
1703,1.0
1704,2.0
1705,2.0
1706,1.0
1707,2.0
1708,1.0
1709,2.0
1710,1.0
1711,2.0
1712,2.0
1713,2.0
1714,1.0
1715,2.0
1716,2.0
1717,2.0
1718,2.0
1719,2.0
1720,2.0
1721,1.0
1722,1.0
1723,2.0
1724,2.0
1725,2.0
1726,2.0
1727,1.0
1728,1.0
1729,1.0
1730,2.0
1731,2.0
1732,2.0
1733,1.0
1734,2.0
1735,2.0
1736,1.0
1737,2.0
1738,2.0
1739,2.0
1740,2.0
1741,2.0
1742,1.0
1743,2.0
1744,1.0
1745,2.0
1746,2.0
1747,2.0
1748,2.0
1749,2.0
1750,2.0
1751,1.0
1752,2.0
1753,2.0
1754,2.0
1755,1.0
1756,2.0
1757,2.0
1758,2.0
1759,2.0
1760,1.0
1761,1.0
1762,2.0
1763,1.0
1764,2.0
1765,2.0
1766,1.0
1767,1.0
1768,2.0
1769,1.0
1770,1.0
1771,1.0
1772,2.0
1773,2.0
1774,2.0
1775,1.0
1776,1.0
1777,2.0
1778,2.0
1779,2.0
1780,2.0
1781,1.0
1782,2.0
1783,2.0
1784,2.0
1785,1.0
1786,2.0
1787,2.0
1788,1.0
1789,2.0
1790,2.0
1791,1.0
1792,2.0
1793,2.0
1794,2.0
1795,2.0
1796,2.0
1797,2.0
1798,2.0
1799,2.0
1800,1.0
1801,1.0
1802,2.0
1803,2.0
1804,2.0
1805,2.0
1806,1.0
1807,1.0
1808,2.0
1809,1.0
1810,2.0
1811,2.0
1812,1.0
1813,1.0
1814,1.0
1815,2.0
1816,2.0
1817,1.0
1818,2.0
1819,1.0
1820,2.0
1821,2.0
1822,2.0
1823,1.0
1824,2.0
1825,2.0
1826,2.0
1827,2.0
1828,2.0
1829,2.0
1830,2.0
1831,1.0
1832,2.0
1833,2.0
1834,1.0
1835,2.0
1836,2.0
1837,2.0
1838,1.0
1839,2.0
1840,2.0
1841,2.0
1842,2.0
1843,1.0
1844,2.0
1845,2.0
1846,2.0
1847,2.0
1848,2.0
1849,1.0
1850,2.0
1851,2.0
1852,1.0
1853,2.0
1854,2.0
1855,2.0
1856,2.0
1857,2.0
1858,2.0
1859,2.0
1860,2.0
1861,2.0
1862,1.0
1863,2.0
1864,2.0
1865,2.0
1866,2.0
1867,2.0
1868,1.0
1869,2.0
1870,2.0
1871,2.0
1872,1.0
1873,2.0
1874,2.0
1875,2.0
1876,1.0
1877,1.0
1878,1.0
1879,2.0
1880,2.0
1881,1.0
1882,2.0
1883,2.0
1884,2.0
1885,1.0
1886,1.0
1887,1.0
1888,1.0
1889,1.0
1890,1.0
1891,2.0
1892,1.0
1893,2.0
1894,2.0
1895,2.0
1896,1.0
1897,2.0
1898,1.0
1899,1.0
1900,2.0
1901,2.0
1902,2.0
1903,1.0
1904,1.0
1905,2.0
1906,2.0
1907,1.0
1908,2.0
1909,2.0
1910,2.0
1911,2.0
1912,2.0
1913,2.0
1914,1.0
1915,1.0
1916,1.0
1917,1.0
1918,1.0
1919,2.0
1920,2.0
1921,2.0
1922,2.0
1923,2.0
1924,2.0
1925,1.0
1926,1.0
1927,2.0
1928,1.0
1929,1.0
1930,2.0
1931,2.0
1932,2.0
1933,1.0
1934,2.0
1935,2.0
1936,1.0
1937,2.0
1938,2.0
1939,2.0
1940,2.0
1941,2.0
1942,2.0
1943,1.0
1944,2.0
1945,2.0
1946,2.0
1947,2.0
1948,2.0
1949,1.0
1950,2.0
1951,2.0
1952,2.0
1953,2.0
1954,1.0
1955,2.0
1956,2.0
1957,1.0
1958,2.0
1959,2.0
1960,1.0
1961,2.0
1962,2.0
1963,1.0
1964,1.0
1965,2.0
1966,2.0
1967,1.0
1968,2.0
1969,2.0
1970,2.0
1971,2.0
1972,1.0
1973,2.0
1974,1.0
1975,1.0
1976,1.0
1977,2.0
1978,2.0
1979,2.0
1980,2.0
1981,2.0
1982,2.0
1983,2.0
1984,1.0
1985,2.0
1986,2.0
1987,2.0
1988,2.0
1989,1.0
1990,1.0
1991,2.0
1992,2.0
1993,2.0
1994,2.0
1995,2.0
1996,2.0
1997,1.0
1998,2.0
1999,2.0
2000,1.0
2001,1.0
2002,1.0
2003,2.0
2004,1.0
2005,1.0
2006,2.0
2007,2.0
2008,1.0
2009,2.0
2010,2.0
2011,2.0
2012,2.0
2013,2.0
2014,2.0
2015,2.0
2016,1.0
2017,1.0
2018,1.0
2019,2.0
2020,2.0
2021,2.0
2022,2.0
2023,2.0
2024,2.0
2025,2.0
2026,1.0
2027,2.0
2028,1.0
2029,2.0
2030,2.0
2031,2.0
2032,1.0
2033,2.0
2034,2.0
2035,2.0
2036,1.0
2037,2.0
2038,1.0
2039,2.0
2040,2.0
2041,2.0
2042,2.0
2043,2.0
2044,2.0
2045,2.0
2046,2.0
2047,2.0
2048,2.0
2049,1.0
2050,1.0
2051,1.0
2052,2.0
2053,1.0
2054,2.0
2055,2.0
2056,2.0
2057,2.0
2058,1.0
2059,1.0
2060,2.0
2061,2.0
2062,2.0
2063,2.0
2064,1.0
2065,2.0
2066,2.0
2067,1.0
2068,1.0
2069,1.0
2070,1.0
2071,2.0
2072,2.0
2073,2.0
2074,1.0
2075,1.0
2076,2.0
2077,1.0
2078,2.0
2079,1.0
2080,1.0
2081,1.0
2082,1.0
2083,2.0
2084,2.0
2085,2.0
2086,2.0
2087,2.0
2088,1.0
2089,2.0
2090,1.0
2091,1.0
2092,2.0
2093,1.0
2094,1.0
2095,2.0
2096,2.0
2097,2.0
2098,2.0
2099,2.0
2100,2.0
2101,1.0
2102,2.0
2103,1.0
2104,1.0
2105,2.0
2106,2.0
2107,2.0
2108,2.0
2109,2.0
2110,2.0
2111,2.0
2112,2.0
2113,2.0
2114,2.0
2115,2.0
2116,2.0
2117,1.0
2118,1.0
2119,2.0
2120,2.0
2121,2.0
2122,1.0
2123,2.0
2124,1.0
2125,2.0
2126,2.0
2127,2.0
2128,2.0
2129,2.0
2130,2.0
2131,2.0
2132,2.0
2133,1.0
2134,2.0
2135,2.0
2136,2.0
2137,1.0
2138,2.0
2139,2.0
2140,2.0
2141,1.0
2142,2.0
2143,2.0
2144,1.0
2145,1.0
2146,2.0
2147,1.0
2148,2.0
2149,1.0
2150,2.0
2151,1.0
2152,1.0
2153,2.0
2154,2.0
2155,2.0
2156,2.0
2157,1.0
2158,2.0
2159,2.0
2160,1.0
2161,2.0
2162,1.0
2163,1.0
2164,2.0
2165,2.0
2166,2.0
2167,2.0
2168,2.0
2169,2.0
2170,1.0
2171,2.0
2172,1.0
2173,2.0
2174,1.0
2175,2.0
2176,1.0
2177,2.0
2178,1.0
2179,2.0
2180,2.0
2181,1.0
2182,2.0
2183,2.0
2184,2.0
2185,1.0
2186,2.0
2187,1.0
2188,1.0
2189,1.0
2190,2.0
2191,1.0
2192,1.0
2193,2.0
2194,2.0
2195,2.0
2196,2.0
2197,2.0
2198,2.0
2199,1.0
2200,1.0
2201,1.0
2202,1.0
2203,2.0
2204,1.0
2205,2.0
2206,2.0
2207,2.0
2208,2.0
2209,1.0
2210,1.0
2211,1.0
2212,2.0
2213,2.0
2214,2.0
2215,2.0
2216,2.0
2217,2.0
2218,1.0
2219,2.0
2220,1.0
2221,1.0
2222,2.0
2223,2.0
2224,2.0
2225,1.0
2226,2.0
2227,2.0
2228,2.0
2229,2.0
2230,2.0
2231,1.0
2232,2.0
2233,2.0
2234,2.0
2235,1.0
2236,1.0
2237,2.0
2238,2.0
2239,1.0
2240,2.0
2241,2.0
2242,2.0
2243,2.0
2244,2.0
2245,2.0
2246,1.0
2247,1.0
2248,2.0
2249,2.0
2250,2.0
2251,1.0
2252,2.0
2253,1.0
2254,2.0
2255,2.0
2256,2.0
2257,2.0
2258,2.0
2259,1.0
2260,1.0
2261,2.0
2262,2.0
2263,2.0
2264,2.0
2265,1.0
2266,1.0
2267,1.0
2268,2.0
2269,2.0
2270,1.0
2271,2.0
2272,1.0
2273,2.0
2274,2.0
2275,1.0
2276,2.0
2277,1.0
2278,2.0
2279,1.0
2280,2.0
2281,2.0
2282,2.0
2283,2.0
2284,1.0
2285,2.0
2286,1.0
2287,2.0
2288,2.0
2289,2.0
2290,1.0
2291,2.0
2292,1.0
2293,2.0
2294,1.0
2295,1.0
2296,2.0
2297,2.0
2298,2.0
2299,1.0
2300,1.0
2301,2.0
2302,1.0
2303,2.0
2304,2.0
2305,2.0
2306,1.0
2307,1.0
2308,2.0
2309,1.0
2310,2.0
2311,2.0
2312,2.0
2313,2.0
2314,2.0
2315,2.0
2316,2.0
2317,1.0
2318,2.0
2319,2.0
2320,2.0
2321,2.0
2322,2.0
2323,2.0
2324,2.0
2325,1.0
2326,1.0
2327,1.0
2328,2.0
2329,2.0
2330,1.0
2331,2.0
2332,2.0
2333,1.0
2334,1.0
2335,2.0
2336,1.0
2337,1.0
2338,1.0
2339,2.0
2340,1.0
2341,2.0
2342,2.0
2343,2.0
2344,2.0
2345,2.0
2346,2.0
2347,2.0
2348,1.0
2349,1.0
2350,1.0
2351,1.0
2352,2.0
2353,2.0
2354,2.0
2355,1.0
2356,2.0
2357,2.0
2358,2.0
2359,2.0
2360,2.0
2361,2.0
2362,2.0
2363,1.0
2364,2.0
2365,2.0
2366,1.0
2367,2.0
2368,2.0
2369,2.0
2370,1.0
2371,1.0
2372,2.0
2373,2.0
2374,1.0
2375,2.0
2376,2.0
2377,2.0
2378,2.0
2379,2.0
2380,2.0
2381,2.0
2382,2.0
2383,1.0
2384,1.0
2385,2.0
2386,2.0
2387,2.0
2388,1.0
2389,2.0
2390,1.0
2391,2.0
2392,2.0
2393,1.0
2394,2.0
2395,2.0
2396,2.0
2397,2.0
2398,1.0
2399,2.0
2400,2.0
2401,2.0
2402,2.0
2403,2.0
2404,2.0
2405,2.0
2406,1.0
2407,2.0
2408,1.0
2409,2.0
2410,1.0
2411,2.0
2412,1.0
2413,2.0
2414,2.0
2415,1.0
2416,2.0
2417,2.0
2418,2.0
2419,2.0
2420,2.0
2421,2.0
2422,2.0
2423,2.0
2424,2.0
2425,2.0
2426,1.0
2427,2.0
2428,2.0
2429,1.0
2430,2.0
2431,2.0
2432,2.0
2433,2.0
2434,2.0
2435,2.0
2436,2.0
2437,1.0
2438,2.0
2439,1.0
2440,1.0
2441,2.0
2442,1.0
2443,1.0
2444,2.0
2445,2.0
2446,1.0
2447,2.0
2448,2.0
2449,2.0
2450,2.0
2451,2.0
2452,2.0
2453,2.0
2454,2.0
2455,1.0
2456,2.0
2457,2.0
2458,2.0
2459,2.0
2460,2.0
2461,1.0
2462,2.0
2463,2.0
2464,2.0
2465,2.0
2466,2.0
2467,2.0
2468,2.0
2469,2.0
2470,2.0
2471,1.0
2472,1.0
2473,2.0
2474,2.0
2475,2.0
2476,2.0
2477,1.0
2478,2.0
2479,2.0
2480,2.0
2481,2.0
2482,1.0
2483,1.0
2484,2.0
2485,1.0
2486,2.0
2487,2.0
2488,2.0
2489,2.0
2490,1.0
2491,2.0
2492,2.0
2493,2.0
2494,2.0
2495,1.0
2496,2.0
2497,2.0
2498,1.0
2499,1.0
2500,2.0
2501,1.0
2502,2.0
2503,1.0
2504,2.0
2505,1.0
2506,2.0
2507,1.0
2508,2.0
2509,1.0
2510,2.0
2511,1.0
2512,1.0
2513,2.0
2514,1.0
2515,2.0
2516,2.0
2517,1.0
2518,1.0
2519,2.0
2520,2.0
2521,1.0
2522,2.0
2523,2.0
2524,2.0
2525,1.0
2526,1.0
2527,2.0
2528,2.0
2529,2.0
2530,1.0
2531,1.0
2532,2.0
2533,2.0
2534,1.0
2535,2.0
2536,2.0
2537,2.0
2538,2.0
2539,2.0
2540,2.0
2541,2.0
2542,2.0
2543,2.0
2544,2.0
2545,1.0
2546,2.0
2547,1.0
2548,2.0
2549,1.0
2550,1.0
2551,2.0
2552,1.0
2553,2.0
2554,2.0
2555,1.0
2556,2.0
2557,1.0
2558,2.0
2559,2.0
2560,2.0
2561,1.0
2562,1.0
2563,1.0
2564,2.0
2565,2.0
2566,1.0
2567,2.0
2568,2.0
2569,2.0
2570,1.0
2571,1.0
2572,1.0
2573,1.0
2574,2.0
2575,1.0
2576,2.0
2577,1.0
2578,2.0
2579,2.0
2580,2.0
2581,2.0
2582,2.0
2583,2.0
2584,2.0
2585,1.0
2586,2.0
2587,2.0
2588,2.0
2589,1.0
2590,2.0
2591,1.0
2592,2.0
2593,2.0
2594,2.0
2595,2.0
2596,2.0
2597,2.0
2598,1.0
2599,2.0
2600,1.0
2601,1.0
2602,1.0
2603,2.0
2604,2.0
2605,1.0
2606,1.0
2607,2.0
2608,1.0
2609,1.0
2610,2.0
2611,2.0
2612,2.0
2613,2.0
2614,2.0
2615,2.0
2616,2.0
2617,2.0
2618,2.0
2619,2.0
2620,2.0
2621,2.0
2622,2.0
2623,2.0
2624,2.0
2625,2.0
2626,2.0
2627,1.0
2628,1.0
2629,2.0
2630,1.0
2631,2.0
2632,2.0
2633,2.0
2634,1.0
2635,2.0
2636,2.0
2637,2.0
2638,2.0
2639,1.0
2640,2.0
2641,2.0
2642,2.0
2643,1.0
2644,2.0
2645,2.0
2646,1.0
2647,1.0
2648,2.0
2649,1.0
2650,1.0
2651,2.0
2652,1.0
2653,2.0
2654,2.0
2655,1.0
2656,2.0
2657,1.0
2658,1.0
2659,2.0
2660,2.0
2661,2.0
2662,2.0
2663,2.0
2664,2.0
2665,2.0
2666,2.0
2667,2.0
2668,2.0
2669,1.0
2670,1.0
2671,2.0
2672,2.0
2673,2.0
2674,1.0
2675,2.0
2676,2.0
2677,2.0
2678,2.0
2679,1.0
2680,2.0
2681,2.0
2682,2.0
2683,1.0
2684,2.0
2685,2.0
2686,2.0
2687,2.0
2688,1.0
2689,1.0
2690,1.0
2691,1.0
2692,1.0
2693,2.0
2694,2.0
2695,1.0
2696,2.0
2697,2.0
2698,2.0
2699,2.0
2700,1.0
2701,2.0
2702,2.0
2703,2.0
2704,2.0
2705,2.0
2706,2.0
2707,1.0
2708,2.0
2709,2.0
2710,2.0
2711,1.0
2712,1.0
2713,2.0
2714,2.0
2715,1.0
2716,2.0
2717,2.0
2718,2.0
2719,1.0
2720,2.0
2721,1.0
2722,2.0
2723,2.0
2724,2.0
2725,1.0
2726,2.0
2727,1.0
2728,2.0
2729,2.0
2730,1.0
2731,1.0
2732,1.0
2733,2.0
2734,2.0
2735,2.0
2736,1.0
2737,1.0
2738,2.0
2739,1.0
2740,1.0
2741,1.0
2742,2.0
2743,1.0
2744,2.0
2745,2.0
2746,2.0
2747,2.0
2748,2.0
2749,2.0
2750,2.0
2751,2.0
2752,2.0
2753,1.0
2754,1.0
2755,2.0
2756,2.0
2757,2.0
2758,1.0
2759,1.0
2760,1.0
2761,2.0
2762,1.0
2763,2.0
2764,1.0
2765,2.0
2766,1.0
2767,2.0
2768,2.0
2769,2.0
2770,1.0
2771,1.0
2772,1.0
2773,2.0
2774,2.0
2775,2.0
2776,2.0
2777,2.0
2778,1.0
2779,2.0
2780,2.0
2781,2.0
2782,2.0
2783,2.0
2784,2.0
2785,2.0
2786,1.0
2787,1.0
2788,2.0
2789,1.0
2790,2.0
2791,2.0
2792,2.0
2793,2.0
2794,2.0
2795,1.0
2796,2.0
2797,1.0
2798,2.0
2799,2.0
2800,2.0
2801,2.0
2802,1.0
2803,1.0
2804,2.0
2805,2.0
2806,2.0
2807,1.0
2808,1.0
2809,1.0
2810,2.0
2811,1.0
2812,2.0
2813,1.0
2814,2.0
2815,1.0
2816,2.0
2817,2.0
2818,1.0
2819,2.0
2820,1.0
2821,2.0
2822,1.0
2823,2.0
2824,2.0
2825,2.0
2826,2.0
2827,1.0
2828,2.0
2829,2.0
2830,2.0
2831,2.0
2832,1.0
2833,2.0
2834,2.0
2835,1.0
2836,2.0
2837,2.0
2838,1.0
2839,2.0
2840,2.0
2841,1.0
2842,2.0
2843,2.0
2844,1.0
2845,2.0
2846,1.0
2847,1.0
2848,2.0
2849,2.0
2850,1.0
2851,2.0
2852,1.0
2853,2.0
2854,1.0
2855,2.0
2856,1.0
2857,2.0
2858,1.0
2859,2.0
2860,2.0
2861,1.0
2862,2.0
2863,1.0
2864,1.0
2865,1.0
2866,2.0
2867,2.0
2868,1.0
2869,2.0
2870,2.0
2871,2.0
2872,1.0
2873,1.0
2874,2.0
2875,1.0
2876,2.0
2877,1.0
2878,1.0
2879,2.0
2880,2.0
2881,1.0
2882,1.0
2883,2.0
2884,2.0
2885,2.0
2886,2.0
2887,1.0
2888,2.0
2889,1.0
2890,2.0
2891,2.0
2892,2.0
2893,2.0
2894,1.0
2895,2.0
2896,2.0
2897,1.0
2898,2.0
2899,2.0
2900,2.0
2901,1.0
2902,2.0
2903,1.0
2904,2.0
2905,1.0
2906,1.0
2907,2.0
2908,2.0
2909,2.0
2910,2.0
2911,2.0
2912,2.0
2913,1.0
2914,2.0
2915,2.0
2916,2.0
2917,1.0
2918,1.0
2919,1.0
2920,1.0
2921,1.0
2922,1.0
2923,2.0
2924,2.0
2925,2.0
2926,1.0
2927,2.0
2928,1.0
2929,1.0
2930,2.0
2931,2.0
2932,2.0
2933,1.0
2934,2.0
2935,2.0
2936,2.0
2937,2.0
2938,1.0
2939,2.0
2940,1.0
2941,2.0
2942,1.0
2943,1.0
2944,2.0
2945,1.0
2946,2.0
2947,2.0
2948,2.0
2949,1.0
2950,2.0
2951,2.0
2952,1.0
2953,1.0
2954,2.0
2955,1.0
2956,2.0
2957,2.0
2958,1.0
2959,2.0
2960,2.0
2961,2.0
2962,1.0
2963,2.0
2964,2.0
2965,1.0
2966,2.0
2967,2.0
2968,1.0
2969,1.0
2970,2.0
2971,1.0
2972,2.0
2973,2.0
2974,1.0
2975,1.0
2976,2.0
2977,1.0
2978,2.0
2979,2.0
2980,2.0
2981,1.0
2982,2.0
2983,2.0
2984,2.0
2985,2.0
2986,2.0
2987,2.0
2988,2.0
2989,2.0
2990,1.0
2991,2.0
2992,2.0
2993,2.0
2994,1.0
2995,1.0
2996,1.0
2997,2.0
2998,2.0
2999,2.0
3000,1.0
3001,2.0
3002,1.0
3003,2.0
3004,2.0
3005,2.0
3006,1.0
3007,2.0
3008,2.0
3009,1.0
3010,2.0
3011,1.0
3012,1.0
3013,1.0
3014,2.0
3015,1.0
3016,1.0
3017,1.0
3018,2.0
3019,2.0
3020,2.0
3021,2.0
3022,2.0
3023,2.0
3024,1.0
3025,2.0
3026,1.0
3027,2.0
3028,1.0
3029,2.0
3030,1.0
3031,2.0
3032,2.0
3033,2.0
3034,1.0
3035,1.0
3036,1.0
3037,2.0
3038,1.0
3039,2.0
3040,1.0
3041,2.0
3042,1.0
3043,2.0
3044,2.0
3045,2.0
3046,2.0
3047,2.0
3048,2.0
3049,1.0
3050,2.0
3051,2.0
3052,2.0
3053,2.0
3054,1.0
3055,1.0
3056,2.0
3057,2.0
3058,2.0
3059,1.0
3060,2.0
3061,2.0
3062,2.0
3063,2.0
3064,1.0
3065,2.0
3066,1.0
3067,2.0
3068,2.0
3069,1.0
3070,2.0
3071,1.0
3072,1.0
3073,2.0
3074,1.0
3075,2.0
3076,2.0
3077,1.0
3078,2.0
3079,2.0
3080,2.0
3081,2.0
3082,2.0
3083,1.0
3084,2.0
3085,1.0
3086,2.0
3087,2.0
3088,1.0
3089,1.0
3090,2.0
3091,2.0
3092,2.0
3093,1.0
3094,2.0
3095,2.0
3096,2.0
3097,2.0
3098,2.0
3099,2.0
3100,1.0
3101,2.0
3102,1.0
3103,2.0
3104,2.0
3105,2.0
3106,2.0
3107,2.0
3108,2.0
3109,2.0
3110,2.0
3111,2.0
3112,2.0
3113,2.0
3114,2.0
3115,2.0
3116,1.0
3117,1.0
3118,1.0
3119,2.0
3120,2.0
3121,1.0
3122,1.0
3123,2.0
3124,1.0
3125,2.0
3126,2.0
3127,2.0
3128,2.0
3129,2.0
3130,1.0
3131,2.0
3132,2.0
3133,2.0
3134,2.0
3135,2.0
3136,1.0
3137,2.0
3138,2.0
3139,2.0
3140,2.0
3141,1.0
3142,2.0
3143,1.0
3144,2.0
3145,2.0
3146,1.0
3147,2.0
3148,2.0
3149,2.0
3150,2.0
3151,2.0
3152,2.0
3153,2.0
3154,2.0
3155,1.0
3156,2.0
3157,1.0
3158,2.0
3159,2.0
3160,2.0
3161,2.0
3162,1.0
3163,1.0
3164,1.0
3165,2.0
3166,2.0
3167,2.0
3168,2.0
3169,1.0
3170,2.0
3171,2.0
3172,2.0
3173,2.0
3174,2.0
3175,2.0
3176,1.0
3177,2.0
3178,1.0
3179,2.0
3180,2.0
3181,2.0
3182,2.0
3183,1.0
3184,1.0
3185,2.0
3186,2.0
3187,1.0
3188,2.0
3189,1.0
3190,2.0
3191,2.0
3192,2.0
3193,2.0
3194,2.0
3195,2.0
3196,1.0
3197,2.0
3198,2.0
3199,1.0
3200,2.0
3201,2.0
3202,2.0
3203,2.0
3204,1.0
3205,2.0
3206,1.0
3207,2.0
3208,2.0
3209,2.0
3210,2.0
3211,2.0
3212,2.0
3213,2.0
3214,2.0
3215,2.0
3216,2.0
3217,2.0
3218,2.0
3219,2.0
3220,1.0
3221,2.0
3222,2.0
3223,2.0
3224,2.0
3225,1.0
3226,1.0
3227,2.0
3228,1.0
3229,2.0
3230,2.0
3231,2.0
3232,2.0
3233,1.0
3234,1.0
3235,1.0
3236,2.0
3237,2.0
3238,2.0
3239,2.0
3240,2.0
3241,1.0
3242,2.0
3243,1.0
3244,2.0
3245,2.0
3246,2.0
3247,1.0
3248,2.0
3249,2.0
3250,1.0
3251,1.0
3252,2.0
3253,2.0
3254,2.0
3255,1.0
3256,1.0
3257,2.0
3258,2.0
3259,2.0
3260,2.0
3261,2.0
3262,2.0
3263,1.0
3264,1.0
3265,2.0
3266,2.0
3267,2.0
3268,2.0
3269,1.0
3270,2.0
3271,1.0
3272,1.0
3273,1.0
3274,2.0
3275,2.0
3276,2.0
3277,1.0
3278,1.0
3279,2.0
3280,2.0
3281,2.0
3282,2.0
3283,1.0
3284,2.0
3285,2.0
3286,1.0
3287,2.0
3288,2.0
3289,2.0
3290,2.0
3291,2.0
3292,2.0
3293,2.0
3294,2.0
3295,1.0
3296,2.0
3297,2.0
3298,1.0
3299,1.0
3300,2.0
3301,2.0
3302,2.0
3303,2.0
3304,2.0
3305,1.0
3306,1.0
3307,1.0
3308,2.0
3309,2.0
3310,1.0
3311,1.0
3312,2.0
3313,2.0
3314,1.0
3315,2.0
3316,1.0
3317,1.0
3318,2.0
3319,2.0
3320,2.0
3321,2.0
3322,1.0
3323,1.0
3324,1.0
3325,2.0
3326,1.0
3327,2.0
3328,1.0
3329,1.0
3330,2.0
3331,2.0
3332,1.0
3333,1.0
3334,2.0
3335,2.0
3336,2.0
3337,1.0
3338,2.0
3339,2.0
3340,2.0
3341,2.0
3342,2.0
3343,1.0
3344,1.0
3345,2.0
3346,2.0
3347,1.0
3348,1.0
3349,2.0
3350,2.0
3351,2.0
3352,2.0
3353,2.0
3354,1.0
3355,2.0
3356,2.0
3357,2.0
3358,1.0
3359,2.0
3360,2.0
3361,2.0
3362,1.0
3363,1.0
3364,1.0
3365,2.0
3366,2.0
3367,2.0
3368,2.0
3369,2.0
3370,2.0
3371,2.0
3372,2.0
3373,2.0
3374,1.0
3375,2.0
3376,1.0
3377,2.0
3378,2.0
3379,1.0
3380,2.0
3381,1.0
3382,2.0
3383,2.0
3384,2.0
3385,1.0
3386,2.0
3387,2.0
3388,1.0
3389,2.0
3390,2.0
3391,2.0
3392,1.0
3393,2.0
3394,2.0
3395,2.0
3396,1.0
3397,2.0
3398,1.0
3399,2.0
3400,2.0
3401,2.0
3402,2.0
3403,2.0
3404,2.0
3405,2.0
3406,1.0
3407,2.0
3408,2.0
3409,1.0
3410,2.0
3411,1.0
3412,1.0
3413,1.0
3414,2.0
3415,2.0
3416,2.0
3417,2.0
3418,1.0
3419,1.0
3420,2.0
3421,2.0
3422,2.0
3423,1.0
3424,2.0
3425,2.0
3426,1.0
3427,2.0
3428,2.0
3429,1.0
3430,1.0
3431,2.0
3432,2.0
3433,2.0
3434,2.0
3435,2.0
3436,1.0
3437,2.0
3438,2.0
3439,1.0
3440,2.0
3441,1.0
3442,1.0
3443,1.0
3444,2.0
3445,2.0
3446,1.0
3447,1.0
3448,2.0
3449,1.0
3450,2.0
3451,2.0
3452,2.0
3453,1.0
3454,2.0
3455,1.0
3456,1.0
3457,1.0
3458,2.0
3459,2.0
3460,1.0
3461,1.0
3462,2.0
3463,2.0
3464,1.0
3465,1.0
3466,2.0
3467,2.0
3468,2.0
3469,2.0
3470,2.0
3471,2.0
3472,2.0
3473,2.0
3474,2.0
3475,2.0
3476,1.0
3477,2.0
3478,2.0
3479,2.0
3480,2.0
3481,2.0
3482,2.0
3483,1.0
3484,1.0
3485,2.0
3486,2.0
3487,2.0
3488,1.0
3489,1.0
3490,2.0
3491,2.0
3492,2.0
3493,1.0
3494,2.0
3495,1.0
3496,2.0
3497,2.0
3498,2.0
3499,2.0
3500,1.0
3501,2.0
3502,2.0
3503,1.0
3504,2.0
3505,2.0
3506,1.0
3507,1.0
3508,2.0
3509,1.0
3510,2.0
3511,2.0
3512,2.0
3513,2.0
3514,2.0
3515,2.0
3516,2.0
3517,2.0
3518,1.0
3519,2.0
3520,2.0
3521,2.0
3522,1.0
3523,2.0
3524,1.0
3525,1.0
3526,2.0
3527,2.0
3528,1.0
3529,2.0
3530,2.0
3531,2.0
3532,2.0
3533,2.0
3534,1.0
3535,2.0
3536,2.0
3537,2.0
3538,1.0
3539,2.0
3540,2.0
3541,1.0
3542,2.0
3543,1.0
3544,2.0
3545,2.0
3546,2.0
3547,1.0
3548,1.0
3549,2.0
3550,2.0
3551,2.0
3552,2.0
3553,2.0
3554,2.0
3555,2.0
3556,2.0
3557,2.0
3558,2.0
3559,2.0
3560,1.0
3561,1.0
3562,2.0
3563,2.0
3564,2.0
3565,2.0
3566,2.0
3567,2.0
3568,2.0
3569,1.0
3570,1.0
3571,2.0
3572,2.0
3573,2.0
3574,2.0
3575,1.0
3576,2.0
3577,2.0
3578,2.0
3579,2.0
3580,2.0
3581,2.0
3582,2.0
3583,1.0
3584,2.0
3585,2.0
3586,1.0
3587,2.0
3588,1.0
3589,1.0
3590,1.0
3591,1.0
3592,2.0
3593,2.0
3594,2.0
3595,2.0
3596,2.0
3597,2.0
3598,2.0
3599,2.0
3600,1.0
3601,2.0
3602,1.0
3603,1.0
3604,2.0
3605,2.0
3606,2.0
3607,2.0
3608,2.0
3609,1.0
3610,1.0
3611,2.0
3612,2.0
3613,2.0
3614,2.0
3615,2.0
3616,2.0
3617,1.0
3618,2.0
3619,2.0
3620,2.0
3621,2.0
3622,2.0
3623,2.0
3624,1.0
3625,1.0
3626,2.0
3627,2.0
3628,2.0
3629,2.0
3630,2.0
3631,2.0
3632,2.0
3633,2.0
3634,2.0
3635,1.0
3636,2.0
3637,2.0
3638,2.0
3639,2.0
3640,2.0
3641,1.0
3642,2.0
3643,2.0
3644,1.0
3645,1.0
3646,2.0
3647,2.0
3648,2.0
3649,1.0
3650,1.0
3651,2.0
3652,1.0
3653,2.0
3654,2.0
3655,2.0
3656,2.0
3657,1.0
3658,1.0
3659,1.0
3660,2.0
3661,2.0
3662,1.0
3663,1.0
3664,2.0
3665,2.0
3666,1.0
3667,2.0
3668,2.0
3669,1.0
3670,2.0
3671,2.0
3672,1.0
3673,2.0
3674,2.0
3675,2.0
3676,1.0
3677,1.0
3678,2.0
3679,2.0
3680,2.0
3681,2.0
3682,2.0
3683,2.0
3684,2.0
3685,1.0
3686,1.0
3687,1.0
3688,2.0
3689,1.0
3690,1.0
3691,2.0
3692,2.0
3693,1.0
3694,2.0
3695,1.0
3696,2.0
3697,1.0
3698,1.0
3699,1.0
3700,2.0
3701,2.0
3702,2.0
3703,1.0
3704,2.0
3705,1.0
3706,2.0
3707,2.0
3708,1.0
3709,2.0
3710,2.0
3711,2.0
3712,2.0
3713,2.0
3714,2.0
3715,2.0
3716,2.0
3717,2.0
3718,1.0
3719,1.0
3720,2.0
3721,2.0
3722,2.0
3723,2.0
3724,2.0
3725,2.0
3726,2.0
3727,2.0
3728,2.0
3729,2.0
3730,2.0
3731,1.0
3732,1.0
3733,2.0
3734,2.0
3735,2.0
3736,2.0
3737,2.0
3738,2.0
3739,2.0
3740,1.0
3741,2.0
3742,2.0
3743,2.0
3744,1.0
3745,1.0
3746,2.0
3747,2.0
3748,2.0
3749,2.0
3750,2.0
3751,2.0
3752,1.0
3753,1.0
3754,2.0
3755,2.0
3756,2.0
3757,1.0
3758,2.0
3759,2.0
3760,2.0
3761,1.0
3762,2.0
3763,2.0
3764,1.0
3765,2.0
3766,1.0
3767,1.0
3768,2.0
3769,2.0
3770,1.0
3771,2.0
3772,2.0
3773,1.0
3774,2.0
3775,1.0
3776,2.0
3777,1.0
3778,1.0
3779,2.0
3780,1.0
3781,1.0
3782,2.0
3783,2.0
3784,2.0
3785,1.0
3786,2.0
3787,1.0
3788,2.0
3789,2.0
3790,1.0
3791,2.0
3792,2.0
3793,2.0
3794,1.0
3795,2.0
3796,2.0
3797,2.0
3798,2.0
3799,2.0
3800,2.0
3801,1.0
3802,1.0
3803,2.0
3804,2.0
3805,1.0
3806,1.0
3807,1.0
3808,1.0
3809,2.0
3810,2.0
3811,1.0
3812,2.0
3813,2.0
3814,2.0
3815,2.0
3816,2.0
3817,1.0
3818,2.0
3819,2.0
3820,2.0
3821,2.0
3822,1.0
3823,2.0
3824,1.0
3825,2.0
3826,2.0
3827,2.0
3828,1.0
3829,2.0
3830,2.0
3831,2.0
3832,2.0
3833,2.0
3834,2.0
3835,1.0
3836,2.0
3837,2.0
3838,2.0
3839,2.0
3840,1.0
3841,2.0
3842,2.0
3843,1.0
3844,2.0
3845,1.0
3846,1.0
3847,2.0
3848,2.0
3849,1.0
3850,2.0
3851,2.0
3852,2.0
3853,2.0
3854,1.0
3855,1.0
3856,2.0
3857,2.0
3858,2.0
3859,2.0
3860,1.0
3861,2.0
3862,2.0
3863,1.0
3864,2.0
3865,2.0
3866,2.0
3867,2.0
3868,2.0
3869,2.0
3870,2.0
3871,1.0
3872,1.0
3873,1.0
3874,1.0
3875,2.0
3876,1.0
3877,1.0
3878,1.0
3879,1.0
3880,2.0
3881,2.0
3882,2.0
3883,1.0
3884,2.0
3885,2.0
3886,1.0
3887,2.0
3888,2.0
3889,1.0
3890,2.0
3891,2.0
3892,2.0
3893,2.0
3894,2.0
3895,1.0
3896,1.0
3897,2.0
3898,1.0
3899,1.0
3900,2.0
3901,2.0
3902,2.0
3903,2.0
3904,2.0
3905,2.0
3906,2.0
3907,2.0
3908,2.0
3909,2.0
3910,2.0
3911,1.0
3912,1.0
3913,2.0
3914,2.0
3915,2.0
3916,1.0
3917,2.0
3918,2.0
3919,1.0
3920,2.0
3921,2.0
3922,2.0
3923,2.0
3924,2.0
3925,1.0
3926,2.0
3927,1.0
3928,1.0
3929,1.0
3930,2.0
3931,1.0
3932,1.0
3933,1.0
3934,1.0
3935,2.0
3936,2.0
3937,2.0
3938,2.0
3939,1.0
3940,2.0
3941,2.0
3942,1.0
3943,2.0
3944,2.0
3945,2.0
3946,2.0
3947,1.0
3948,1.0
3949,1.0
3950,1.0
3951,2.0
3952,2.0
3953,2.0
3954,2.0
3955,2.0
3956,2.0
3957,2.0
3958,1.0
3959,1.0
3960,2.0
3961,1.0
3962,2.0
3963,2.0
3964,2.0
3965,2.0
3966,2.0
3967,2.0
3968,2.0
3969,1.0
3970,2.0
3971,1.0
3972,1.0
3973,2.0
3974,2.0
3975,2.0
3976,2.0
3977,1.0
3978,2.0
3979,2.0
3980,1.0
3981,2.0
3982,2.0
3983,2.0
3984,2.0
3985,1.0
3986,1.0
3987,1.0
3988,2.0
3989,2.0
3990,2.0
3991,2.0
3992,2.0
3993,2.0
3994,1.0
3995,1.0
3996,2.0
3997,2.0
3998,2.0
3999,1.0
4000,1.0
4001,2.0
4002,2.0
4003,1.0
4004,2.0
4005,2.0
4006,1.0
4007,2.0
4008,2.0
4009,1.0
4010,1.0
4011,2.0
4012,2.0
4013,2.0
4014,2.0
4015,1.0
4016,2.0
4017,1.0
4018,1.0
4019,2.0
4020,2.0
4021,1.0
4022,1.0
4023,2.0
4024,2.0
4025,1.0
4026,2.0
4027,2.0
4028,1.0
4029,1.0
4030,2.0
4031,2.0
4032,2.0
4033,2.0
4034,2.0
4035,1.0
4036,2.0
4037,1.0
4038,1.0
4039,2.0
4040,2.0
4041,2.0
4042,1.0
4043,2.0
4044,2.0
4045,1.0
4046,1.0
4047,2.0
4048,1.0
4049,2.0
4050,2.0
4051,1.0
4052,2.0
4053,1.0
4054,1.0
4055,2.0
4056,2.0
4057,2.0
4058,2.0
4059,2.0
4060,2.0
4061,2.0
4062,2.0
4063,1.0
4064,1.0
4065,2.0
4066,1.0
4067,2.0
4068,1.0
4069,1.0
4070,2.0
4071,2.0
4072,2.0
4073,1.0
4074,2.0
4075,2.0
4076,2.0
4077,2.0
4078,2.0
4079,2.0
4080,1.0
4081,1.0
4082,2.0
4083,2.0
4084,2.0
4085,1.0
4086,2.0
4087,2.0
4088,2.0
4089,2.0
4090,1.0
4091,1.0
4092,2.0
4093,2.0
4094,2.0
4095,2.0
4096,2.0
4097,2.0
4098,1.0
4099,2.0
4100,1.0
4101,2.0
4102,2.0
4103,2.0
4104,2.0
4105,1.0
4106,1.0
4107,1.0
4108,2.0
4109,1.0
4110,2.0
4111,2.0
4112,2.0
4113,1.0
4114,2.0
4115,2.0
4116,2.0
4117,2.0
4118,2.0
4119,1.0
4120,1.0
4121,1.0
4122,1.0
4123,2.0
4124,2.0
4125,1.0
4126,2.0
4127,2.0
4128,2.0
4129,1.0
4130,2.0
4131,2.0
4132,2.0
4133,2.0
4134,2.0
4135,2.0
4136,1.0
4137,2.0
4138,2.0
4139,2.0
4140,1.0
4141,1.0
4142,2.0
4143,1.0
4144,2.0
4145,2.0
4146,2.0
4147,2.0
4148,2.0
4149,1.0
4150,2.0
4151,2.0
4152,2.0
4153,2.0
4154,1.0
4155,1.0
4156,2.0
4157,2.0
4158,2.0
4159,2.0
4160,2.0
4161,2.0
4162,2.0
4163,2.0
4164,1.0
4165,2.0
4166,2.0
4167,1.0
4168,2.0
4169,2.0
4170,2.0
4171,2.0
4172,2.0
4173,2.0
4174,1.0
4175,2.0
4176,2.0
4177,2.0
4178,1.0
4179,1.0
4180,2.0
4181,1.0
4182,2.0
4183,1.0
4184,1.0
4185,2.0
4186,2.0
4187,2.0
4188,2.0
4189,1.0
4190,2.0
4191,2.0
4192,2.0
4193,2.0
4194,2.0
4195,1.0
4196,1.0
4197,2.0
4198,2.0
4199,1.0
4200,1.0
4201,2.0
4202,1.0
4203,1.0
4204,2.0
4205,2.0
4206,2.0
4207,2.0
4208,2.0
4209,2.0
4210,2.0
4211,2.0
4212,2.0
4213,1.0
4214,2.0
4215,1.0
4216,2.0
4217,1.0
4218,2.0
4219,2.0
4220,1.0
4221,2.0
4222,1.0
4223,2.0
4224,1.0
4225,2.0
4226,2.0
4227,1.0
4228,2.0
4229,2.0
4230,2.0
4231,1.0
4232,2.0
4233,2.0
4234,2.0
4235,2.0
4236,1.0
4237,2.0
4238,1.0
4239,2.0
4240,2.0
4241,2.0
4242,2.0
4243,1.0
4244,1.0
4245,2.0
4246,2.0
4247,2.0
4248,1.0
4249,2.0
4250,2.0
4251,2.0
4252,2.0
4253,1.0
4254,1.0
4255,2.0
4256,2.0
4257,1.0
4258,1.0
4259,2.0
4260,2.0
4261,2.0
4262,1.0
4263,2.0
4264,2.0
4265,2.0
4266,2.0
4267,1.0
4268,2.0
4269,1.0
4270,2.0
4271,2.0
4272,1.0
4273,2.0
4274,1.0
4275,2.0
4276,2.0
4277,1.0
4278,2.0
4279,2.0
4280,2.0
4281,1.0
4282,2.0
4283,1.0
4284,2.0
4285,1.0
4286,2.0
4287,2.0
4288,1.0
4289,2.0
4290,2.0
4291,2.0
4292,2.0
4293,1.0
4294,1.0
4295,2.0
4296,2.0
4297,2.0
4298,1.0
4299,2.0
4300,2.0
4301,2.0
4302,1.0
4303,1.0
4304,1.0
4305,2.0
4306,1.0
4307,2.0
4308,2.0
4309,1.0
4310,2.0
4311,2.0
4312,1.0
4313,2.0
4314,1.0
4315,2.0
4316,1.0
4317,1.0
4318,1.0
4319,1.0
4320,1.0
4321,2.0
4322,1.0
4323,2.0
4324,2.0
4325,2.0
4326,2.0
4327,2.0
4328,2.0
4329,2.0
4330,2.0
4331,2.0
4332,1.0
4333,2.0
4334,1.0
4335,2.0
4336,2.0
4337,1.0
4338,2.0
4339,2.0
4340,1.0
4341,1.0
4342,2.0
4343,2.0
4344,2.0
4345,2.0
4346,2.0
4347,1.0
4348,2.0
4349,2.0
4350,2.0
4351,2.0
4352,2.0
4353,2.0
4354,1.0
4355,2.0
4356,2.0
4357,2.0
4358,1.0
4359,2.0
4360,1.0
4361,2.0
4362,2.0
4363,1.0
4364,2.0
4365,1.0
4366,1.0
4367,1.0
4368,1.0
4369,2.0
4370,2.0
4371,1.0
4372,1.0
4373,2.0
4374,2.0
4375,2.0
4376,1.0
4377,1.0
4378,2.0
4379,1.0
4380,1.0
4381,2.0
4382,1.0
4383,1.0
4384,2.0
4385,1.0
4386,2.0
4387,2.0
4388,1.0
4389,1.0
4390,2.0
4391,2.0
4392,2.0
4393,1.0
4394,1.0
4395,2.0
4396,2.0
4397,1.0
4398,2.0
4399,2.0
4400,1.0
4401,2.0
4402,1.0
4403,1.0
4404,2.0
4405,2.0
4406,2.0
4407,2.0
4408,2.0
4409,2.0
4410,1.0
4411,1.0
4412,1.0
4413,1.0
4414,1.0
4415,2.0
4416,2.0
4417,1.0
4418,1.0
4419,2.0
4420,2.0
4421,2.0
4422,2.0
4423,2.0
4424,1.0
4425,2.0
4426,2.0
4427,1.0
4428,2.0
4429,2.0
4430,2.0
4431,2.0
4432,2.0
4433,2.0
4434,2.0
4435,2.0
4436,1.0
4437,1.0
4438,2.0
4439,2.0
4440,1.0
4441,2.0
4442,2.0
4443,2.0
4444,2.0
4445,2.0
4446,2.0
4447,2.0
4448,2.0
4449,1.0
4450,1.0
4451,2.0
4452,1.0
4453,2.0
4454,2.0
4455,1.0
4456,2.0
4457,2.0
4458,2.0
4459,2.0
4460,2.0
4461,1.0
4462,2.0
4463,1.0
4464,1.0
4465,2.0
4466,1.0
4467,2.0
4468,2.0
4469,2.0
4470,2.0
4471,1.0
4472,2.0
4473,1.0
4474,2.0
4475,1.0
4476,1.0
4477,1.0
4478,2.0
4479,1.0
4480,1.0
4481,2.0
4482,2.0
4483,2.0
4484,2.0
4485,1.0
4486,2.0
4487,2.0
4488,1.0
4489,2.0
4490,2.0
4491,2.0
4492,2.0
4493,1.0
4494,2.0
4495,1.0
4496,2.0
4497,1.0
4498,2.0
4499,2.0
4500,2.0
4501,2.0
4502,1.0
4503,2.0
4504,1.0
4505,2.0
4506,1.0
4507,2.0
4508,1.0
4509,1.0
4510,2.0
4511,2.0
4512,2.0
4513,2.0
4514,2.0
4515,2.0
4516,1.0
4517,2.0
4518,2.0
4519,1.0
4520,2.0
4521,1.0
4522,2.0
4523,1.0
4524,2.0
4525,2.0
4526,2.0
4527,1.0
4528,1.0
4529,2.0
4530,1.0
4531,1.0
4532,2.0
4533,2.0
4534,1.0
4535,1.0
4536,2.0
4537,2.0
4538,2.0
4539,2.0
4540,1.0
4541,2.0
4542,2.0
4543,2.0
4544,2.0
4545,1.0
4546,2.0
4547,2.0
4548,2.0
4549,2.0
4550,2.0
4551,2.0
4552,2.0
4553,1.0
4554,2.0
4555,1.0
4556,2.0
4557,2.0
4558,2.0
4559,2.0
4560,2.0
4561,1.0
4562,2.0
4563,2.0
4564,1.0
4565,2.0
4566,1.0
4567,2.0
4568,2.0
4569,2.0
4570,2.0
4571,1.0
4572,1.0
4573,2.0
4574,2.0
4575,2.0
4576,1.0
4577,2.0
4578,2.0
4579,2.0
4580,1.0
4581,2.0
4582,2.0
4583,2.0
4584,2.0
4585,2.0
4586,1.0
4587,2.0
4588,2.0
4589,2.0
4590,2.0
4591,2.0
4592,2.0
4593,2.0
4594,2.0
4595,2.0
4596,1.0
4597,2.0
4598,2.0
4599,2.0
4600,2.0
4601,2.0
4602,2.0
4603,1.0
4604,1.0
4605,2.0
4606,2.0
4607,2.0
4608,1.0
4609,2.0
4610,1.0
4611,2.0
4612,2.0
4613,2.0
4614,2.0
4615,2.0
4616,1.0
4617,2.0
4618,2.0
4619,1.0
4620,2.0
4621,1.0
4622,2.0
4623,1.0
4624,2.0
4625,2.0
4626,2.0
4627,1.0
4628,2.0
4629,2.0
4630,2.0
4631,1.0
4632,2.0
4633,1.0
4634,2.0
4635,2.0
4636,2.0
4637,2.0
4638,2.0
4639,2.0
4640,2.0
4641,1.0
4642,2.0
4643,1.0
4644,2.0
4645,2.0
4646,2.0
4647,1.0
4648,2.0
4649,2.0
4650,1.0
4651,1.0
4652,1.0
4653,2.0
4654,1.0
4655,1.0
4656,1.0
4657,1.0
4658,2.0
4659,1.0
4660,1.0
4661,2.0
4662,1.0
4663,2.0
4664,2.0
4665,2.0
4666,2.0
4667,2.0
4668,2.0
4669,2.0
4670,1.0
4671,2.0
4672,2.0
4673,2.0
4674,1.0
4675,1.0
4676,2.0
4677,2.0
4678,1.0
4679,2.0
4680,2.0
4681,2.0
4682,2.0
4683,1.0
4684,2.0
4685,2.0
4686,1.0
4687,1.0
4688,1.0
4689,2.0
4690,1.0
4691,2.0
4692,1.0
4693,2.0
4694,1.0
4695,2.0
4696,1.0
4697,2.0
4698,2.0
4699,1.0
4700,2.0
4701,1.0
4702,1.0
4703,2.0
4704,2.0
4705,1.0
4706,2.0
4707,1.0
4708,2.0
4709,2.0
4710,2.0
4711,2.0
4712,2.0
4713,2.0
4714,2.0
4715,1.0
4716,1.0
4717,1.0
4718,1.0
4719,2.0
4720,2.0
4721,2.0
4722,2.0
4723,2.0
4724,1.0
4725,2.0
4726,2.0
4727,2.0
4728,2.0
4729,2.0
4730,2.0
4731,1.0
4732,2.0
4733,2.0
4734,2.0
4735,2.0
4736,2.0
4737,2.0
4738,1.0
4739,2.0
4740,2.0
4741,2.0
4742,1.0
4743,1.0
4744,2.0
4745,1.0
4746,1.0
4747,2.0
4748,2.0
4749,1.0
4750,2.0
4751,1.0
4752,1.0
4753,2.0
4754,1.0
4755,1.0
4756,1.0
4757,1.0
4758,2.0
4759,2.0
4760,2.0
4761,2.0
4762,1.0
4763,2.0
4764,1.0
4765,2.0
4766,2.0
4767,2.0
4768,1.0
4769,2.0
4770,2.0
4771,2.0
4772,1.0
4773,2.0
4774,1.0
4775,2.0
4776,2.0
4777,2.0
4778,2.0
4779,2.0
4780,2.0
4781,2.0
4782,1.0
4783,2.0
4784,2.0
4785,1.0
4786,1.0
4787,1.0
4788,1.0
4789,1.0
4790,2.0
4791,2.0
4792,1.0
4793,2.0
4794,2.0
4795,2.0
4796,2.0
4797,2.0
4798,2.0
4799,2.0
4800,1.0
4801,2.0
4802,2.0
4803,2.0
4804,1.0
4805,2.0
4806,2.0
4807,1.0
4808,1.0
4809,2.0
4810,2.0
4811,2.0
4812,2.0
4813,2.0
4814,2.0
4815,2.0
4816,2.0
4817,2.0
4818,2.0
4819,2.0
4820,1.0
4821,1.0
4822,2.0
4823,2.0
4824,1.0
4825,2.0
4826,2.0
4827,2.0
4828,2.0
4829,2.0
4830,2.0
4831,2.0
4832,2.0
4833,2.0
4834,2.0
4835,2.0
4836,2.0
4837,2.0
4838,2.0
4839,2.0
4840,2.0
4841,1.0
4842,2.0
4843,1.0
4844,2.0
4845,1.0
4846,1.0
4847,2.0
4848,2.0
4849,1.0
4850,2.0
4851,2.0
4852,2.0
4853,2.0
4854,2.0
4855,2.0
4856,2.0
4857,1.0
4858,1.0
4859,2.0
4860,1.0
4861,2.0
4862,1.0
4863,1.0
4864,2.0
4865,1.0
4866,2.0
4867,2.0
4868,2.0
4869,2.0
4870,1.0
4871,1.0
4872,2.0
4873,1.0
4874,1.0
4875,2.0
4876,2.0
4877,2.0
4878,1.0
4879,1.0
4880,2.0
4881,1.0
4882,1.0
4883,2.0
4884,2.0
4885,1.0
4886,2.0
4887,1.0
4888,2.0
4889,2.0
4890,2.0
4891,1.0
4892,2.0
4893,1.0
4894,1.0
4895,1.0
4896,1.0
4897,2.0
4898,2.0
4899,1.0
4900,2.0
4901,2.0
4902,1.0
4903,2.0
4904,1.0
4905,2.0
4906,1.0
4907,1.0
4908,2.0
4909,1.0
4910,1.0
4911,2.0
4912,1.0
4913,2.0
4914,1.0
4915,2.0
4916,1.0
4917,1.0
4918,2.0
4919,2.0
4920,2.0
4921,2.0
4922,2.0
4923,2.0
4924,2.0
4925,2.0
4926,2.0
4927,2.0
4928,2.0
4929,1.0
4930,2.0
4931,2.0
4932,2.0
4933,1.0
4934,1.0
4935,2.0
4936,2.0
4937,2.0
4938,2.0
4939,2.0
4940,2.0
4941,1.0
4942,1.0
4943,2.0
4944,1.0
4945,1.0
4946,1.0
4947,2.0
4948,1.0
4949,1.0
4950,2.0
4951,2.0
4952,2.0
4953,1.0
4954,2.0
4955,2.0
4956,2.0
4957,1.0
4958,2.0
4959,2.0
4960,1.0
4961,2.0
4962,1.0
4963,2.0
4964,1.0
4965,1.0
4966,1.0
4967,1.0
4968,2.0
4969,2.0
4970,2.0
4971,2.0
4972,2.0
4973,2.0
4974,1.0
4975,2.0
4976,1.0
4977,1.0
4978,1.0
4979,1.0
4980,2.0
4981,2.0
4982,2.0
4983,2.0
4984,2.0
4985,1.0
4986,2.0
4987,2.0
4988,2.0
4989,1.0
4990,2.0
4991,1.0
4992,2.0
4993,2.0
4994,1.0
4995,1.0
4996,1.0
4997,2.0
4998,1.0
4999,1.0
5000,1.0
5001,2.0
5002,2.0
5003,2.0
5004,1.0
5005,1.0
5006,2.0
5007,2.0
5008,1.0
5009,2.0
5010,1.0
5011,1.0
5012,1.0
5013,2.0
5014,1.0
5015,2.0
5016,1.0
5017,1.0
5018,2.0
5019,1.0
5020,2.0
5021,2.0
5022,2.0
5023,2.0
5024,1.0
5025,2.0
5026,1.0
5027,1.0
5028,1.0
5029,1.0
5030,2.0
5031,1.0
5032,2.0
5033,2.0
5034,1.0
5035,2.0
5036,1.0
5037,2.0
5038,1.0
5039,2.0
5040,1.0
5041,2.0
5042,2.0
5043,2.0
5044,2.0
5045,2.0
5046,2.0
5047,2.0
5048,2.0
5049,2.0
5050,2.0
5051,2.0
5052,1.0
5053,1.0
5054,1.0
5055,2.0
5056,2.0
5057,2.0
5058,1.0
5059,1.0
5060,2.0
5061,1.0
5062,1.0
5063,2.0
5064,1.0
5065,2.0
5066,2.0
5067,2.0
5068,1.0
5069,1.0
5070,2.0
5071,2.0
5072,1.0
5073,1.0
5074,1.0
5075,2.0
5076,2.0
5077,1.0
5078,2.0
5079,2.0
5080,2.0
5081,2.0
5082,2.0
5083,1.0
5084,1.0
5085,2.0
5086,1.0
5087,2.0
5088,2.0
5089,2.0
5090,2.0
5091,2.0
5092,1.0
5093,2.0
5094,2.0
5095,2.0
5096,2.0
5097,1.0
5098,1.0
5099,1.0
5100,1.0
5101,2.0
5102,2.0
5103,2.0
5104,2.0
5105,2.0
5106,2.0
5107,2.0
5108,2.0
5109,2.0
5110,2.0
5111,2.0
5112,2.0
5113,2.0
5114,2.0
5115,2.0
5116,2.0
5117,2.0
5118,2.0
5119,2.0
5120,2.0
5121,1.0
5122,2.0
5123,2.0
5124,2.0
5125,2.0
5126,1.0
5127,1.0
5128,2.0
5129,2.0
5130,2.0
5131,1.0
5132,2.0
5133,2.0
5134,2.0
5135,2.0
5136,1.0
5137,2.0
5138,2.0
5139,1.0
5140,2.0
5141,1.0
5142,1.0
5143,1.0
5144,1.0
5145,2.0
5146,2.0
5147,2.0
5148,2.0
5149,2.0
5150,1.0
5151,2.0
5152,1.0
5153,2.0
5154,1.0
5155,1.0
5156,2.0
5157,1.0
5158,2.0
5159,2.0
5160,2.0
5161,2.0
5162,2.0
5163,2.0
5164,1.0
5165,1.0
5166,2.0
5167,2.0
5168,2.0
5169,1.0
5170,2.0
5171,2.0
5172,1.0
5173,1.0
5174,2.0
5175,2.0
5176,1.0
5177,2.0
5178,1.0
5179,2.0
5180,2.0
5181,1.0
5182,2.0
5183,2.0
5184,2.0
5185,1.0
5186,2.0
5187,2.0
5188,2.0
5189,2.0
5190,2.0
5191,1.0
5192,1.0
5193,2.0
5194,2.0
5195,1.0
5196,1.0
5197,2.0
5198,2.0
5199,1.0
5200,2.0
5201,1.0
5202,2.0
5203,2.0
5204,2.0
5205,2.0
5206,2.0
5207,2.0
5208,1.0
5209,1.0
5210,2.0
5211,2.0
5212,1.0
5213,1.0
5214,2.0
5215,2.0
5216,2.0
5217,1.0
5218,1.0
5219,2.0
5220,2.0
5221,2.0
5222,2.0
5223,2.0
5224,1.0
5225,2.0
5226,1.0
5227,1.0
5228,1.0
5229,1.0
5230,2.0
5231,1.0
5232,2.0
5233,1.0
5234,1.0
5235,2.0
5236,2.0
5237,2.0
5238,1.0
5239,2.0
5240,2.0
5241,1.0
5242,1.0
5243,2.0
5244,1.0
5245,1.0
5246,2.0
5247,2.0
5248,1.0
5249,1.0
5250,1.0
5251,2.0
5252,2.0
5253,2.0
5254,2.0
5255,2.0
5256,1.0
5257,1.0
5258,1.0
5259,2.0
5260,1.0
5261,2.0
5262,2.0
5263,1.0
5264,2.0
5265,2.0
5266,2.0
5267,2.0
5268,2.0
5269,2.0
5270,2.0
5271,2.0
5272,2.0
5273,2.0
5274,2.0
5275,2.0
5276,1.0
5277,1.0
5278,2.0
5279,1.0
5280,2.0
5281,2.0
5282,2.0
5283,1.0
5284,2.0
5285,1.0
5286,1.0
5287,2.0
5288,1.0
5289,2.0
5290,2.0
5291,1.0
5292,2.0
5293,2.0
5294,1.0
5295,1.0
5296,2.0
5297,2.0
5298,2.0
5299,1.0
5300,2.0
5301,2.0
5302,2.0
5303,2.0
5304,1.0
5305,2.0
5306,1.0
5307,2.0
5308,2.0
5309,1.0
5310,1.0
5311,2.0
5312,2.0
5313,2.0
5314,2.0
5315,1.0
5316,2.0
5317,2.0
5318,1.0
5319,2.0
5320,1.0
5321,1.0
5322,2.0
5323,1.0
5324,2.0
5325,2.0
5326,1.0
5327,2.0
5328,1.0
5329,2.0
5330,2.0
5331,2.0
5332,2.0
5333,2.0
5334,2.0
5335,2.0
5336,1.0
5337,1.0
5338,2.0
5339,2.0
5340,1.0
5341,2.0
5342,2.0
5343,2.0
5344,2.0
5345,2.0
5346,2.0
5347,2.0
5348,1.0
5349,2.0
5350,2.0
5351,1.0
5352,2.0
5353,1.0
5354,2.0
5355,1.0
5356,2.0
5357,2.0
5358,2.0
5359,1.0
5360,2.0
5361,2.0
5362,2.0
5363,1.0
5364,2.0
5365,2.0
5366,1.0
5367,1.0
5368,2.0
5369,1.0
5370,2.0
5371,1.0
5372,2.0
5373,2.0
5374,1.0
5375,2.0
5376,2.0
5377,1.0
5378,1.0
5379,2.0
5380,1.0
5381,2.0
5382,2.0
5383,1.0
5384,1.0
5385,2.0
5386,2.0
5387,2.0
5388,1.0
5389,2.0
5390,1.0
5391,2.0
5392,2.0
5393,2.0
5394,2.0
5395,2.0
5396,2.0
5397,2.0
5398,1.0
5399,2.0
5400,1.0
5401,2.0
5402,2.0
5403,2.0
5404,2.0
5405,2.0
5406,1.0
5407,1.0
5408,2.0
5409,2.0
5410,2.0
5411,2.0
5412,1.0
5413,1.0
5414,2.0
5415,2.0
5416,2.0
5417,2.0
5418,1.0
5419,2.0
5420,1.0
5421,2.0
5422,2.0
5423,2.0
5424,1.0
5425,1.0
5426,1.0
5427,2.0
5428,2.0
5429,1.0
5430,1.0
5431,2.0
5432,2.0
5433,1.0
5434,1.0
5435,1.0
5436,2.0
5437,2.0
5438,2.0
5439,1.0
5440,1.0
5441,2.0
5442,2.0
5443,2.0
5444,1.0
5445,2.0
5446,1.0
5447,1.0
5448,2.0
5449,2.0
5450,2.0
5451,2.0
5452,2.0
5453,2.0
5454,2.0
5455,2.0
5456,2.0
5457,2.0
5458,2.0
5459,1.0
5460,2.0
5461,1.0
5462,2.0
5463,1.0
5464,1.0
5465,1.0
5466,2.0
5467,1.0
5468,1.0
5469,2.0
5470,2.0
5471,2.0
5472,1.0
5473,1.0
5474,2.0
5475,1.0
5476,2.0
5477,2.0
5478,2.0
5479,1.0
5480,2.0
5481,2.0
5482,1.0
5483,1.0
5484,2.0
5485,1.0
5486,1.0
5487,2.0
5488,1.0
5489,2.0
5490,2.0
5491,2.0
5492,1.0
5493,2.0
5494,2.0
5495,1.0
5496,2.0
5497,1.0
5498,1.0
5499,1.0
5500,1.0
5501,2.0
5502,1.0
5503,1.0
5504,2.0
5505,2.0
5506,1.0
5507,2.0
5508,1.0
5509,2.0
5510,1.0
5511,2.0
5512,2.0
5513,2.0
5514,2.0
5515,2.0
5516,2.0
5517,2.0
5518,2.0
5519,2.0
5520,2.0
5521,2.0
5522,2.0
5523,1.0
5524,2.0
5525,2.0
5526,2.0
5527,1.0
5528,2.0
5529,1.0
5530,2.0
5531,2.0
5532,2.0
5533,2.0
5534,1.0
5535,2.0
5536,1.0
5537,1.0
5538,1.0
5539,2.0
5540,2.0
5541,2.0
5542,1.0
5543,2.0
5544,2.0
5545,2.0
5546,2.0
5547,2.0
5548,1.0
5549,2.0
5550,2.0
5551,1.0
5552,2.0
5553,2.0
5554,2.0
5555,1.0
5556,1.0
5557,2.0
5558,1.0
5559,1.0
5560,1.0
5561,2.0
5562,2.0
5563,1.0
5564,2.0
5565,2.0
5566,2.0
5567,2.0
5568,1.0
5569,2.0
5570,1.0
5571,2.0
5572,2.0
5573,1.0
5574,2.0
5575,2.0
5576,1.0
5577,2.0
5578,2.0
5579,2.0
5580,2.0
5581,1.0
5582,2.0
5583,1.0
5584,1.0
5585,1.0
5586,1.0
5587,1.0
5588,2.0
5589,2.0
5590,2.0
5591,2.0
5592,2.0
5593,2.0
5594,2.0
5595,1.0
5596,2.0
5597,2.0
5598,1.0
5599,2.0
5600,2.0
5601,2.0
5602,2.0
5603,2.0
5604,2.0
5605,2.0
5606,1.0
5607,2.0
5608,2.0
5609,2.0
5610,2.0
5611,2.0
5612,1.0
5613,1.0
5614,2.0
5615,2.0
5616,1.0
5617,2.0
5618,2.0
5619,1.0
5620,2.0
5621,1.0
5622,2.0
5623,2.0
5624,2.0
5625,1.0
5626,1.0
5627,2.0
5628,2.0
5629,2.0
5630,2.0
5631,2.0
5632,2.0
5633,2.0
5634,2.0
5635,2.0
5636,2.0
5637,1.0
5638,2.0
5639,1.0
5640,1.0
5641,2.0
5642,2.0
5643,2.0
5644,2.0
5645,1.0
5646,1.0
5647,2.0
5648,2.0
5649,2.0
5650,1.0
5651,2.0
5652,2.0
5653,2.0
5654,2.0
5655,1.0
5656,1.0
5657,2.0
5658,1.0
5659,2.0
5660,2.0
5661,2.0
5662,2.0
5663,1.0
5664,2.0
5665,2.0
5666,2.0
5667,1.0
5668,1.0
5669,1.0
5670,2.0
5671,2.0
5672,2.0
5673,1.0
5674,2.0
5675,1.0
5676,2.0
5677,1.0
5678,2.0
5679,2.0
5680,2.0
5681,2.0
5682,2.0
5683,2.0
5684,2.0
5685,2.0
5686,1.0
5687,2.0
5688,2.0
5689,1.0
5690,2.0
5691,2.0
5692,2.0
5693,2.0
5694,2.0
5695,2.0
5696,2.0
5697,2.0
5698,1.0
5699,2.0
5700,1.0
5701,2.0
5702,2.0
5703,2.0
5704,1.0
5705,1.0
5706,2.0
5707,2.0
5708,2.0
5709,1.0
5710,2.0
5711,1.0
5712,2.0
5713,2.0
5714,2.0
5715,1.0
5716,2.0
5717,2.0
5718,2.0
5719,1.0
5720,2.0
5721,1.0
5722,2.0
5723,2.0
5724,2.0
5725,1.0
5726,2.0
5727,1.0
5728,2.0
5729,2.0
5730,2.0
5731,2.0
5732,2.0
5733,2.0
5734,1.0
5735,1.0
5736,2.0
5737,1.0
5738,1.0
5739,2.0
5740,2.0
5741,2.0
5742,1.0
5743,1.0
5744,2.0
5745,1.0
5746,2.0
5747,1.0
5748,1.0
5749,2.0
5750,2.0
5751,2.0
5752,2.0
5753,1.0
5754,1.0
5755,1.0
5756,2.0
5757,2.0
5758,1.0
5759,1.0
5760,1.0
5761,2.0
5762,1.0
5763,2.0
5764,1.0
5765,2.0
5766,1.0
5767,2.0
5768,2.0
5769,2.0
5770,2.0
5771,2.0
5772,2.0
5773,2.0
5774,1.0
5775,2.0
5776,2.0
5777,2.0
5778,2.0
5779,2.0
5780,2.0
5781,1.0
5782,1.0
5783,1.0
5784,2.0
5785,1.0
5786,2.0
5787,2.0
5788,2.0
5789,1.0
5790,2.0
5791,1.0
5792,2.0
5793,1.0
5794,2.0
5795,2.0
5796,2.0
5797,2.0
5798,1.0
5799,2.0
5800,2.0
5801,1.0
5802,2.0
5803,1.0
5804,1.0
5805,2.0
5806,2.0
5807,2.0
5808,2.0
5809,2.0
5810,2.0
5811,1.0
5812,1.0
5813,1.0
5814,1.0
5815,1.0
5816,2.0
5817,2.0
5818,2.0
5819,2.0
5820,2.0
5821,1.0
5822,2.0
5823,2.0
5824,1.0
5825,1.0
5826,2.0
5827,2.0
5828,1.0
5829,1.0
5830,2.0
5831,2.0
5832,2.0
5833,2.0
5834,1.0
5835,1.0
5836,1.0
5837,2.0
5838,2.0
5839,2.0
5840,1.0
5841,1.0
5842,1.0
5843,2.0
5844,2.0
5845,2.0
5846,2.0
5847,1.0
5848,2.0
5849,2.0
5850,2.0
5851,2.0
5852,2.0
5853,2.0
5854,2.0
5855,1.0
5856,1.0
5857,2.0
5858,2.0
5859,2.0
5860,2.0
5861,2.0
5862,2.0
5863,2.0
5864,1.0
5865,2.0
5866,2.0
5867,2.0
5868,1.0
5869,2.0
5870,1.0
5871,1.0
5872,1.0
5873,2.0
5874,2.0
5875,1.0
5876,2.0
5877,1.0
5878,2.0
5879,1.0
5880,2.0
5881,1.0
5882,2.0
5883,2.0
5884,2.0
5885,1.0
5886,2.0
5887,2.0
5888,2.0
5889,2.0
5890,2.0
5891,2.0
5892,1.0
5893,1.0
5894,2.0
5895,1.0
5896,2.0
5897,2.0
5898,2.0
5899,2.0
5900,1.0
5901,2.0
5902,2.0
5903,2.0
5904,2.0
5905,2.0
5906,2.0
5907,2.0
5908,2.0
5909,2.0
5910,2.0
5911,1.0
5912,2.0
5913,1.0
5914,2.0
5915,1.0
5916,2.0
5917,2.0
5918,1.0
5919,2.0
5920,1.0
5921,2.0
5922,2.0
5923,2.0
5924,2.0
5925,2.0
5926,2.0
5927,2.0
5928,1.0
5929,1.0
5930,1.0
5931,2.0
5932,2.0
5933,1.0
5934,1.0
5935,2.0
5936,1.0
5937,2.0
5938,2.0
5939,2.0
5940,1.0
5941,2.0
5942,2.0
5943,2.0
5944,2.0
5945,1.0
5946,2.0
5947,2.0
5948,2.0
5949,2.0
5950,2.0
5951,2.0
5952,2.0
5953,1.0
5954,1.0
5955,2.0
5956,1.0
5957,2.0
5958,2.0
5959,2.0
5960,2.0
5961,1.0
5962,2.0
5963,2.0
5964,1.0
5965,2.0
5966,1.0
5967,1.0
5968,1.0
5969,2.0
5970,2.0
5971,1.0
5972,1.0
5973,2.0
5974,2.0
5975,2.0
5976,1.0
5977,2.0
5978,2.0
5979,1.0
5980,2.0
5981,2.0
5982,2.0
5983,1.0
5984,2.0
5985,1.0
5986,2.0
5987,1.0
5988,2.0
5989,1.0
5990,2.0
5991,1.0
5992,2.0
5993,1.0
5994,2.0
5995,2.0
5996,2.0
5997,2.0
5998,2.0
5999,2.0
6000,1.0
6001,1.0
6002,2.0
6003,1.0
6004,2.0
6005,2.0
6006,1.0
6007,1.0
6008,2.0
6009,2.0
6010,2.0
6011,2.0
6012,1.0
6013,2.0
6014,2.0
6015,2.0
6016,2.0
6017,1.0
6018,1.0
6019,2.0
6020,2.0
6021,1.0
6022,2.0
6023,1.0
6024,2.0
6025,2.0
6026,2.0
6027,2.0
6028,2.0
6029,2.0
6030,1.0
6031,2.0
6032,2.0
6033,2.0
6034,1.0
6035,2.0
6036,2.0
6037,2.0
6038,2.0
6039,2.0
6040,1.0
6041,2.0
6042,2.0
6043,1.0
6044,1.0
6045,2.0
6046,2.0
6047,2.0
6048,1.0
6049,1.0
6050,1.0
6051,2.0
6052,2.0
6053,2.0
6054,1.0
6055,1.0
6056,2.0
6057,1.0
6058,1.0
6059,1.0
6060,2.0
6061,1.0
6062,2.0
6063,2.0
6064,1.0
6065,2.0
6066,1.0
6067,2.0
6068,1.0
6069,1.0
6070,1.0
6071,1.0
6072,1.0
6073,2.0
6074,1.0
6075,1.0
6076,2.0
6077,2.0
6078,2.0
6079,1.0
6080,1.0
6081,2.0
6082,1.0
6083,2.0
6084,2.0
6085,1.0
6086,1.0
6087,2.0
6088,1.0
6089,1.0
6090,2.0
6091,2.0
6092,1.0
6093,1.0
6094,1.0
6095,2.0
6096,2.0
6097,2.0
6098,2.0
6099,1.0
6100,2.0
6101,1.0
6102,2.0
6103,2.0
6104,1.0
6105,1.0
6106,1.0
6107,2.0
6108,2.0
6109,2.0
6110,1.0
6111,1.0
6112,2.0
6113,2.0
6114,2.0
6115,2.0
6116,2.0
6117,2.0
6118,2.0
6119,2.0
6120,1.0
6121,2.0
6122,1.0
6123,2.0
6124,2.0
6125,2.0
6126,2.0
6127,2.0
6128,2.0
6129,1.0
6130,1.0
6131,1.0
6132,1.0
6133,2.0
6134,2.0
6135,2.0
6136,2.0
6137,2.0
6138,1.0
6139,1.0
6140,2.0
6141,2.0
6142,2.0
6143,1.0
6144,2.0
6145,2.0
6146,1.0
6147,2.0
6148,2.0
6149,1.0
6150,1.0
6151,2.0
6152,1.0
6153,2.0
6154,1.0
6155,1.0
6156,2.0
6157,1.0
6158,1.0
6159,1.0
6160,1.0
6161,2.0
6162,1.0
6163,1.0
6164,1.0
6165,1.0
6166,1.0
6167,2.0
6168,2.0
6169,2.0
6170,2.0
6171,2.0
6172,2.0
6173,2.0
6174,2.0
6175,2.0
6176,1.0
6177,1.0
6178,2.0
6179,1.0
6180,2.0
6181,1.0
6182,2.0
6183,1.0
6184,2.0
6185,1.0
6186,1.0
6187,2.0
6188,2.0
6189,2.0
6190,2.0
6191,2.0
6192,2.0
6193,2.0
6194,2.0
6195,1.0
6196,2.0
6197,2.0
6198,1.0
6199,1.0
6200,1.0
6201,2.0
6202,1.0
6203,2.0
6204,1.0
6205,2.0
6206,2.0
6207,2.0
6208,2.0
6209,2.0
6210,2.0
6211,2.0
6212,2.0
6213,2.0
6214,2.0
6215,2.0
6216,2.0
6217,1.0
6218,2.0
6219,2.0
6220,1.0
6221,1.0
6222,2.0
6223,2.0
6224,1.0
6225,2.0
6226,1.0
6227,2.0
6228,2.0
6229,2.0
6230,1.0
6231,2.0
6232,2.0
6233,1.0
6234,2.0
6235,2.0
6236,1.0
6237,2.0
6238,2.0
6239,2.0
6240,1.0
6241,2.0
6242,2.0
6243,2.0
6244,2.0
6245,2.0
6246,2.0
6247,2.0
6248,1.0
6249,2.0
6250,2.0
6251,2.0
6252,2.0
6253,2.0
6254,2.0
6255,1.0
6256,2.0
6257,2.0
6258,2.0
6259,2.0
6260,2.0
6261,2.0
6262,1.0
6263,1.0
6264,2.0
6265,2.0
6266,2.0
6267,1.0
6268,2.0
6269,1.0
6270,2.0
6271,1.0
6272,2.0
6273,1.0
6274,2.0
6275,1.0
6276,1.0
6277,1.0
6278,2.0
6279,2.0
6280,2.0
6281,1.0
6282,2.0
6283,1.0
6284,2.0
6285,2.0
6286,2.0
6287,1.0
6288,2.0
6289,2.0
6290,2.0
6291,2.0
6292,2.0
6293,2.0
6294,2.0
6295,2.0
6296,1.0
6297,1.0
6298,2.0
6299,2.0
6300,2.0
6301,2.0
6302,1.0
6303,2.0
6304,1.0
6305,2.0
6306,2.0
6307,2.0
6308,1.0
6309,2.0
6310,1.0
6311,2.0
6312,1.0
6313,2.0
6314,1.0
6315,2.0
6316,2.0
6317,1.0
6318,2.0
6319,1.0
6320,2.0
6321,2.0
6322,1.0
6323,1.0
6324,2.0
6325,2.0
6326,1.0
6327,2.0
6328,2.0
6329,1.0
6330,2.0
6331,1.0
6332,2.0
6333,1.0
6334,1.0
6335,2.0
6336,2.0
6337,1.0
6338,2.0
6339,2.0
6340,1.0
6341,2.0
6342,1.0
6343,2.0
6344,2.0
6345,2.0
6346,1.0
6347,2.0
6348,2.0
6349,2.0
6350,2.0
6351,2.0
6352,2.0
6353,2.0
6354,2.0
6355,2.0
6356,2.0
6357,1.0
6358,2.0
6359,1.0
6360,1.0
6361,2.0
6362,2.0
6363,1.0
6364,2.0
6365,2.0
6366,2.0
6367,1.0
6368,2.0
6369,2.0
6370,2.0
6371,2.0
6372,1.0
6373,2.0
6374,2.0
6375,2.0
6376,2.0
6377,2.0
6378,2.0
6379,1.0
6380,2.0
6381,2.0
6382,1.0
6383,2.0
6384,2.0
6385,1.0
6386,1.0
6387,2.0
6388,2.0
6389,1.0
6390,2.0
6391,2.0
6392,1.0
6393,2.0
6394,1.0
6395,2.0
6396,1.0
6397,1.0
6398,2.0
6399,1.0
6400,1.0
6401,2.0
6402,1.0
6403,2.0
6404,1.0
6405,1.0
6406,1.0
6407,2.0
6408,2.0
6409,2.0
6410,2.0
6411,2.0
6412,2.0
6413,1.0
6414,1.0
6415,2.0
6416,2.0
6417,1.0
6418,2.0
6419,1.0
6420,2.0
6421,1.0
