trip_id,location_id
1,203
2,113
3,229
4,246
5,234
6,163
7,142
8,233
9,162
10,263
11,262
12,50
13,234
14,166
15,143
16,246
17,68
18,107
19,161
20,161
21,75
22,238
23,138
24,161
25,137
26,100
27,234
28,137
29,168
30,28
31,162
32,143
33,230
34,48
35,236
36,161
37,142
38,248
39,163
40,236
41,138
42,239
43,236
44,249
45,255
46,90
47,141
48,170
49,236
50,142
51,236
52,264
53,230
54,249
55,238
56,170
57,246
58,246
59,144
60,138
61,229
62,237
63,100
64,140
65,229
66,265
67,206
68,114
69,33
70,144
71,224
72,234
73,75
74,140
75,162
76,13
77,112
78,198
79,230
80,198
81,238
82,100
83,230
84,236
85,230
86,236
87,164
88,222
89,151
90,191
91,236
92,163
93,48
94,249
95,236
96,230
97,68
98,140
99,142
100,75
101,229
102,264
103,68
104,158
105,100
106,163
107,87
108,141
109,263
110,239
111,229
112,164
113,141
114,230
115,246
116,42
117,48
118,13
119,24
120,132
121,87
122,7
123,262
124,140
125,234
126,66
127,140
128,161
129,140
130,87
131,236
132,161
133,140
134,137
135,13
136,233
137,41
138,236
139,48
140,68
141,164
142,262
143,42
144,162
145,48
146,141
147,79
148,141
149,142
150,163
151,61
152,113
153,162
154,143
155,263
156,234
157,151
158,100
159,243
160,48
161,161
162,113
163,137
164,238
165,237
166,236
167,107
168,151
169,45
170,231
171,107
172,43
173,229
174,170
175,164
176,125
177,50
178,238
179,142
180,230
181,107
182,135
183,231
184,181
185,161
186,249
187,163
188,234
189,230
190,68
191,237
192,162
193,246
194,163
195,48
196,107
197,162
198,170
199,238
200,161
201,41
202,163
203,158
204,233
205,48
206,75
207,233
208,263
209,132
210,249
211,79
212,260
213,90
214,151
215,230
216,116
217,229
218,100
219,161
220,234
221,230
222,166
223,143
224,261
225,237
226,50
227,65
228,239
229,237
230,164
231,74
232,141
233,263
234,237
235,107
236,195
237,48
238,162
239,138
240,236
241,239
242,162
243,141
244,42
245,48
246,161
247,231
248,236
249,161
250,132
251,141
252,231
253,230
254,25
255,231
256,237
257,43
258,233
259,237
260,13
261,234
262,151
263,261
264,230
265,87
266,170
267,90
268,1
269,107
270,237
271,114
272,236
273,170
274,87
275,232
276,239
277,186
278,148
279,143
280,263
281,132
282,237
283,141
284,65
285,236
286,75
287,68
288,75
289,50
290,260
291,137
292,161
293,74
294,162
295,140
296,50
297,234
298,138
299,112
300,229
301,142
302,216
303,48
304,237
305,68
306,151
307,236
308,161
309,218
310,163
311,230
312,239
313,170
314,230
315,232
316,237
317,158
318,246
319,107
320,238
321,237
322,186
323,45
324,100
325,186
326,164
327,141
328,211
329,68
330,166
331,107
332,142
333,236
334,137
335,239
336,256
337,230
338,138
339,43
340,161
341,161
342,143
343,48
344,231
345,107
346,90
347,82
348,161
349,237
350,163
351,163
352,161
353,137
354,237
355,41
356,74
357,262
358,236
359,141
360,230
361,233
362,107
363,231
364,233
365,263
366,90
367,113
368,161
369,163
370,48
371,163
372,236
373,68
374,205
375,141
376,90
377,226
378,161
379,113
380,68
381,148
382,137
383,100
384,166
385,48
386,74
387,231
388,170
389,17
390,142
391,151
392,137
393,148
394,237
395,223
396,238
397,75
398,163
399,75
400,113
401,90
402,246
403,48
404,238
405,116
406,157
407,90
408,166
409,75
410,246
411,230
412,90
413,229
414,233
415,263
416,48
417,181
418,211
419,48
420,90
421,141
422,141
423,10
424,170
425,142
426,141
427,76
428,234
429,238
430,79
431,237
432,162
433,161
434,243
435,264
436,236
437,162
438,66
439,234
440,163
441,237
442,238
443,65
444,144
445,13
446,249
447,249
448,45
449,170
450,263
451,161
452,246
453,100
454,66
455,142
456,234
457,100
458,142
459,125
460,79
461,163
462,148
463,236
464,127
465,238
466,161
467,211
468,170
469,164
470,224
471,249
472,142
473,114
474,163
475,143
476,231
477,162
478,209
479,231
480,181
481,75
482,236
483,257
484,161
485,237
486,116
487,236
488,75
489,249
490,158
491,140
492,141
493,237
494,229
495,246
496,238
497,164
498,239
499,249
500,236
501,243
502,230
503,224
504,68
505,97
506,158
507,133
508,234
509,144
510,238
511,100
512,142
513,246
514,107
515,231
516,161
517,48
518,238
519,161
520,113
521,132
522,50
523,233
524,161
525,68
526,113
527,263
528,100
529,231
530,164
531,234
532,132
533,246
534,4
535,140
536,230
537,100
538,161
539,249
540,48
541,234
542,79
543,261
544,48
545,244
546,170
547,231
548,41
549,186
550,13
551,234
552,142
553,37
554,107
555,141
556,161
557,43
558,163
559,239
560,186
561,68
562,79
563,141
564,68
565,162
566,202
567,234
568,236
569,162
570,238
571,76
572,79
573,113
574,237
575,234
576,170
577,129
578,43
579,238
580,239
581,1
582,75
583,141
584,170
585,41
586,170
587,186
588,48
589,74
590,138
591,138
592,142
593,90
594,37
595,238
596,161
597,169
598,13
599,234
600,142
601,263
602,48
603,13
604,239
605,43
606,230
607,164
608,141
609,262
610,162
611,162
612,50
613,186
614,43
615,48
616,142
617,151
618,223
619,141
620,166
621,229
622,161
623,79
624,163
625,246
626,236
627,237
628,41
629,87
630,229
631,97
632,137
633,132
634,90
635,144
636,262
637,50
638,141
639,56
640,151
641,141
642,66
643,161
644,143
645,50
646,48
647,144
648,237
649,79
650,159
651,164
652,236
653,142
654,74
655,234
656,65
657,186
658,79
659,144
660,142
661,114
662,141
663,158
664,137
665,140
666,164
667,236
668,233
669,170
670,209
671,107
672,162
673,100
674,230
675,238
676,132
677,25
678,170
679,263
680,256
681,234
682,75
683,43
684,257
685,140
686,186
687,239
688,230
689,236
690,113
691,48
692,189
693,163
694,144
695,68
696,152
697,264
698,48
699,141
700,25
701,163
702,48
703,233
704,186
705,233
706,236
707,263
708,229
709,228
710,249
711,48
712,238
713,238
714,137
715,236
716,186
717,238
718,158
719,186
720,142
721,170
722,161
723,162
724,170
725,229
726,88
727,107
728,66
729,239
730,48
731,33
732,234
733,229
734,42
735,163
736,262
737,161
738,140
739,48
740,48
741,24
742,231
743,163
744,142
745,239
746,162
747,141
748,226
749,162
750,236
751,233
752,137
753,234
754,186
755,163
756,244
757,140
758,48
759,161
760,229
761,66
762,68
763,148
764,236
765,186
766,186
767,230
768,239
769,236
770,236
771,163
772,255
773,161
774,231
775,142
776,50
777,45
778,233
779,163
780,234
781,234
782,239
783,141
784,48
785,93
786,186
787,236
788,90
789,138
790,230
791,236
792,142
793,161
794,236
795,211
796,137
797,163
798,262
799,68
800,24
801,166
802,161
803,229
804,161
805,186
806,88
807,141
808,43
809,236
810,228
811,142
812,48
813,229
814,87
815,236
816,113
817,230
818,211
819,237
820,113
821,75
822,90
823,50
824,114
825,163
826,141
827,113
828,186
829,137
830,186
831,238
832,238
833,137
834,142
835,163
836,48
837,239
838,50
839,90
840,140
841,112
842,90
843,181
844,238
845,246
846,140
847,140
848,33
849,263
850,79
851,79
852,246
853,236
854,140
855,142
856,232
857,48
858,132
859,236
860,170
861,48
862,75
863,239
864,113
865,141
866,148
867,164
868,236
869,132
870,239
871,249
872,107
873,68
874,90
875,163
876,232
877,75
878,170
879,158
880,237
881,211
882,138
883,79
884,230
885,229
886,233
887,170
888,25
889,135
890,243
891,80
892,238
893,69
894,233
895,230
896,237
897,243
898,158
899,141
900,236
901,237
902,233
903,166
904,48
905,186
906,50
907,142
908,162
909,113
910,231
911,24
912,140
913,237
914,151
915,164
916,55
917,232
918,263
919,107
920,229
921,142
922,45
923,140
924,237
925,164
926,87
927,164
928,186
929,188
930,79
931,158
932,100
933,232
934,237
935,119
936,90
937,162
938,231
939,169
940,90
941,141
942,238
943,246
944,237
945,88
946,232
947,246
948,88
949,158
950,230
951,48
952,162
953,148
954,157
955,68
956,179
957,236
958,148
959,50
960,249
961,239
962,246
963,262
964,68
965,170
966,211
967,48
968,170
969,239
970,132
971,163
972,170
973,48
974,188
975,164
976,68
977,138
978,113
979,162
980,161
981,162
982,75
983,236
984,249
985,90
986,79
987,87
988,230
989,141
990,79
991,107
992,164
993,74
994,134
995,140
996,162
997,237
998,50
999,236
1000,237
1001,230
1002,230
1003,238
1004,79
1005,114
1006,236
1007,237
1008,50
1009,79
1010,107
1011,246
1012,163
1013,170
1014,237
1015,142
1016,186
1017,263
1018,142
1019,239
1020,48
1021,249
1022,4
1023,229
1024,238
1025,231
1026,162
1027,79
1028,141
1029,48
1030,52
1031,82
1032,263
1033,236
1034,68
1035,161
1036,79
1037,90
1038,246
1039,237
1040,230
1041,75
1042,252
1043,236
1044,236
1045,164
1046,236
1047,163
1048,141
1049,162
1050,211
1051,213
1052,90
1053,231
1054,186
1055,48
1056,216
1057,79
1058,230
1059,246
1060,236
1061,50
1062,161
1063,87
1064,114
1065,246
1066,141
1067,32
1068,43
1069,142
1070,262
1071,48
1072,246
1073,42
1074,224
1075,138
1076,233
1077,137
1078,234
1079,164
1080,90
1081,233
1082,236
1083,158
1084,164
1085,13
1086,236
1087,141
1088,263
1089,142
1090,237
1091,100
1092,75
1093,239
1094,263
1095,236
1096,79
1097,143
1098,236
1099,164
1100,145
1101,236
1102,137
1103,233
1104,142
1105,143
1106,87
1107,236
1108,230
1109,249
1110,237
1111,166
1112,263
1113,229
1114,234
1115,88
1116,137
1117,125
1118,68
1119,191
1120,249
1121,88
1122,68
1123,263
1124,68
1125,107
1126,238
1127,100
1128,142
1129,236
1130,249
1131,68
1132,234
1133,130
1134,246
1135,239
1136,237
1137,163
1138,158
1139,236
1140,161
1141,140
1142,140
1143,164
1144,162
1145,137
1146,163
1147,100
1148,263
1149,42
1150,233
1151,68
1152,236
1153,68
1154,79
1155,234
1156,230
1157,140
1158,161
1159,48
1160,161
1161,113
1162,186
1163,186
1164,163
1165,229
1166,114
1167,90
1168,116
1169,237
1170,186
1171,100
1172,107
1173,162
1174,68
1175,163
1176,231
1177,90
1178,265
1179,31
1180,142
1181,162
1182,75
1183,170
1184,229
1185,233
1186,161
1187,230
1188,138
1189,79
1190,48
1191,125
1192,90
1193,100
1194,79
1195,237
1196,7
1197,170
1198,74
1199,48
1200,162
1201,262
1202,164
1203,262
1204,43
1205,237
1206,138
1207,237
1208,264
1209,170
1210,162
1211,48
1212,186
1213,137
1214,79
1215,236
1216,125
1217,186
1218,74
1219,144
1220,43
1221,163
1222,170
1223,90
1224,93
1225,87
1226,234
1227,181
1228,114
1229,246
1230,141
1231,13
1232,137
1233,237
1234,237
1235,141
1236,232
1237,33
1238,237
1239,68
1240,107
1241,79
1242,43
1243,114
1244,233
1245,148
1246,170
1247,162
1248,237
1249,236
1250,186
1251,114
1252,162
1253,238
1254,90
1255,140
1256,263
1257,161
1258,52
1259,79
1260,243
1261,256
1262,50
1263,90
1264,100
1265,234
1266,170
1267,163
1268,231
1269,48
1270,43
1271,114
1272,170
1273,114
1274,234
1275,202
1276,87
1277,137
1278,170
1279,170
1280,263
1281,48
1282,236
1283,148
1284,79
1285,239
1286,223
1287,143
1288,234
1289,151
1290,43
1291,186
1292,151
1293,230
1294,239
1295,138
1296,238
1297,164
1298,87
1299,262
1300,65
1301,161
1302,230
1303,49
1304,237
1305,263
1306,137
1307,48
1308,234
1309,237
1310,148
1311,113
1312,161
1313,68
1314,43
1315,233
1316,231
1317,13
1318,224
1319,234
1320,231
1321,143
1322,163
1323,164
1324,79
1325,68
1326,234
1327,143
1328,14
1329,186
1330,163
1331,236
1332,234
1333,113
1334,87
1335,164
1336,161
1337,237
1338,234
1339,42
1340,237
1341,264
1342,107
1343,24
1344,211
1345,170
1346,142
1347,234
1348,48
1349,162
1350,163
1351,237
1352,148
1353,68
1354,233
1355,137
1356,48
1357,170
1358,237
1359,164
1360,142
1361,166
1362,93
1363,239
1364,236
1365,237
1366,234
1367,68
1368,263
1369,239
1370,140
1371,234
1372,90
1373,163
1374,237
1375,151
1376,264
1377,140
1378,264
1379,237
1380,161
1381,90
1382,68
1383,141
1384,48
1385,256
1386,234
1387,249
1388,233
1389,7
1390,186
1391,170
1392,48
1393,170
1394,68
1395,186
1396,74
1397,141
1398,163
1399,170
1400,262
1401,262
1402,48
1403,170
1404,68
1405,142
1406,151
1407,132
1408,75
1409,141
1410,249
1411,233
1412,237
1413,237
1414,138
1415,137
1416,161
1417,249
1418,142
1419,230
1420,142
1421,186
1422,236
1423,129
1424,162
1425,211
1426,87
1427,88
1428,107
1429,48
1430,229
1431,41
1432,74
1433,33
1434,148
1435,48
1436,137
1437,163
1438,170
1439,230
1440,170
1441,143
1442,42
1443,125
1444,161
1445,231
1446,236
1447,33
1448,161
1449,234
1450,249
1451,48
1452,74
1453,68
1454,132
1455,48
1456,50
1457,238
1458,151
1459,234
1460,237
1461,230
1462,237
1463,112
1464,107
1465,166
1466,146
1467,137
1468,141
1469,239
1470,48
1471,230
1472,68
1473,158
1474,79
1475,211
1476,79
1477,141
1478,143
1479,100
1480,234
1481,140
1482,237
1483,170
1484,164
1485,249
1486,158
1487,13
1488,181
1489,42
1490,181
1491,162
1492,137
1493,162
1494,186
1495,13
1496,75
1497,263
1498,141
1499,236
1500,13
1501,186
1502,148
1503,117
1504,186
1505,237
1506,239
1507,230
1508,164
1509,138
1510,68
1511,163
1512,75
1513,58
1514,238
1515,236
1516,114
1517,234
1518,170
1519,237
1520,170
1521,138
1522,217
1523,107
1524,4
1525,223
1526,242
1527,236
1528,170
1529,36
1530,48
1531,10
1532,163
1533,144
1534,142
1535,153
1536,161
1537,140
1538,237
1539,163
1540,138
1541,162
1542,223
1543,79
1544,141
1545,233
1546,41
1547,236
1548,170
1549,237
1550,181
1551,13
1552,42
1553,230
1554,79
1555,68
1556,164
1557,170
1558,264
1559,233
1560,162
1561,246
1562,90
1563,161
1564,234
1565,170
1566,164
1567,79
1568,232
1569,232
1570,163
1571,246
1572,148
1573,260
1574,151
1575,163
1576,107
1577,166
1578,87
1579,143
1580,249
1581,158
1582,237
1583,164
1584,141
1585,163
1586,50
1587,140
1588,141
1589,161
1590,263
1591,236
1592,90
1593,225
1594,163
1595,1
1596,166
1597,137
1598,170
1599,144
1600,236
1601,231
1602,162
1603,41
1604,170
1605,142
1606,141
1607,236
1608,262
1609,140
1610,236
1611,249
1612,170
1613,33
1614,141
1615,236
1616,68
1617,234
1618,144
1619,236
1620,137
1621,43
1622,234
1623,229
1624,79
1625,137
1626,145
1627,141
1628,236
1629,48
1630,90
1631,264
1632,237
1633,186
1634,113
1635,48
1636,186
1637,236
1638,114
1639,116
1640,152
1641,141
1642,143
1643,234
1644,114
1645,186
1646,211
1647,114
1648,230
1649,48
1650,68
1651,170
1652,48
1653,48
1654,237
1655,13
1656,170
1657,48
1658,164
1659,236
1660,161
1661,237
1662,230
1663,211
1664,132
1665,162
1666,238
1667,236
1668,142
1669,161
1670,246
1671,224
1672,74
1673,143
1674,237
1675,238
1676,148
1677,158
1678,264
1679,181
1680,237
1681,158
1682,263
1683,142
1684,48
1685,237
1686,238
1687,148
1688,144
1689,100
1690,161
1691,170
1692,239
1693,186
1694,158
1695,162
1696,142
1697,129
1698,141
1699,233
1700,166
1701,159
1702,142
1703,142
1704,231
1705,142
1706,107
1707,141
1708,260
1709,237
1710,158
1711,50
1712,233
1713,116
1714,170
1715,68
1716,162
1717,237
1718,186
1719,90
1720,50
1721,13
1722,236
1723,48
1724,231
1725,48
1726,145
1727,88
1728,186
1729,87
1730,234
1731,68
1732,107
1733,237
1734,79
1735,74
1736,236
1737,161
1738,41
1739,224
1740,140
1741,231
1742,138
1743,249
1744,90
1745,166
1746,164
1747,50
1748,186
1749,236
1750,48
1751,236
1752,163
1753,148
1754,170
1755,41
1756,246
1757,237
1758,170
1759,13
1760,13
1761,163
1762,229
1763,224
1764,170
1765,166
1766,114
1767,90
1768,237
1769,48
1770,48
1771,161
1772,164
1773,100
1774,163
1775,161
1776,89
1777,170
1778,246
1779,48
1780,170
1781,224
1782,100
1783,25
1784,138
1785,249
1786,141
1787,170
1788,24
1789,170
1790,100
1791,113
1792,264
1793,37
1794,162
1795,230
1796,144
1797,239
1798,236
1799,141
1800,243
1801,13
1802,238
1803,100
1804,114
1805,43
1806,263
1807,164
1808,79
1809,237
1810,170
1811,163
1812,237
1813,140
1814,238
1815,166
1816,143
1817,145
1818,170
1819,161
1820,218
1821,138
1822,48
1823,262
1824,234
1825,43
1826,107
1827,48
1828,162
1829,262
1830,113
1831,43
1832,186
1833,113
1834,170
1835,263
1836,88
1837,163
1838,107
1839,50
1840,158
1841,140
1842,239
1843,68
1844,114
1845,143
1846,133
1847,237
1848,237
1849,230
1850,41
1851,79
1852,262
1853,75
1854,106
1855,231
1856,48
1857,158
1858,243
1859,249
1860,186
1861,163
1862,79
1863,170
1864,237
1865,236
1866,237
1867,90
1868,140
1869,20
1870,236
1871,166
1872,238
1873,161
1874,142
1875,128
1876,237
1877,148
1878,79
1879,74
1880,87
1881,236
1882,24
1883,257
1884,141
1885,164
1886,162
1887,140
1888,107
1889,142
1890,163
1891,7
1892,246
1893,264
1894,246
1895,50
1896,263
1897,161
1898,107
1899,170
1900,262
1901,170
1902,189
1903,262
1904,90
1905,234
1906,39
1907,186
1908,142
1909,116
1910,181
1911,239
1912,170
1913,158
1914,100
1915,79
1916,75
1917,170
1918,230
1919,141
1920,138
1921,43
1922,113
1923,236
1924,90
1925,161
1926,48
1927,234
1928,106
1929,113
1930,142
1931,137
1932,238
1933,238
1934,107
1935,234
1936,164
1937,143
1938,236
1939,48
1940,163
1941,236
1942,107
1943,107
1944,142
1945,249
1946,41
1947,264
1948,239
1949,239
1950,54
1951,234
1952,237
1953,234
1954,4
1955,79
1956,238
1957,138
1958,229
1959,142
1960,262
1961,164
1962,238
1963,239
1964,140
1965,90
1966,186
1967,48
1968,230
1969,142
1970,151
1971,236
1972,90
1973,236
1974,48
1975,236
1976,236
1977,87
1978,90
1979,264
1980,79
1981,234
1982,264
1983,113
1984,163
1985,140
1986,114
1987,12
1988,28
1989,164
1990,239
1991,143
1992,170
1993,263
1994,234
1995,158
1996,50
1997,237
1998,142
1999,246
2000,152
2001,164
2002,140
2003,238
2004,265
2005,42
2006,100
2007,161
2008,48
2009,143
2010,161
2011,231
2012,48
2013,186
2014,161
2015,87
2016,263
2017,229
2018,264
2019,231
2020,145
2021,186
2022,236
2023,75
2024,186
2025,262
2026,237
2027,234
2028,163
2029,68
2030,142
2031,189
2032,249
2033,249
2034,161
2035,237
2036,143
2037,249
2038,75
2039,141
2040,42
2041,141
2042,107
2043,263
2044,170
2045,151
2046,237
2047,143
2048,252
2049,202
2050,244
2051,100
2052,43
2053,236
2054,79
2055,170
2056,113
2057,239
2058,87
2059,237
2060,238
2061,230
2062,164
2063,114
2064,256
2065,142
2066,88
2067,238
2068,239
2069,243
2070,163
2071,239
2072,186
2073,13
2074,68
2075,262
2076,48
2077,263
2078,186
2079,264
2080,141
2081,161
2082,140
2083,143
2084,140
2085,238
2086,87
2087,141
2088,43
2089,113
2090,164
2091,237
2092,246
2093,137
2094,114
2095,264
2096,97
2097,137
2098,43
2099,87
2100,107
2101,143
2102,162
2103,237
2104,230
2105,161
2106,74
2107,144
2108,237
2109,186
2110,166
2111,137
2112,140
2113,74
2114,236
2115,79
2116,148
2117,148
2118,141
2119,238
2120,116
2121,142
2122,107
2123,162
2124,233
2125,80
2126,68
2127,161
2128,163
2129,7
2130,107
2131,13
2132,186
2133,234
2134,161
2135,239
2136,234
2137,249
2138,43
2139,186
2140,211
2141,144
2142,168
2143,249
2144,48
2145,229
2146,62
2147,236
2148,238
2149,186
2150,44
2151,236
2152,140
2153,244
2154,262
2155,246
2156,140
2157,142
2158,262
2159,142
2160,50
2161,113
2162,162
2163,249
2164,138
2165,164
2166,114
2167,234
2168,229
2169,107
2170,230
2171,263
2172,230
2173,158
2174,141
2175,62
2176,162
2177,170
2178,162
2179,48
2180,249
2181,125
2182,238
2183,236
2184,232
2185,229
2186,162
2187,166
2188,100
2189,43
2190,164
2191,161
2192,234
2193,170
2194,163
2195,170
2196,158
2197,141
2198,239
2199,162
2200,117
2201,234
2202,48
2203,189
2204,161
2205,258
2206,237
2207,249
2208,49
2209,230
2210,261
2211,162
2212,244
2213,186
2214,114
2215,50
2216,90
2217,161
2218,249
2219,246
2220,14
2221,142
2222,239
2223,78
2224,263
2225,236
2226,236
2227,170
2228,244
2229,211
2230,140
2231,74
2232,263
2233,229
2234,237
2235,161
2236,70
2237,237
2238,113
2239,230
2240,90
2241,48
2242,178
2243,249
2244,80
2245,236
2246,164
2247,186
2248,66
2249,200
2250,162
2251,100
2252,231
2253,230
2254,164
2255,238
2256,68
2257,137
2258,144
2259,238
2260,48
2261,196
2262,74
2263,237
2264,249
2265,74
2266,238
2267,48
2268,141
2269,246
2270,148
2271,233
2272,239
2273,142
2274,264
2275,229
2276,162
2277,193
2278,161
2279,256
2280,162
2281,88
2282,246
2283,234
2284,237
2285,68
2286,100
2287,170
2288,50
2289,233
2290,137
2291,246
2292,141
2293,125
2294,263
2295,137
2296,249
2297,229
2298,237
2299,7
2300,163
2301,163
2302,141
2303,164
2304,107
2305,107
2306,75
2307,231
2308,170
2309,249
2310,230
2311,236
2312,233
2313,74
2314,79
2315,211
2316,220
2317,50
2318,107
2319,170
2320,211
2321,50
2322,256
2323,231
2324,233
2325,143
2326,265
2327,68
2328,48
2329,43
2330,90
2331,74
2332,264
2333,230
2334,79
2335,90
2336,107
2337,234
2338,249
2339,170
2340,170
2341,186
2342,161
2343,41
2344,129
2345,237
2346,36
2347,186
2348,239
2349,263
2350,265
2351,142
2352,170
2353,263
2354,163
2355,230
2356,170
2357,68
2358,234
2359,229
2360,140
2361,236
2362,162
2363,140
2364,229
2365,263
2366,13
2367,141
2368,13
2369,114
2370,142
2371,237
2372,193
2373,217
2374,148
2375,107
2376,142
2377,237
2378,143
2379,114
2380,229
2381,252
2382,107
2383,233
2384,144
2385,161
2386,230
2387,231
2388,170
2389,114
2390,170
2391,48
2392,161
2393,238
2394,186
2395,265
2396,157
2397,7
2398,236
2399,229
2400,79
2401,217
2402,162
2403,142
2404,249
2405,162
2406,170
2407,238
2408,164
2409,170
2410,162
2411,224
2412,79
2413,234
2414,162
2415,151
2416,68
2417,186
2418,107
2419,41
2420,141
2421,237
2422,90
2423,233
2424,230
2425,42
2426,246
2427,170
2428,237
2429,236
2430,239
2431,161
2432,142
2433,224
2434,234
2435,162
2436,162
2437,230
2438,236
2439,246
2440,238
2441,238
2442,237
2443,132
2444,233
2445,161
2446,170
2447,143
2448,142
2449,141
2450,161
2451,41
2452,13
2453,75
2454,231
2455,236
2456,166
2457,68
2458,230
2459,142
2460,88
2461,170
2462,263
2463,158
2464,263
2465,48
2466,162
2467,263
2468,50
2469,237
2470,161
2471,265
2472,141
2473,82
2474,164
2475,236
2476,162
2477,237
2478,161
2479,140
2480,234
2481,211
2482,236
2483,234
2484,186
2485,170
2486,100
2487,79
2488,263
2489,161
2490,79
2491,79
2492,142
2493,25
2494,164
2495,113
2496,234
2497,231
2498,161
2499,140
2500,107
2501,162
2502,79
2503,163
2504,234
2505,148
2506,26
2507,79
2508,68
2509,42
2510,263
2511,186
2512,170
2513,86
2514,74
2515,234
2516,143
2517,148
2518,162
2519,163
2520,157
2521,114
2522,234
2523,142
2524,183
2525,87
2526,170
2527,142
2528,236
2529,239
2530,249
2531,142
2532,238
2533,162
2534,170
2535,161
2536,68
2537,50
2538,229
2539,230
2540,263
2541,170
2542,162
2543,186
2544,132
2545,138
2546,246
2547,161
2548,151
2549,161
2550,163
2551,129
2552,42
2553,231
2554,48
2555,140
2556,239
2557,140
2558,161
2559,142
2560,113
2561,238
2562,163
2563,239
2564,236
2565,262
2566,79
2567,48
2568,129
2569,262
2570,41
2571,42
2572,100
2573,207
2574,97
2575,237
2576,161
2577,234
2578,231
2579,170
2580,261
2581,43
2582,237
2583,50
2584,162
2585,75
2586,162
2587,166
2588,132
2589,234
2590,237
2591,162
2592,139
2593,42
2594,113
2595,186
2596,143
2597,237
2598,107
2599,264
2600,163
2601,142
2602,7
2603,229
2604,262
2605,186
2606,229
2607,75
2608,162
2609,231
2610,41
2611,7
2612,138
2613,236
2614,90
2615,142
2616,48
2617,132
2618,237
2619,244
2620,158
2621,236
2622,263
2623,170
2624,141
2625,263
2626,236
2627,237
2628,186
2629,163
2630,43
2631,88
2632,249
2633,186
2634,230
2635,140
2636,142
2637,48
2638,113
2639,137
2640,163
2641,252
2642,237
2643,230
2644,237
2645,246
2646,263
2647,138
2648,68
2649,158
2650,186
2651,90
2652,75
2653,211
2654,42
2655,237
2656,75
2657,236
2658,164
2659,162
2660,238
2661,239
2662,238
2663,255
2664,236
2665,186
2666,230
2667,238
2668,249
2669,210
2670,141
2671,230
2672,68
2673,233
2674,234
2675,162
2676,75
2677,186
2678,142
2679,162
2680,162
2681,143
2682,262
2683,161
2684,234
2685,166
2686,234
2687,236
2688,142
2689,140
2690,186
2691,48
2692,238
2693,164
2694,249
2695,48
2696,68
2697,74
2698,239
2699,26
2700,161
2701,100
2702,90
2703,142
2704,113
2705,234
2706,68
2707,68
2708,164
2709,161
2710,76
2711,263
2712,140
2713,211
2714,186
2715,161
2716,138
2717,107
2718,170
2719,195
2720,163
2721,142
2722,144
2723,138
2724,231
2725,263
2726,116
2727,164
2728,164
2729,89
2730,230
2731,233
2732,236
2733,238
2734,237
2735,50
2736,114
2737,233
2738,244
2739,233
2740,263
2741,142
2742,49
2743,170
2744,138
2745,189
2746,43
2747,236
2748,170
2749,236
2750,237
2751,233
2752,141
2753,158
2754,43
2755,76
2756,68
2757,162
2758,170
2759,114
2760,249
2761,107
2762,68
2763,246
2764,129
2765,162
2766,263
2767,164
2768,239
2769,170
2770,236
2771,143
2772,230
2773,145
2774,238
2775,33
2776,262
2777,162
2778,263
2779,226
2780,264
2781,113
2782,148
2783,264
2784,246
2785,68
2786,234
2787,43
2788,162
2789,138
2790,148
2791,163
2792,232
2793,162
2794,246
2795,163
2796,232
2797,249
2798,200
2799,144
2800,246
2801,246
2802,239
2803,162
2804,164
2805,231
2806,262
2807,141
2808,236
2809,141
2810,113
2811,29
2812,142
2813,230
2814,68
2815,249
2816,249
2817,236
2818,233
2819,179
2820,186
2821,261
2822,246
2823,114
2824,249
2825,140
2826,238
2827,239
2828,148
2829,48
2830,164
2831,48
2832,50
2833,246
2834,155
2835,48
2836,161
2837,114
2838,236
2839,237
2840,75
2841,79
2842,170
2843,79
2844,263
2845,170
2846,246
2847,246
2848,234
2849,138
2850,211
2851,107
2852,143
2853,234
2854,162
2855,163
2856,229
2857,236
2858,75
2859,114
2860,141
2861,265
2862,50
2863,7
2864,144
2865,231
2866,161
2867,132
2868,262
2869,90
2870,148
2871,186
2872,75
2873,164
2874,230
2875,66
2876,68
2877,7
2878,262
2879,151
2880,227
2881,163
2882,61
2883,170
2884,231
2885,162
2886,161
2887,90
2888,170
2889,141
2890,264
2891,186
2892,170
2893,166
2894,262
2895,246
2896,144
2897,263
2898,238
2899,43
2900,238
2901,230
2902,161
2903,170
2904,238
2905,163
2906,140
2907,263
2908,230
2909,66
2910,141
2911,36
2912,237
2913,161
2914,138
2915,263
2916,236
2917,113
2918,87
2919,211
2920,100
2921,137
2922,70
2923,233
2924,170
2925,237
2926,162
2927,79
2928,162
2929,246
2930,239
2931,75
2932,137
2933,161
2934,79
2935,263
2936,87
2937,161
2938,161
2939,151
2940,186
2941,234
2942,234
2943,233
2944,239
2945,65
2946,140
2947,249
2948,249
2949,50
2950,79
2951,68
2952,140
2953,246
2954,141
2955,75
2956,234
2957,113
2958,162
2959,136
2960,230
2961,48
2962,236
2963,79
2964,116
2965,246
2966,211
2967,145
2968,262
2969,230
2970,229
2971,230
2972,238
2973,161
2974,238
2975,230
2976,79
2977,238
2978,48
2979,234
2980,230
2981,224
2982,237
2983,68
2984,137
2985,162
2986,151
2987,144
2988,161
2989,162
2990,237
2991,100
2992,162
2993,170
2994,151
2995,239
2996,140
2997,151
2998,263
2999,163
3000,170
3001,161
3002,142
3003,107
3004,161
3005,148
3006,163
3007,90
3008,162
3009,66
3010,237
3011,142
3012,141
3013,142
3014,239
3015,79
3016,162
3017,239
3018,113
3019,138
3020,205
3021,234
3022,230
3023,170
3024,234
3025,238
3026,196
3027,229
3028,144
3029,13
3030,138
3031,116
3032,229
3033,237
3034,234
3035,138
3036,231
3037,162
3038,211
3039,237
3040,170
3041,68
3042,237
3043,142
3044,246
3045,161
3046,90
3047,161
3048,230
3049,236
3050,161
3051,114
3052,186
3053,137
3054,161
3055,233
3056,143
3057,230
3058,238
3059,246
3060,135
3061,238
3062,48
3063,237
3064,239
3065,79
3066,90
3067,142
3068,75
3069,224
3070,79
3071,66
3072,236
3073,229
3074,164
3075,229
3076,164
3077,211
3078,236
3079,228
3080,170
3081,234
3082,141
3083,13
3084,161
3085,88
3086,90
3087,246
3088,236
3089,114
3090,143
3091,148
3092,48
3093,193
3094,265
3095,140
3096,230
3097,239
3098,142
3099,48
3100,170
3101,142
3102,162
3103,138
3104,69
3105,141
3106,186
3107,163
3108,50
3109,142
3110,151
3111,239
3112,263
3113,232
3114,75
3115,170
3116,162
3117,152
3118,148
3119,237
3120,230
3121,107
3122,161
3123,68
3124,234
3125,140
3126,246
3127,233
3128,90
3129,161
3130,90
3131,186
3132,141
3133,170
3134,141
3135,237
3136,100
3137,163
3138,50
3139,161
3140,107
3141,107
3142,68
3143,141
3144,161
3145,158
3146,262
3147,163
3148,146
3149,138
3150,158
3151,140
3152,141
3153,141
3154,236
3155,41
3156,236
3157,100
3158,143
3159,162
3160,246
3161,43
3162,170
3163,231
3164,162
3165,163
3166,261
3167,74
3168,74
3169,237
3170,50
3171,262
3172,141
3173,50
3174,137
3175,236
3176,107
3177,262
3178,239
3179,146
3180,161
3181,236
3182,87
3183,233
3184,90
3185,161
3186,164
3187,236
3188,161
3189,152
3190,48
3191,68
3192,238
3193,41
3194,265
3195,183
3196,140
3197,75
3198,164
3199,161
3200,100
3201,239
3202,13
3203,236
3204,236
3205,33
3206,143
3207,87
3208,125
3209,236
3210,162
3211,236
3212,231
3213,237
3214,229
3215,238
3216,170
3217,138
3218,45
3219,141
3220,246
3221,230
3222,238
3223,148
3224,211
3225,162
3226,75
3227,24
3228,236
3229,127
3230,41
3231,237
3232,79
3233,170
3234,152
3235,107
3236,141
3237,261
3238,158
3239,186
3240,186
3241,137
3242,237
3243,237
3244,263
3245,79
3246,145
3247,182
3248,113
3249,140
3250,140
3251,249
3252,237
3253,162
3254,236
3255,237
3256,162
3257,234
3258,170
3259,161
3260,236
3261,79
3262,236
3263,83
3264,90
3265,48
3266,13
3267,142
3268,263
3269,88
3270,230
3271,107
3272,234
3273,113
3274,41
3275,237
3276,161
3277,106
3278,230
3279,161
3280,230
3281,92
3282,79
3283,262
3284,231
3285,138
3286,79
3287,90
3288,4
3289,50
3290,246
3291,148
3292,249
3293,236
3294,163
3295,163
3296,48
3297,233
3298,178
3299,262
3300,230
3301,260
3302,87
3303,90
3304,246
3305,264
3306,7
3307,237
3308,170
3309,90
3310,231
3311,141
3312,107
3313,227
3314,68
3315,229
3316,107
3317,211
3318,17
3319,41
3320,234
3321,233
3322,137
3323,161
3324,68
3325,249
3326,256
3327,55
3328,90
3329,48
3330,141
3331,68
3332,170
3333,142
3334,265
3335,249
3336,237
3337,126
3338,24
3339,140
3340,239
3341,1
3342,137
3343,48
3344,246
3345,48
3346,137
3347,263
3348,234
3349,162
3350,237
3351,238
3352,237
3353,239
3354,255
3355,113
3356,249
3357,233
3358,233
3359,141
3360,224
3361,186
3362,141
3363,41
3364,164
3365,170
3366,114
3367,238
3368,161
3369,170
3370,141
3371,263
3372,141
3373,143
3374,186
3375,142
3376,149
3377,163
3378,141
3379,42
3380,188
3381,231
3382,237
3383,7
3384,48
3385,237
3386,232
3387,238
3388,170
3389,83
3390,234
3391,229
3392,41
3393,161
3394,161
3395,234
3396,246
3397,263
3398,161
3399,41
3400,229
3401,237
3402,234
3403,219
3404,166
3405,163
3406,161
3407,229
3408,188
3409,141
3410,170
3411,75
3412,100
3413,107
3414,114
3415,93
3416,13
3417,138
3418,197
3419,186
3420,43
3421,237
3422,43
3423,170
3424,79
3425,132
3426,116
3427,148
3428,186
3429,162
3430,116
3431,107
3432,48
3433,264
3434,238
3435,170
3436,162
3437,234
3438,125
3439,162
3440,151
3441,61
3442,246
3443,170
3444,236
3445,238
3446,161
3447,114
3448,161
3449,163
3450,68
3451,161
3452,138
3453,209
3454,238
3455,237
3456,113
3457,237
3458,48
3459,87
3460,142
3461,233
3462,141
3463,113
3464,82
3465,68
3466,237
3467,161
3468,249
3469,141
3470,68
3471,79
3472,4
3473,233
3474,125
3475,143
3476,162
3477,230
3478,148
3479,80
3480,88
3481,141
3482,151
3483,246
3484,48
3485,132
3486,233
3487,141
3488,48
3489,262
3490,161
3491,161
3492,138
3493,79
3494,140
3495,246
3496,263
3497,113
3498,230
3499,211
3500,25
3501,229
3502,138
3503,137
3504,100
3505,249
3506,237
3507,125
3508,238
3509,49
3510,223
3511,239
3512,237
3513,90
3514,239
3515,161
3516,7
3517,239
3518,48
3519,113
3520,163
3521,236
3522,238
3523,236
3524,138
3525,162
3526,148
3527,262
3528,166
3529,142
3530,48
3531,65
3532,238
3533,107
3534,161
3535,145
3536,129
3537,237
3538,262
3539,236
3540,229
3541,161
3542,170
3543,79
3544,186
3545,229
3546,74
3547,100
3548,138
3549,255
3550,211
3551,79
3552,151
3553,161
3554,186
3555,229
3556,230
3557,148
3558,236
3559,263
3560,125
3561,236
3562,68
3563,239
3564,162
3565,162
3566,137
3567,249
3568,234
3569,166
3570,229
3571,170
3572,186
3573,246
3574,68
3575,233
3576,197
3577,76
3578,90
3579,162
3580,164
3581,263
3582,229
3583,43
3584,256
3585,238
3586,186
3587,233
3588,236
3589,237
3590,145
3591,141
3592,200
3593,107
3594,233
3595,234
3596,24
3597,230
3598,170
3599,141
3600,246
3601,141
3602,234
3603,234
3604,233
3605,226
3606,223
3607,48
3608,161
3609,249
3610,13
3611,140
3612,140
3613,45
3614,229
3615,41
3616,113
3617,50
3618,151
3619,211
3620,244
3621,193
3622,162
3623,90
3624,158
3625,229
3626,68
3627,68
3628,236
3629,237
3630,41
3631,141
3632,164
3633,255
3634,238
3635,236
3636,33
3637,113
3638,143
3639,43
3640,229
3641,246
3642,233
3643,161
3644,237
3645,164
3646,162
3647,170
3648,163
3649,79
3650,100
3651,186
3652,50
3653,148
3654,239
3655,107
3656,236
3657,261
3658,239
3659,162
3660,166
3661,237
3662,140
3663,37
3664,100
3665,50
3666,170
3667,236
3668,170
3669,79
3670,138
3671,262
3672,107
3673,186
3674,162
3675,138
3676,107
3677,142
3678,230
3679,68
3680,161
3681,233
3682,74
3683,79
3684,68
3685,162
3686,79
3687,113
3688,24
3689,90
3690,114
3691,249
3692,129
3693,238
3694,229
3695,43
3696,71
3697,50
3698,144
3699,161
3700,209
3701,10
3702,100
3703,239
3704,237
3705,179
3706,163
3707,141
3708,79
3709,230
3710,239
3711,74
3712,121
3713,140
3714,137
3715,249
3716,237
3717,239
3718,181
3719,48
3720,234
3721,68
3722,238
3723,142
3724,231
3725,7
3726,114
3727,48
3728,75
3729,93
3730,236
3731,140
3732,1
3733,264
3734,138
3735,144
3736,232
3737,162
3738,146
3739,90
3740,50
3741,237
3742,163
3743,158
3744,161
3745,114
3746,246
3747,161
3748,234
3749,162
3750,236
3751,48
3752,164
3753,246
3754,236
3755,230
3756,162
3757,137
3758,162
3759,173
3760,233
3761,145
3762,140
3763,137
3764,229
3765,107
3766,234
3767,230
3768,48
3769,232
3770,263
3771,230
3772,209
3773,107
3774,230
3775,229
3776,262
3777,75
3778,236
3779,237
3780,230
3781,230
3782,79
3783,239
3784,68
3785,68
3786,263
3787,107
3788,141
3789,68
3790,249
3791,142
3792,68
3793,164
3794,170
3795,246
3796,230
3797,74
3798,166
3799,237
3800,234
3801,114
3802,186
3803,138
3804,224
3805,246
3806,161
3807,263
3808,113
3809,107
3810,230
3811,230
3812,263
3813,19
3814,90
3815,170
3816,162
3817,234
3818,140
3819,238
3820,148
3821,140
3822,263
3823,33
3824,143
3825,170
3826,263
3827,226
3828,48
3829,229
3830,42
3831,163
3832,48
3833,230
3834,163
3835,161
3836,125
3837,158
3838,164
3839,236
3840,90
3841,113
3842,236
3843,125
3844,148
3845,107
3846,141
3847,220
3848,142
3849,1
3850,162
3851,224
3852,48
3853,236
3854,142
3855,224
3856,237
3857,43
3858,45
3859,186
3860,36
3861,186
3862,186
3863,161
3864,75
3865,261
3866,237
3867,170
3868,13
3869,231
3870,239
3871,42
3872,237
3873,261
3874,230
3875,68
3876,140
3877,249
3878,161
3879,141
3880,229
3881,262
3882,68
3883,74
3884,263
3885,255
3886,236
3887,224
3888,224
3889,143
3890,161
3891,263
3892,68
3893,170
3894,164
3895,236
3896,24
3897,144
3898,164
3899,43
3900,234
3901,48
3902,236
3903,24
3904,233
3905,234
3906,186
3907,144
3908,25
3909,164
3910,132
3911,148
3912,129
3913,75
3914,79
3915,170
3916,231
3917,114
3918,230
3919,166
3920,230
3921,142
3922,48
3923,236
3924,234
3925,168
3926,100
3927,239
3928,170
3929,140
3930,230
3931,48
3932,167
3933,142
3934,186
3935,229
3936,62
3937,161
3938,236
3939,141
3940,229
3941,161
3942,163
3943,90
3944,113
3945,90
3946,141
3947,100
3948,125
3949,33
3950,79
3951,231
3952,142
3953,236
3954,237
3955,43
3956,239
3957,151
3958,224
3959,263
3960,164
3961,138
3962,107
3963,43
3964,43
3965,161
3966,142
3967,137
3968,161
3969,138
3970,79
3971,229
3972,161
3973,138
3974,239
3975,237
3976,231
3977,151
3978,107
3979,75
3980,100
3981,161
3982,142
3983,142
3984,229
3985,158
3986,162
3987,162
3988,43
3989,233
3990,230
3991,231
3992,151
3993,151
3994,234
3995,162
3996,162
3997,162
3998,114
3999,262
4000,33
4001,161
4002,186
4003,113
4004,170
4005,90
4006,163
4007,229
4008,129
4009,13
4010,90
4011,163
4012,237
4013,224
4014,239
4015,230
4016,230
4017,186
4018,166
4019,4
4020,236
4021,234
4022,4
4023,137
4024,143
4025,79
4026,257
4027,233
4028,143
4029,237
4030,7
4031,233
4032,137
4033,140
4034,90
4035,145
4036,132
4037,262
4038,107
4039,234
4040,144
4041,211
4042,50
4043,236
4044,87
4045,100
4046,43
4047,141
4048,161
4049,61
4050,140
4051,262
4052,141
4053,140
4054,163
4055,231
4056,238
4057,132
4058,75
4059,79
4060,164
4061,142
4062,148
4063,186
4064,7
4065,237
4066,170
4067,48
4068,255
4069,141
4070,186
4071,239
4072,68
4073,163
4074,236
4075,158
4076,48
4077,162
4078,132
4079,249
4080,43
4081,226
4082,230
4083,141
4084,13
4085,140
4086,162
4087,79
4088,137
4089,236
4090,138
4091,141
4092,137
4093,238
4094,263
4095,260
4096,170
4097,163
4098,170
4099,234
4100,24
4101,170
4102,161
4103,161
4104,142
4105,114
4106,237
4107,239
4108,170
4109,87
4110,246
4111,163
4112,68
4113,230
4114,68
4115,234
4116,249
4117,238
4118,163
4119,237
4120,7
4121,234
4122,74
4123,246
4124,255
4125,236
4126,229
4127,158
4128,107
4129,100
4130,237
4131,25
4132,158
4133,230
4134,164
4135,100
4136,142
4137,161
4138,143
4139,93
4140,226
4141,151
4142,48
4143,232
4144,13
4145,170
4146,239
4147,246
4148,165
4149,114
4150,236
4151,237
4152,1
4153,48
4154,237
4155,141
4156,230
4157,236
4158,142
4159,158
4160,239
4161,229
4162,137
4163,238
4164,116
4165,170
4166,161
4167,114
4168,50
4169,236
4170,48
4171,144
4172,262
4173,114
4174,143
4175,234
4176,90
4177,79
4178,79
4179,237
4180,141
4181,237
4182,143
4183,264
4184,163
4185,48
4186,161
4187,90
4188,239
4189,246
4190,114
4191,249
4192,161
4193,148
4194,142
4195,164
4196,75
4197,45
4198,236
4199,80
4200,236
4201,224
4202,238
4203,142
4204,68
4205,162
4206,233
4207,50
4208,163
4209,263
4210,263
4211,138
4212,162
4213,100
4214,107
4215,114
4216,151
4217,48
4218,233
4219,50
4220,79
4221,161
4222,90
4223,66
4224,138
4225,186
4226,230
4227,141
4228,256
4229,234
4230,249
4231,148
4232,61
4233,161
4234,137
4235,237
4236,231
4237,238
4238,161
4239,49
4240,92
4241,74
4242,236
4243,239
4244,68
4245,164
4246,186
4247,116
4248,186
4249,231
4250,74
4251,264
4252,87
4253,246
4254,263
4255,186
4256,141
4257,237
4258,138
4259,237
4260,79
4261,236
4262,246
4263,223
4264,141
4265,230
4266,141
4267,237
4268,181
4269,229
4270,262
4271,170
4272,262
4273,142
4274,107
4275,231
4276,263
4277,261
4278,140
4279,107
4280,234
4281,163
4282,100
4283,42
4284,170
4285,7
4286,243
4287,163
4288,233
4289,231
4290,230
4291,233
4292,90
4293,100
4294,161
4295,107
4296,48
4297,75
4298,181
4299,239
4300,68
4301,144
4302,186
4303,142
4304,263
4305,43
4306,163
4307,141
4308,161
4309,254
4310,68
4311,262
4312,263
4313,234
4314,236
4315,127
4316,68
4317,236
4318,162
4319,164
4320,152
4321,230
4322,1
4323,142
4324,113
4325,141
4326,262
4327,100
4328,74
4329,13
4330,264
4331,48
4332,79
4333,186
4334,146
4335,262
4336,170
4337,158
4338,164
4339,48
4340,93
4341,164
4342,262
4343,41
4344,170
4345,148
4346,43
4347,93
4348,24
4349,249
4350,37
4351,90
4352,161
4353,186
4354,89
4355,113
4356,236
4357,162
4358,138
4359,229
4360,186
4361,186
4362,234
4363,163
4364,142
4365,43
4366,237
4367,237
4368,229
4369,141
4370,90
4371,138
4372,75
4373,249
4374,50
4375,107
4376,140
4377,79
4378,168
4379,239
4380,230
4381,107
4382,263
4383,229
4384,261
4385,162
4386,163
4387,100
4388,263
4389,148
4390,237
4391,161
4392,236
4393,239
4394,79
4395,151
4396,170
4397,246
4398,140
4399,236
4400,43
4401,140
4402,237
4403,249
4404,163
4405,168
4406,186
4407,163
4408,238
4409,237
4410,141
4411,50
4412,148
4413,236
4414,236
4415,148
4416,238
4417,90
4418,107
4419,48
4420,263
4421,239
4422,230
4423,164
4424,170
4425,43
4426,161
4427,13
4428,262
4429,230
4430,170
4431,186
4432,236
4433,145
4434,48
4435,209
4436,237
4437,100
4438,143
4439,107
4440,162
4441,144
4442,140
4443,170
4444,48
4445,113
4446,137
4447,42
4448,161
4449,230
4450,163
4451,24
4452,236
4453,138
4454,170
4455,125
4456,148
4457,42
4458,68
4459,151
4460,177
4461,238
4462,140
4463,145
4464,68
4465,244
4466,68
4467,148
4468,138
4469,229
4470,211
4471,79
4472,166
4473,107
4474,186
4475,236
4476,220
4477,142
4478,234
4479,239
4480,24
4481,166
4482,231
4483,158
4484,262
4485,41
4486,162
4487,170
4488,233
4489,175
4490,161
4491,140
4492,230
4493,161
4494,164
4495,68
4496,75
4497,239
4498,234
4499,164
4500,28
4501,48
4502,162
4503,161
4504,75
4505,170
4506,229
4507,90
4508,230
4509,164
4510,236
4511,230
4512,141
4513,90
4514,161
4515,246
4516,262
4517,264
4518,202
4519,225
4520,263
4521,50
4522,107
4523,140
4524,164
4525,166
4526,161
4527,141
4528,79
4529,72
4530,233
4531,163
4532,68
4533,263
4534,246
4535,262
4536,107
4537,141
4538,166
4539,162
4540,229
4541,68
4542,45
4543,237
4544,140
4545,262
4546,113
4547,237
4548,163
4549,113
4550,162
4551,144
4552,87
4553,234
4554,234
4555,137
4556,170
4557,144
4558,170
4559,151
4560,234
4561,186
4562,231
4563,264
4564,114
4565,140
4566,68
4567,238
4568,79
4569,186
4570,7
4571,80
4572,208
4573,186
4574,42
4575,238
4576,100
4577,148
4578,100
4579,237
4580,162
4581,13
4582,170
4583,161
4584,137
4585,87
4586,107
4587,43
4588,161
4589,246
4590,143
4591,132
4592,247
4593,51
4594,236
4595,107
4596,234
4597,48
4598,186
4599,141
4600,230
4601,141
4602,114
4603,151
4604,236
4605,170
4606,238
4607,238
4608,79
4609,141
4610,230
4611,141
4612,170
4613,61
4614,170
4615,229
4616,233
4617,262
4618,113
4619,263
4620,107
4621,236
4622,43
4623,234
4624,236
4625,142
4626,262
4627,143
4628,263
4629,161
4630,107
4631,68
4632,230
4633,75
4634,261
4635,143
4636,48
4637,100
4638,262
4639,236
4640,239
4641,144
4642,231
4643,238
4644,68
4645,236
4646,229
4647,229
4648,231
4649,137
4650,238
4651,170
4652,143
4653,100
4654,144
4655,170
4656,132
4657,107
4658,163
4659,114
4660,161
4661,181
4662,141
4663,237
4664,237
4665,100
4666,158
4667,170
4668,158
4669,163
4670,262
4671,142
4672,246
4673,163
4674,170
4675,41
4676,121
4677,193
4678,158
4679,142
4680,132
4681,141
4682,48
4683,137
4684,68
4685,75
4686,143
4687,232
4688,263
4689,82
4690,163
4691,230
4692,87
4693,170
4694,162
4695,186
4696,100
4697,13
4698,48
4699,256
4700,230
4701,239
4702,90
4703,230
4704,142
4705,265
4706,237
4707,236
4708,234
4709,75
4710,158
4711,236
4712,75
4713,186
4714,237
4715,68
4716,230
4717,166
4718,236
4719,79
4720,231
4721,163
4722,13
4723,79
4724,236
4725,68
4726,229
4727,150
4728,87
4729,236
4730,62
4731,141
4732,262
4733,233
4734,163
4735,262
4736,161
4737,161
4738,163
4739,236
4740,141
4741,100
4742,107
4743,186
4744,239
4745,87
4746,263
4747,211
4748,142
4749,143
4750,181
4751,246
4752,13
4753,87
4754,233
4755,140
4756,186
4757,142
4758,229
4759,43
4760,166
4761,230
4762,79
4763,100
4764,113
4765,170
4766,246
4767,239
4768,246
4769,4
4770,141
4771,140
4772,116
4773,239
4774,164
4775,163
4776,234
4777,231
4778,163
4779,161
4780,79
4781,142
4782,236
4783,232
4784,236
4785,141
4786,211
4787,261
4788,230
4789,144
4790,186
4791,142
4792,230
4793,246
4794,246
4795,239
4796,262
4797,143
4798,170
4799,151
4800,246
4801,264
4802,79
4803,74
4804,75
4805,223
4806,170
4807,209
4808,262
4809,148
4810,262
4811,246
4812,48
4813,93
4814,264
4815,79
4816,65
4817,238
4818,43
4819,161
4820,41
4821,162
4822,74
4823,140
4824,107
4825,234
4826,41
4827,249
4828,232
4829,141
4830,230
4831,142
4832,258
4833,246
4834,234
4835,145
4836,70
4837,229
4838,161
4839,132
4840,264
4841,170
4842,48
4843,229
4844,79
4845,236
4846,186
4847,100
4848,141
4849,164
4850,161
4851,146
4852,238
4853,263
4854,142
4855,48
4856,262
4857,144
4858,107
4859,143
4860,79
4861,243
4862,140
4863,13
4864,141
4865,142
4866,246
4867,41
4868,263
4869,162
4870,230
4871,234
4872,231
4873,107
4874,238
4875,230
4876,233
4877,162
4878,249
4879,262
4880,140
4881,163
4882,249
4883,262
4884,229
4885,179
4886,161
4887,263
4888,234
4889,48
4890,170
4891,234
4892,68
4893,261
4894,164
4895,148
4896,141
4897,233
4898,236
4899,142
4900,68
4901,238
4902,170
4903,237
4904,141
4905,143
4906,158
4907,249
4908,231
4909,75
4910,125
4911,79
4912,140
4913,107
4914,210
4915,239
4916,13
4917,243
4918,230
4919,229
4920,249
4921,239
4922,138
4923,236
4924,249
4925,162
4926,161
4927,263
4928,163
4929,230
4930,208
4931,238
4932,142
4933,224
4934,141
4935,186
4936,262
4937,13
4938,164
4939,75
4940,25
4941,74
4942,90
4943,48
4944,74
4945,68
4946,164
4947,233
4948,239
4949,74
4950,246
4951,263
4952,132
4953,166
4954,166
4955,181
4956,162
4957,33
4958,264
4959,140
4960,143
4961,43
4962,230
4963,48
4964,136
4965,90
4966,137
4967,161
4968,43
4969,4
4970,132
4971,107
4972,142
4973,164
4974,249
4975,65
4976,264
4977,163
4978,140
4979,158
4980,161
4981,33
4982,138
4983,161
4984,66
4985,48
4986,48
4987,113
4988,113
4989,229
4990,137
4991,87
4992,161
4993,211
4994,163
4995,230
4996,142
4997,164
4998,75
4999,186
5000,4
5001,107
5002,100
5003,79
5004,100
5005,161
5006,238
5007,10
5008,162
5009,158
5010,48
5011,74
5012,244
5013,226
5014,164
5015,229
5016,170
5017,48
5018,132
5019,263
5020,107
5021,163
5022,162
5023,237
5024,145
5025,75
5026,186
5027,249
5028,74
5029,142
5030,239
5031,162
5032,48
5033,43
5034,177
5035,162
5036,107
5037,236
5038,144
5039,48
5040,143
5041,229
5042,100
5043,142
5044,163
5045,162
5046,239
5047,230
5048,42
5049,82
5050,234
5051,238
5052,90
5053,234
5054,157
5055,65
5056,43
5057,234
5058,140
5059,234
5060,239
5061,48
5062,161
5063,7
5064,262
5065,264
5066,140
5067,143
5068,216
5069,144
5070,151
5071,142
5072,141
5073,142
5074,238
5075,249
5076,236
5077,263
5078,237
5079,170
5080,261
5081,246
5082,238
5083,132
5084,239
5085,262
5086,76
5087,229
5088,238
5089,237
5090,220
5091,65
5092,48
5093,89
5094,79
5095,211
5096,42
5097,230
5098,237
5099,209
5100,50
5101,45
5102,170
5103,161
5104,141
5105,48
5106,68
5107,164
5108,231
5109,237
5110,236
5111,141
5112,116
5113,24
5114,100
5115,246
5116,246
5117,148
5118,234
5119,229
5120,209
5121,236
5122,230
5123,141
5124,239
5125,164
5126,164
5127,43
5128,16
5129,236
5130,151
5131,50
5132,151
5133,211
5134,43
5135,125
5136,143
5137,41
5138,261
5139,132
5140,146
5141,236
5142,237
5143,43
5144,141
5145,137
5146,12
5147,238
5148,229
5149,79
5150,87
5151,1
5152,25
5153,237
5154,50
5155,186
5156,239
5157,68
5158,229
5159,142
5160,224
5161,79
5162,142
5163,237
5164,246
5165,107
5166,236
5167,48
5168,262
5169,246
5170,231
5171,250
5172,262
5173,238
5174,237
5175,162
5176,158
5177,237
5178,74
5179,79
5180,170
5181,90
5182,163
5183,231
5184,107
5185,163
5186,263
5187,140
5188,41
5189,238
5190,7
5191,140
5192,41
5193,238
5194,232
5195,158
5196,244
5197,230
5198,79
5199,231
5200,163
5201,236
5202,80
5203,236
5204,148
5205,50
5206,74
5207,239
5208,249
5209,186
5210,68
5211,43
5212,4
5213,230
5214,236
5215,237
5216,230
5217,263
5218,132
5219,249
5220,68
5221,148
5222,142
5223,48
5224,161
5225,50
5226,249
5227,262
5228,215
5229,97
5230,89
5231,263
5232,4
5233,140
5234,142
5235,236
5236,236
5237,107
5238,75
5239,140
5240,141
5241,140
5242,66
5243,163
5244,162
5245,170
5246,234
5247,33
5248,48
5249,163
5250,170
5251,264
5252,113
5253,161
5254,140
5255,113
5256,230
5257,68
5258,234
5259,151
5260,113
5261,7
5262,113
5263,170
5264,161
5265,170
5266,230
5267,162
5268,138
5269,144
5270,249
5271,170
5272,163
5273,68
5274,161
5275,237
5276,163
5277,246
5278,125
5279,249
5280,170
5281,263
5282,238
5283,161
5284,186
5285,161
5286,137
5287,236
5288,230
5289,137
5290,186
5291,230
5292,48
5293,262
5294,232
5295,161
5296,261
5297,113
5298,1
5299,148
5300,228
5301,263
5302,236
5303,142
5304,113
5305,107
5306,239
5307,239
5308,48
5309,138
5310,249
5311,263
5312,161
5313,238
5314,162
5315,237
5316,142
5317,236
5318,229
5319,238
5320,231
5321,164
5322,142
5323,236
5324,137
5325,166
5326,186
5327,75
5328,237
5329,132
5330,238
5331,236
5332,263
5333,142
5334,162
5335,107
5336,43
5337,65
5338,79
5339,263
5340,75
5341,100
5342,239
5343,166
5344,234
5345,211
5346,113
5347,79
5348,50
5349,170
5350,237
5351,170
5352,79
5353,162
5354,229
5355,170
5356,48
5357,144
5358,97
5359,237
5360,107
5361,193
5362,79
5363,148
5364,143
5365,162
5366,144
5367,42
5368,236
5369,186
5370,148
5371,152
5372,48
5373,151
5374,244
5375,137
5376,162
5377,262
5378,170
5379,234
5380,249
5381,7
5382,163
5383,143
5384,234
5385,161
5386,157
5387,236
5388,161
5389,75
5390,236
5391,170
5392,186
5393,233
5394,249
5395,45
5396,142
5397,239
5398,262
5399,236
5400,152
5401,186
5402,237
5403,205
5404,17
5405,107
5406,232
5407,234
5408,246
5409,88
5410,48
5411,231
5412,170
5413,237
5414,231
5415,107
5416,158
5417,236
5418,100
5419,186
5420,48
5421,79
5422,137
5423,237
5424,13
5425,238
5426,163
5427,68
5428,162
5429,100
5430,133
5431,193
5432,48
5433,129
5434,170
5435,132
5436,74
5437,113
5438,7
5439,170
5440,56
5441,143
5442,48
5443,140
5444,68
5445,234
5446,161
5447,263
5448,237
5449,116
5450,238
5451,238
5452,238
5453,79
5454,264
5455,230
5456,164
5457,233
5458,25
5459,68
5460,79
5461,113
5462,163
5463,229
5464,230
5465,68
5466,161
5467,13
5468,140
5469,162
5470,79
5471,238
5472,170
5473,167
5474,137
5475,158
5476,144
5477,161
5478,95
5479,163
5480,79
5481,124
5482,236
5483,141
5484,82
5485,263
5486,107
5487,158
5488,246
5489,137
5490,231
5491,164
5492,170
5493,195
5494,237
5495,151
5496,237
5497,146
5498,238
5499,141
5500,79
5501,43
5502,161
5503,230
5504,163
5505,138
5506,162
5507,141
5508,141
5509,163
5510,48
5511,142
5512,48
5513,229
5514,237
5515,141
5516,234
5517,163
5518,161
5519,1
5520,239
5521,142
5522,243
5523,97
5524,148
5525,142
5526,107
5527,100
5528,249
5529,4
5530,236
5531,236
5532,143
5533,236
5534,237
5535,7
5536,233
5537,231
5538,238
5539,161
5540,232
5541,263
5542,162
5543,141
5544,164
5545,48
5546,33
5547,138
5548,238
5549,143
5550,68
5551,234
5552,137
5553,93
5554,79
5555,137
5556,24
5557,211
5558,42
5559,236
5560,142
5561,234
5562,231
5563,100
5564,79
5565,226
5566,229
5567,163
5568,230
5569,161
5570,142
5571,113
5572,92
5573,237
5574,100
5575,107
5576,107
5577,75
5578,231
5579,52
5580,158
5581,163
5582,229
5583,141
5584,87
5585,164
5586,144
5587,7
5588,237
5589,234
5590,186
5591,142
5592,263
5593,107
5594,249
5595,170
5596,161
5597,238
5598,107
5599,249
5600,237
5601,161
5602,229
5603,230
5604,113
5605,164
5606,239
5607,143
5608,163
5609,75
5610,236
5611,113
5612,263
5613,141
5614,68
5615,144
5616,138
5617,114
5618,263
5619,163
5620,234
5621,249
5622,262
5623,230
5624,100
5625,229
5626,161
5627,234
5628,100
5629,236
5630,75
5631,107
5632,238
5633,114
5634,41
5635,238
5636,232
5637,74
5638,144
5639,90
5640,237
5641,138
5642,138
5643,114
5644,263
5645,162
5646,113
5647,229
5648,243
5649,262
5650,100
5651,263
5652,13
5653,263
5654,233
5655,151
5656,209
5657,211
5658,186
5659,141
5660,193
5661,236
5662,236
5663,90
5664,107
5665,151
5666,75
5667,211
5668,142
5669,229
5670,238
5671,229
5672,234
5673,145
5674,236
5675,88
5676,67
5677,48
5678,163
5679,230
5680,263
5681,231
5682,162
5683,261
5684,246
5685,236
5686,75
5687,170
5688,161
5689,164
5690,142
5691,249
5692,161
5693,137
5694,239
5695,145
5696,90
5697,186
5698,162
5699,161
5700,238
5701,161
5702,163
5703,237
5704,48
5705,209
5706,142
5707,114
5708,231
5709,170
5710,170
5711,238
5712,162
5713,170
5714,263
5715,142
5716,48
5717,151
5718,113
5719,75
5720,256
5721,100
5722,163
5723,138
5724,179
5725,137
5726,143
5727,24
5728,229
5729,246
5730,142
5731,246
5732,237
5733,148
5734,52
5735,179
5736,237
5737,141
5738,239
5739,113
5740,239
5741,142
5742,161
5743,234
5744,107
5745,151
5746,50
5747,97
5748,166
5749,163
5750,236
5751,48
5752,87
5753,4
5754,158
5755,186
5756,232
5757,239
5758,75
5759,138
5760,65
5761,186
5762,142
5763,107
5764,132
5765,161
5766,143
5767,48
5768,237
5769,263
5770,170
5771,158
5772,164
5773,246
5774,151
5775,236
5776,186
5777,140
5778,141
5779,229
5780,262
5781,236
5782,48
5783,142
5784,249
5785,237
5786,50
5787,143
5788,7
5789,161
5790,13
5791,160
5792,140
5793,43
5794,144
5795,234
5796,113
5797,230
5798,231
5799,261
5800,239
5801,262
5802,239
5803,143
5804,170
5805,263
5806,141
5807,42
5808,24
5809,166
5810,66
5811,230
5812,186
5813,54
5814,186
5815,137
5816,236
5817,100
5818,151
5819,48
5820,223
5821,137
5822,166
5823,233
5824,50
5825,138
5826,163
5827,230
5828,48
5829,161
5830,238
5831,263
5832,48
5833,232
5834,163
5835,163
5836,233
5837,230
5838,234
5839,231
5840,237
5841,141
5842,195
5843,43
5844,181
5845,170
5846,48
5847,230
5848,14
5849,114
5850,236
5851,164
5852,75
5853,142
5854,68
5855,163
5856,234
5857,24
5858,75
5859,263
5860,150
5861,170
5862,166
5863,141
5864,75
5865,125
5866,50
5867,114
5868,43
5869,162
5870,100
5871,162
5872,239
5873,113
5874,74
5875,161
5876,257
5877,186
5878,263
5879,142
5880,143
5881,237
5882,161
5883,234
5884,186
5885,132
5886,249
5887,48
5888,162
5889,237
5890,231
5891,43
5892,262
5893,170
5894,90
5895,88
5896,236
5897,232
5898,79
5899,113
5900,162
5901,138
5902,162
5903,142
5904,236
5905,148
5906,230
5907,244
5908,186
5909,142
5910,233
5911,246
5912,50
5913,162
5914,237
5915,87
5916,238
5917,166
5918,114
5919,114
5920,161
5921,234
5922,263
5923,142
5924,162
5925,151
5926,75
5927,164
5928,107
5929,61
5930,113
5931,7
5932,97
5933,238
5934,239
5935,234
5936,237
5937,224
5938,48
5939,113
5940,230
5941,239
5942,132
5943,143
5944,100
5945,237
5946,43
5947,161
5948,43
5949,237
5950,162
5951,236
5952,170
5953,88
5954,263
5955,141
5956,48
5957,107
5958,125
5959,262
5960,100
5961,229
5962,255
5963,141
5964,113
5965,246
5966,13
5967,230
5968,233
5969,162
5970,43
5971,163
5972,40
5973,166
5974,162
5975,142
5976,75
5977,48
5978,141
5979,230
5980,13
5981,113
5982,164
5983,43
5984,236
5985,90
5986,237
5987,186
5988,113
5989,224
5990,234
5991,236
5992,142
5993,170
5994,239
5995,74
5996,45
5997,246
5998,229
5999,186
6000,239
6001,48
6002,141
6003,140
6004,68
6005,79
6006,239
6007,152
6008,238
6009,162
6010,161
6011,13
6012,162
6013,113
6014,246
6015,143
6016,236
6017,142
6018,170
6019,87
6020,239
6021,238
6022,114
6023,164
6024,211
6025,237
6026,137
6027,75
6028,230
6029,65
6030,24
6031,236
6032,140
6033,129
6034,166
6035,141
6036,107
6037,161
6038,247
6039,233
6040,163
6041,239
6042,256
6043,17
6044,148
6045,43
6046,249
6047,234
6048,246
6049,237
6050,13
6051,141
6052,186
6053,170
6054,186
6055,239
6056,114
6057,138
6058,162
6059,170
6060,148
6061,237
6062,97
6063,239
6064,144
6065,261
6066,142
6067,75
6068,237
6069,234
6070,236
6071,170
6072,234
6073,141
6074,230
6075,129
6076,234
6077,129
6078,237
6079,239
6080,79
6081,186
6082,186
6083,87
6084,164
6085,48
6086,161
6087,249
6088,237
6089,4
6090,237
6091,234
6092,239
6093,249
6094,143
6095,66
6096,87
6097,162
6098,90
6099,79
6100,90
6101,236
6102,234
6103,236
6104,236
6105,225
6106,68
6107,238
6108,226
6109,186
6110,246
6111,163
6112,164
6113,142
6114,50
6115,249
6116,264
6117,237
6118,90
6119,163
6120,129
6121,233
6122,87
6123,48
6124,162
6125,231
6126,246
6127,140
6128,164
6129,50
6130,42
6131,234
6132,75
6133,237
6134,144
6135,228
6136,166
6137,230
6138,211
6139,161
6140,244
6141,140
6142,234
6143,120
6144,230
6145,236
6146,74
6147,141
6148,230
6149,43
6150,238
6151,230
6152,169
6153,132
6154,163
6155,68
6156,129
6157,264
6158,263
6159,161
6160,238
6161,170
6162,140
6163,68
6164,87
6165,181
6166,140
6167,229
6168,264
6169,43
6170,138
6171,166
6172,87
6173,48
6174,161
6175,239
6176,143
6177,14
6178,164
6179,140
6180,230
6181,170
6182,233
6183,68
6184,113
6185,90
6186,238
6187,68
6188,237
6189,162
6190,170
6191,238
6192,43
6193,236
6194,237
6195,13
6196,264
6197,33
6198,237
6199,25
6200,162
6201,137
6202,163
6203,249
6204,230
6205,162
6206,233
6207,48
6208,237
6209,114
6210,148
6211,164
6212,138
6213,151
6214,138
6215,142
6216,186
6217,151
6218,158
6219,236
6220,236
6221,249
6222,237
6223,142
6224,138
6225,48
6226,48
6227,43
6228,161
6229,236
6230,234
6231,113
6232,233
6233,164
6234,237
6235,162
6236,148
6237,40
6238,125
6239,140
6240,236
6241,41
6242,48
6243,140
6244,1
6245,231
6246,162
6247,142
6248,12
6249,42
6250,79
6251,50
6252,88
6253,236
6254,163
6255,140
6256,48
6257,262
6258,107
6259,4
6260,66
6261,87
6262,158
6263,166
6264,143
6265,186
6266,100
6267,137
6268,142
6269,75
6270,100
6271,113
6272,158
6273,68
6274,263
6275,68
6276,137
6277,233
6278,233
6279,48
6280,163
6281,262
6282,233
6283,7
6284,97
6285,161
6286,138
6287,236
6288,42
6289,170
6290,113
6291,162
6292,158
6293,13
6294,237
6295,236
6296,236
6297,68
6298,249
6299,230
6300,14
6301,234
6302,236
6303,236
6304,48
6305,164
6306,263
6307,186
6308,264
6309,239
6310,246
6311,231
6312,148
6313,68
6314,107
6315,236
6316,239
6317,231
6318,164
6319,7
6320,238
6321,237
6322,45
6323,261
6324,164
6325,142
6326,236
6327,50
6328,211
6329,140
6330,239
6331,13
6332,162
6333,45
6334,238
6335,162
6336,50
6337,169
6338,234
6339,234
6340,236
6341,161
6342,138
6343,141
6344,265
6345,234
6346,211
6347,113
6348,148
6349,229
6350,170
6351,114
6352,264
6353,263
6354,141
6355,246
6356,79
6357,265
6358,113
6359,239
6360,65
6361,186
6362,106
6363,107
6364,231
6365,88
6366,186
6367,164
6368,223
6369,236
6370,164
6371,263
6372,138
6373,1
6374,209
6375,249
6376,100
6377,116
6378,238
6379,48
6380,4
6381,239
6382,50
6383,48
6384,114
6385,68
6386,237
6387,100
6388,246
6389,239
6390,264
6391,107
6392,140
6393,234
6394,161
6395,249
6396,170
6397,236
6398,43
6399,223
6400,141
6401,229
6402,229
6403,114
6404,142
6405,75
6406,238
6407,164
6408,141
6409,143
6410,238
6411,263
6412,148
6413,50
6414,141
6415,114
6416,233
6417,146
6418,231
6419,263
6420,237
6421,170
